日期,t_dry,d,load
2025/1/1 0:00,-5.08,0.0016,0.0
2025/1/1 1:00,-5.19,0.00171,0.0
2025/1/1 2:00,-5.4,0.0017900000000000001,0.0
2025/1/1 3:00,-5.79,0.00183,0.0
2025/1/1 4:00,-6.29,0.00182,0.0
2025/1/1 5:00,-6.78,0.0017800000000000001,0.0
2025/1/1 6:00,-7.15,0.00172,0.0
2025/1/1 7:00,-7.3,0.00165,0.0
2025/1/1 8:00,-6.5,0.00165,0.0
2025/1/1 9:00,-4.49,0.00174,0.0
2025/1/1 10:00,-1.77,0.00186,0.0
2025/1/1 11:00,1.17,0.0019199999999999998,0.0
2025/1/1 12:00,3.87,0.00183,0.0
2025/1/1 13:00,5.84,0.00164,0.0
2025/1/1 14:00,6.6,0.00145,2968.66
2025/1/1 15:00,6.24,0.00141,192.28
2025/1/1 16:00,5.3,0.00151,340.21
2025/1/1 17:00,3.96,0.0016799999999999999,0.0
2025/1/1 18:00,2.44,0.00184,0.0
2025/1/1 19:00,0.92,0.00196,0.0
2025/1/1 20:00,-0.4,0.002,0.0
2025/1/1 21:00,-1.37,0.0020099999999999996,0.0
2025/1/1 22:00,-2.04,0.0020099999999999996,0.0
2025/1/1 23:00,-2.51,0.00202,0.0
2025/1/2 0:00,-2.88,0.0020299999999999997,0.0
2025/1/2 1:00,-3.24,0.0020499999999999997,0.0
2025/1/2 2:00,-3.7,0.00207,0.0
2025/1/2 3:00,-4.31,0.00209,0.0
2025/1/2 4:00,-5.0,0.0021000000000000003,0.0
2025/1/2 5:00,-5.64,0.0021000000000000003,0.0
2025/1/2 6:00,-6.12,0.0020800000000000003,0.0
2025/1/2 7:00,-6.3,0.0020499999999999997,0.0
2025/1/2 8:00,-5.6,0.00209,0.0
2025/1/2 9:00,-3.7,0.0022299999999999998,0.0
2025/1/2 10:00,-1.02,0.0024,0.0
2025/1/2 11:00,1.97,0.00248,0.0
2025/1/2 12:00,4.83,0.0023599999999999997,0.0
2025/1/2 13:00,7.09,0.0020800000000000003,0.0
2025/1/2 14:00,8.3,0.00177,628.32
2025/1/2 15:00,8.4,0.00161,281.34
2025/1/2 16:00,7.81,0.00166,0.0
2025/1/2 17:00,6.38,0.0017800000000000001,0.0
2025/1/2 18:00,4.63,0.0019199999999999998,0.0
2025/1/2 19:00,3.07,0.0020499999999999997,0.0
2025/1/2 20:00,2.2,0.0022299999999999998,0.0
2025/1/2 21:00,2.2,0.00246,0.0
2025/1/2 22:00,2.13,0.00261,0.0
2025/1/2 23:00,1.81,0.00264,0.0
2025/1/3 0:00,1.35,0.00256,0.0
2025/1/3 1:00,0.85,0.00244,0.0
2025/1/3 2:00,0.4,0.00228,0.0
2025/1/3 3:00,0.09,0.00211,0.0
2025/1/3 4:00,-0.11,0.0019,0.0
2025/1/3 5:00,-0.25,0.00171,0.0
2025/1/3 6:00,-0.38,0.0015,0.0
2025/1/3 7:00,-0.54,0.0012900000000000001,0.0
2025/1/3 8:00,-0.8,0.00108,0.0
2025/1/3 9:00,-1.18,0.00088,0.0
2025/1/3 10:00,-1.63,0.0007099999999999999,0.0
2025/1/3 11:00,-2.09,0.00057,286.12
2025/1/3 12:00,-2.5,0.00046,3408.85
2025/1/3 13:00,-2.79,0.00039,6905.72
2025/1/3 14:00,-2.9,0.00035,1895.63
2025/1/3 15:00,-3.16,0.00034,0.0
2025/1/3 16:00,-3.78,0.00033,0.0
2025/1/3 17:00,-4.54,0.00033,0.0
2025/1/3 18:00,-5.19,0.00033,0.0
2025/1/3 19:00,-5.5,0.00032,0.0
2025/1/3 20:00,-5.4,0.00031,0.0
2025/1/3 21:00,-5.31,0.00026000000000000003,0.0
2025/1/3 22:00,-5.36,0.0002,0.0
2025/1/3 23:00,-5.55,0.00013000000000000002,0.0
2025/1/4 0:00,-5.92,7.000000000000001e-05,0.0
2025/1/4 1:00,-6.46,5e-05,0.0
2025/1/4 2:00,-7.2,5.9999999999999995e-05,0.0
2025/1/4 3:00,-8.12,0.00011,0.0
2025/1/4 4:00,-9.1,0.00017999999999999998,0.0
2025/1/4 5:00,-10.0,0.00025,0.0
2025/1/4 6:00,-10.66,0.00031,0.0
2025/1/4 7:00,-10.94,0.00035,0.0
2025/1/4 8:00,-10.7,0.00039,0.0
2025/1/4 9:00,-9.84,0.0004,0.0
2025/1/4 10:00,-8.46,0.00039,0.0
2025/1/4 11:00,-6.72,0.00035999999999999997,372.59
2025/1/4 12:00,-4.8,0.00032,5234.59
2025/1/4 13:00,-2.84,0.00026000000000000003,13725.66
2025/1/4 14:00,-1.0,0.00023999999999999998,17727.96
2025/1/4 15:00,0.1,0.00028000000000000003,14906.06
2025/1/4 16:00,-0.14,0.00035,5465.38
2025/1/4 17:00,-0.75,0.00046,0.0
2025/1/4 18:00,-1.58,0.0005600000000000001,0.0
2025/1/4 19:00,-2.48,0.00064,0.0
2025/1/4 20:00,-3.3,0.00068,0.0
2025/1/4 21:00,-3.93,0.00068,0.0
2025/1/4 22:00,-4.4,0.00067,0.0
2025/1/4 23:00,-4.78,0.00065,0.0
2025/1/5 0:00,-5.14,0.00063,0.0
2025/1/5 1:00,-5.56,0.00063,0.0
2025/1/5 2:00,-6.1,0.00065,0.0
2025/1/5 3:00,-6.8,0.00069,0.0
2025/1/5 4:00,-7.57,0.00073,0.0
2025/1/5 5:00,-8.28,0.0007700000000000001,0.0
2025/1/5 6:00,-8.8,0.0008100000000000001,0.0
2025/1/5 7:00,-9.0,0.00083,0.0
2025/1/5 8:00,-8.2,0.00088,0.0
2025/1/5 9:00,-6.51,0.00093,0.0
2025/1/5 10:00,-4.38,0.00095,0.0
2025/1/5 11:00,-2.09,0.00091,481.19
2025/1/5 12:00,0.09,0.0008,6642.81
2025/1/5 13:00,1.88,0.0005899999999999999,122.0
2025/1/5 14:00,3.0,0.00037,6367.25
2025/1/5 15:00,3.32,0.00023999999999999998,11290.49
2025/1/5 16:00,3.3,0.0002,4894.46
2025/1/5 17:00,3.16,0.00023,0.0
2025/1/5 18:00,2.84,0.0003,0.0
2025/1/5 19:00,2.44,0.00038,0.0
2025/1/5 20:00,2.1,0.00044,0.0
2025/1/5 21:00,1.89,0.00046,0.0
2025/1/5 22:00,1.75,0.00046,0.0
2025/1/5 23:00,1.56,0.00045,0.0
2025/1/6 0:00,1.21,0.00044,0.0
2025/1/6 1:00,0.59,0.00046,0.0
2025/1/6 2:00,-0.4,0.0005,0.0
2025/1/6 3:00,-1.81,0.0005600000000000001,0.0
2025/1/6 4:00,-3.43,0.00062,0.0
2025/1/6 5:00,-4.94,0.00067,0.0
2025/1/6 6:00,-6.06,0.0007199999999999999,0.0
2025/1/6 7:00,-6.5,0.0007700000000000001,0.0
2025/1/6 8:00,-6.0,0.00085,0.0
2025/1/6 9:00,-4.87,0.00094,0.0
2025/1/6 10:00,-3.33,0.00103,0.0
2025/1/6 11:00,-1.48,0.00111,421.95
2025/1/6 12:00,0.55,0.0011899999999999999,7996.06
2025/1/6 13:00,2.65,0.00123,20442.28
2025/1/6 14:00,4.7,0.00126,19500.76
2025/1/6 15:00,6.0,0.00126,0.0
2025/1/6 16:00,5.61,0.00117,133.09
2025/1/6 17:00,4.62,0.00107,0.0
2025/1/6 18:00,3.27,0.00099,0.0
2025/1/6 19:00,1.82,0.00093,0.0
2025/1/6 20:00,0.5,0.0009,0.0
2025/1/6 21:00,-0.48,0.00088,0.0
2025/1/6 22:00,-1.18,0.0008900000000000001,0.0
2025/1/6 23:00,-1.7,0.00093,0.0
2025/1/7 0:00,-2.14,0.0009699999999999999,0.0
2025/1/7 1:00,-2.6,0.00101,0.0
2025/1/7 2:00,-3.2,0.00103,0.0
2025/1/7 3:00,-3.99,0.00103,0.0
2025/1/7 4:00,-4.86,0.00102,0.0
2025/1/7 5:00,-5.67,0.001,0.0
2025/1/7 6:00,-6.27,0.00098,0.0
2025/1/7 7:00,-6.5,0.0009599999999999999,0.0
2025/1/7 8:00,-3.6,0.00122,0.0
2025/1/7 9:00,-0.52,0.00151,0.0
2025/1/7 10:00,1.19,0.0016200000000000001,0.0
2025/1/7 11:00,1.94,0.00157,0.0
2025/1/7 12:00,2.14,0.00147,0.0
2025/1/7 13:00,2.19,0.00139,0.0
2025/1/7 14:00,2.5,0.0014,0.0
2025/1/7 15:00,3.0,0.00151,0.0
2025/1/7 16:00,2.82,0.00161,0.0
2025/1/7 17:00,2.34,0.00171,0.0
2025/1/7 18:00,1.65,0.0017900000000000001,0.0
2025/1/7 19:00,0.84,0.00182,0.0
2025/1/7 20:00,0.0,0.00181,0.0
2025/1/7 21:00,-0.8,0.00173,0.0
2025/1/7 22:00,-1.54,0.00165,0.0
2025/1/7 23:00,-2.22,0.00157,0.0
2025/1/8 0:00,-2.84,0.00151,0.0
2025/1/8 1:00,-3.4,0.00149,0.0
2025/1/8 2:00,-3.9,0.00151,0.0
2025/1/8 3:00,-4.33,0.00159,0.0
2025/1/8 4:00,-4.69,0.0016899999999999999,0.0
2025/1/8 5:00,-4.97,0.00181,0.0
2025/1/8 6:00,-5.14,0.0019199999999999998,0.0
2025/1/8 7:00,-5.2,0.00202,0.0
2025/1/8 8:00,-3.8,0.00232,0.0
2025/1/8 9:00,-1.85,0.0027,0.0
2025/1/8 10:00,-0.17,0.00297,0.0
2025/1/8 11:00,1.14,0.00311,0.0
2025/1/8 12:00,1.99,0.00309,0.0
2025/1/8 13:00,2.3,0.0029500000000000004,0.0
2025/1/8 14:00,1.8,0.00272,0.0
2025/1/8 15:00,0.89,0.00252,0.0
2025/1/8 16:00,-0.17,0.0023599999999999997,0.0
2025/1/8 17:00,-1.27,0.00225,0.0
2025/1/8 18:00,-2.32,0.00217,0.0
2025/1/8 19:00,-3.23,0.00213,0.0
2025/1/8 20:00,-3.9,0.00211,0.0
2025/1/8 21:00,-4.27,0.00212,0.0
2025/1/8 22:00,-4.4,0.00216,0.0
2025/1/8 23:00,-4.37,0.00221,0.0
2025/1/9 0:00,-4.29,0.00225,0.0
2025/1/9 1:00,-4.23,0.00229,0.0
2025/1/9 2:00,-4.3,0.0023,0.0
2025/1/9 3:00,-4.55,0.00227,0.0
2025/1/9 4:00,-4.91,0.00221,0.0
2025/1/9 5:00,-5.28,0.00213,0.0
2025/1/9 6:00,-5.58,0.00206,0.0
2025/1/9 7:00,-5.7,0.00199,0.0
2025/1/9 8:00,-2.5,0.00252,0.0
2025/1/9 9:00,0.84,0.00317,0.0
2025/1/9 10:00,2.58,0.0033599999999999997,0.0
2025/1/9 11:00,3.17,0.00325,0.0
2025/1/9 12:00,3.04,0.0030099999999999997,0.0
2025/1/9 13:00,2.63,0.00277,0.0
2025/1/9 14:00,2.4,0.00265,0.0
2025/1/9 15:00,2.5,0.00271,0.0
2025/1/9 16:00,2.21,0.00277,0.0
2025/1/9 17:00,1.47,0.00279,0.0
2025/1/9 18:00,0.48,0.00277,0.0
2025/1/9 19:00,-0.54,0.00268,0.0
2025/1/9 20:00,-1.4,0.0026,0.0
2025/1/9 21:00,-1.93,0.00254,0.0
2025/1/9 22:00,-2.18,0.0025,0.0
2025/1/9 23:00,-2.24,0.0024700000000000004,0.0
2025/1/10 0:00,-2.18,0.0024300000000000003,0.0
2025/1/10 1:00,-2.11,0.0024,0.0
2025/1/10 2:00,-2.1,0.00234,0.0
2025/1/10 3:00,-2.22,0.00227,0.0
2025/1/10 4:00,-2.4,0.00219,0.0
2025/1/10 5:00,-2.55,0.00211,0.0
2025/1/10 6:00,-2.58,0.00204,0.0
2025/1/10 7:00,-2.39,0.00198,0.0
2025/1/10 8:00,-1.9,0.0019399999999999999,0.0
2025/1/10 9:00,-1.06,0.00191,0.0
2025/1/10 10:00,-0.02,0.0018700000000000001,0.0
2025/1/10 11:00,1.02,0.00182,0.0
2025/1/10 12:00,1.86,0.00173,0.0
2025/1/10 13:00,2.3,0.00165,4.0
2025/1/10 14:00,2.1,0.00157,0.0
2025/1/10 15:00,1.02,0.00151,0.0
2025/1/10 16:00,-0.61,0.0014399999999999999,0.0
2025/1/10 17:00,-2.29,0.0014,0.0
2025/1/10 18:00,-3.52,0.0014199999999999998,0.0
2025/1/10 19:00,-3.8,0.0015400000000000001,0.0
2025/1/10 20:00,-3.1,0.0017800000000000001,0.0
2025/1/10 21:00,-2.79,0.0019399999999999999,0.0
2025/1/10 22:00,-3.1,0.00197,0.0
2025/1/10 23:00,-3.83,0.00191,0.0
2025/1/11 0:00,-4.79,0.0017900000000000001,0.0
2025/1/11 1:00,-5.81,0.00166,0.0
2025/1/11 2:00,-6.7,0.0015400000000000001,0.0
2025/1/11 3:00,-7.31,0.00147,0.0
2025/1/11 4:00,-7.67,0.0014299999999999998,0.0
2025/1/11 5:00,-7.84,0.0014,0.0
2025/1/11 6:00,-7.9,0.00138,0.0
2025/1/11 7:00,-7.9,0.00136,0.0
2025/1/11 8:00,-5.4,0.00165,0.0
2025/1/11 9:00,-2.83,0.00199,0.0
2025/1/11 10:00,-1.5,0.00214,0.0
2025/1/11 11:00,-0.98,0.00215,0.0
2025/1/11 12:00,-0.86,0.00209,0.0
2025/1/11 13:00,-0.71,0.00206,0.0
2025/1/11 14:00,-0.1,0.00214,0.0
2025/1/11 15:00,0.7,0.00232,0.0
2025/1/11 16:00,0.53,0.00234,0.0
2025/1/11 17:00,0.07,0.00233,0.0
2025/1/11 18:00,-0.55,0.00226,0.0
2025/1/11 19:00,-1.25,0.00219,0.0
2025/1/11 20:00,-1.9,0.0021000000000000003,0.0
2025/1/11 21:00,-2.43,0.002,0.0
2025/1/11 22:00,-2.84,0.00191,0.0
2025/1/11 23:00,-3.15,0.00182,0.0
2025/1/12 0:00,-3.38,0.00174,0.0
2025/1/12 1:00,-3.56,0.0016899999999999999,0.0
2025/1/12 2:00,-3.7,0.0016699999999999998,0.0
2025/1/12 3:00,-3.83,0.0016699999999999998,0.0
2025/1/12 4:00,-3.94,0.0017,0.0
2025/1/12 5:00,-4.02,0.00173,0.0
2025/1/12 6:00,-4.08,0.00177,0.0
2025/1/12 7:00,-4.1,0.0018,0.0
2025/1/12 8:00,-3.9,0.00183,0.0
2025/1/12 9:00,-3.52,0.00185,0.0
2025/1/12 10:00,-3.05,0.00186,0.0
2025/1/12 11:00,-2.51,0.00186,0.0
2025/1/12 12:00,-1.92,0.00186,0.0
2025/1/12 13:00,-1.31,0.0018700000000000001,0.0
2025/1/12 14:00,-0.7,0.0019,0.0
2025/1/12 15:00,-0.3,0.0019399999999999999,0.0
2025/1/12 16:00,-0.36,0.0019399999999999999,0.0
2025/1/12 17:00,-0.53,0.00196,0.0
2025/1/12 18:00,-0.78,0.00199,0.0
2025/1/12 19:00,-1.08,0.00204,0.0
2025/1/12 20:00,-1.4,0.00209,0.0
2025/1/12 21:00,-1.71,0.00215,0.0
2025/1/12 22:00,-2.01,0.0022,0.0
2025/1/12 23:00,-2.28,0.00225,0.0
2025/1/13 0:00,-2.53,0.00226,0.0
2025/1/13 1:00,-2.74,0.00226,0.0
2025/1/13 2:00,-2.9,0.00222,0.0
2025/1/13 3:00,-3.02,0.00214,0.0
2025/1/13 4:00,-3.12,0.00204,0.0
2025/1/13 5:00,-3.22,0.0019199999999999998,0.0
2025/1/13 6:00,-3.35,0.00182,0.0
2025/1/13 7:00,-3.53,0.00174,0.0
2025/1/13 8:00,-3.8,0.0017,0.0
2025/1/13 9:00,-4.15,0.00172,0.0
2025/1/13 10:00,-4.46,0.0017800000000000001,0.0
2025/1/13 11:00,-4.6,0.00189,0.0
2025/1/13 12:00,-4.37,0.0020800000000000003,0.0
2025/1/13 13:00,-3.81,0.00232,0.0
2025/1/13 14:00,-3.1,0.0025800000000000003,0.0
2025/1/13 15:00,-2.41,0.00281,0.0
2025/1/13 16:00,-1.84,0.00297,0.0
2025/1/13 17:00,-1.45,0.0030499999999999998,0.0
2025/1/13 18:00,-1.3,0.00302,0.0
2025/1/13 19:00,-1.95,0.00278,0.0
2025/1/13 20:00,-2.9,0.00248,0.0
2025/1/13 21:00,-3.06,0.0023599999999999997,0.0
2025/1/13 22:00,-3.0,0.00227,0.0
2025/1/13 23:00,-3.46,0.0021000000000000003,0.0
2025/1/14 0:00,-4.28,0.0018700000000000001,0.0
2025/1/14 1:00,-5.05,0.0016799999999999999,0.0
2025/1/14 2:00,-5.4,0.00157,0.0
2025/1/14 3:00,-5.47,0.00152,0.0
2025/1/14 4:00,-5.64,0.00146,0.0
2025/1/14 5:00,-5.88,0.0014199999999999998,0.0
2025/1/14 6:00,-6.15,0.00138,0.0
2025/1/14 7:00,-6.4,0.00136,0.0
2025/1/14 8:00,-6.6,0.00135,0.0
2025/1/14 9:00,-6.72,0.00138,0.0
2025/1/14 10:00,-6.77,0.00141,0.0
2025/1/14 11:00,-6.79,0.00146,0.0
2025/1/14 12:00,-6.8,0.00152,0.0
2025/1/14 13:00,-6.82,0.00157,0.0
2025/1/14 14:00,-6.9,0.00161,0.0
2025/1/14 15:00,-7.04,0.00163,0.0
2025/1/14 16:00,-7.24,0.00164,0.0
2025/1/14 17:00,-7.47,0.00164,0.0
2025/1/14 18:00,-7.7,0.0016200000000000001,0.0
2025/1/14 19:00,-7.92,0.00161,0.0
2025/1/14 20:00,-8.1,0.0016,0.0
2025/1/14 21:00,-8.23,0.00159,0.0
2025/1/14 22:00,-8.31,0.00158,0.0
2025/1/14 23:00,-8.38,0.00157,0.0
2025/1/15 0:00,-8.45,0.00157,0.0
2025/1/15 1:00,-8.55,0.0015400000000000001,0.0
2025/1/15 2:00,-8.7,0.00151,0.0
2025/1/15 3:00,-8.91,0.00146,0.0
2025/1/15 4:00,-9.15,0.0014,0.0
2025/1/15 5:00,-9.37,0.00134,0.0
2025/1/15 6:00,-9.54,0.00127,0.0
2025/1/15 7:00,-9.6,0.00121,0.0
2025/1/15 8:00,-8.4,0.00126,0.0
2025/1/15 9:00,-7.09,0.0013,0.0
2025/1/15 10:00,-6.31,0.00126,0.0
2025/1/15 11:00,-5.93,0.00117,0.0
2025/1/15 12:00,-5.81,0.00108,0.0
2025/1/15 13:00,-5.8,0.00101,0.0
2025/1/15 14:00,-5.9,0.001,0.0
2025/1/15 15:00,-6.2,0.00102,0.0
2025/1/15 16:00,-6.64,0.00108,0.0
2025/1/15 17:00,-7.16,0.00115,0.0
2025/1/15 18:00,-7.69,0.0012,0.0
2025/1/15 19:00,-8.16,0.00124,0.0
2025/1/15 20:00,-8.5,0.00125,0.0
2025/1/15 21:00,-8.67,0.00122,0.0
2025/1/15 22:00,-8.72,0.00117,0.0
2025/1/15 23:00,-8.7,0.0011,0.0
2025/1/16 0:00,-8.68,0.00102,0.0
2025/1/16 1:00,-8.73,0.00095,0.0
2025/1/16 2:00,-8.9,0.0008900000000000001,0.0
2025/1/16 3:00,-9.24,0.00085,0.0
2025/1/16 4:00,-9.66,0.0008399999999999999,0.0
2025/1/16 5:00,-10.09,0.0008399999999999999,0.0
2025/1/16 6:00,-10.4,0.00085,0.0
2025/1/16 7:00,-10.5,0.00087,0.0
2025/1/16 8:00,-10.3,0.00091,0.0
2025/1/16 9:00,-9.73,0.00095,0.0
2025/1/16 10:00,-8.92,0.001,0.0
2025/1/16 11:00,-8.01,0.0010400000000000001,0.0
2025/1/16 12:00,-7.16,0.00106,0.0
2025/1/16 13:00,-6.54,0.00106,0.0
2025/1/16 14:00,-6.3,0.00103,0.0
2025/1/16 15:00,-6.27,0.00098,0.0
2025/1/16 16:00,-6.2,0.0009599999999999999,0.0
2025/1/16 17:00,-6.14,0.0009599999999999999,0.0
2025/1/16 18:00,-6.12,0.00098,0.0
2025/1/16 19:00,-6.2,0.00102,0.0
2025/1/16 20:00,-6.4,0.00108,0.0
2025/1/16 21:00,-6.76,0.00116,0.0
2025/1/16 22:00,-7.24,0.00124,0.0
2025/1/16 23:00,-7.79,0.0012900000000000001,0.0
2025/1/17 0:00,-8.37,0.00131,0.0
2025/1/17 1:00,-8.92,0.0012900000000000001,0.0
2025/1/17 2:00,-9.4,0.00123,0.0
2025/1/17 3:00,-9.77,0.0011200000000000001,0.0
2025/1/17 4:00,-10.02,0.00098,0.0
2025/1/17 5:00,-10.19,0.00082,0.0
2025/1/17 6:00,-10.27,0.00067,0.0
2025/1/17 7:00,-10.3,0.00053,0.0
2025/1/17 8:00,-9.8,0.00043,0.0
2025/1/17 9:00,-9.23,0.00038,0.0
2025/1/17 10:00,-8.83,0.00035,0.0
2025/1/17 11:00,-8.51,0.00035,73.11
2025/1/17 12:00,-8.19,0.00037,1520.56
2025/1/17 13:00,-7.78,0.0004,4383.88
2025/1/17 14:00,-7.2,0.00041999999999999996,3969.22
2025/1/17 15:00,-6.48,0.00044,987.52
2025/1/17 16:00,-6.1,0.00043,811.22
2025/1/17 17:00,-6.41,0.00038,0.0
2025/1/17 18:00,-7.18,0.00033,0.0
2025/1/17 19:00,-8.19,0.00029,0.0
2025/1/17 20:00,-9.2,0.00027,0.0
2025/1/17 21:00,-10.03,0.00027,0.0
2025/1/17 22:00,-10.68,0.00029,0.0
2025/1/17 23:00,-11.17,0.00032,0.0
2025/1/18 0:00,-11.53,0.00035,0.0
2025/1/18 1:00,-11.79,0.00038,0.0
2025/1/18 2:00,-12.0,0.00041,0.0
2025/1/18 3:00,-12.17,0.00041999999999999996,0.0
2025/1/18 4:00,-12.31,0.00041999999999999996,0.0
2025/1/18 5:00,-12.41,0.00041,0.0
2025/1/18 6:00,-12.48,0.00039,0.0
2025/1/18 7:00,-12.5,0.00037,0.0
2025/1/18 8:00,-12.4,0.00034,0.0
2025/1/18 9:00,-11.98,0.00032,0.0
2025/1/18 10:00,-11.3,0.00029,0.0
2025/1/18 11:00,-10.46,0.00026000000000000003,37.08
2025/1/18 12:00,-9.57,0.00023,1385.54
2025/1/18 13:00,-8.75,0.00020999999999999998,4579.78
2025/1/18 14:00,-8.1,0.00019,4381.91
2025/1/18 15:00,-7.72,0.00017999999999999998,1061.29
2025/1/18 16:00,-7.6,0.00017999999999999998,616.49
2025/1/18 17:00,-7.66,0.00019,0.0
2025/1/18 18:00,-7.8,0.00020999999999999998,0.0
2025/1/18 19:00,-7.93,0.00023,0.0
2025/1/18 20:00,-8.0,0.00023999999999999998,0.0
2025/1/18 21:00,-7.95,0.00026000000000000003,0.0
2025/1/18 22:00,-7.87,0.00027,0.0
2025/1/18 23:00,-7.84,0.00028000000000000003,0.0
2025/1/19 0:00,-7.97,0.0003,0.0
2025/1/19 1:00,-8.35,0.00032,0.0
2025/1/19 2:00,-9.1,0.00034,0.0
2025/1/19 3:00,-10.24,0.00035999999999999997,0.0
2025/1/19 4:00,-11.58,0.00037,0.0
2025/1/19 5:00,-12.86,0.00038,0.0
2025/1/19 6:00,-13.82,0.00037,0.0
2025/1/19 7:00,-14.2,0.00037,0.0
2025/1/19 8:00,-13.4,0.00038,0.0
2025/1/19 9:00,-11.84,0.00039,0.0
2025/1/19 10:00,-9.96,0.00037,0.0
2025/1/19 11:00,-7.98,0.00032,279.3
2025/1/19 12:00,-6.12,0.00025,4016.38
2025/1/19 13:00,-4.59,0.00017999999999999998,10722.3
2025/1/19 14:00,-3.6,0.00016,12092.03
2025/1/19 15:00,-3.3,0.00023999999999999998,6691.51
2025/1/19 16:00,-3.48,0.00038,2768.39
2025/1/19 17:00,-4.0,0.00055,0.0
2025/1/19 18:00,-4.84,0.00069,0.0
2025/1/19 19:00,-5.98,0.00076,0.0
2025/1/19 20:00,-7.4,0.00075,0.0
2025/1/19 21:00,-9.0,0.00067,0.0
2025/1/19 22:00,-10.34,0.00057,0.0
2025/1/19 23:00,-10.9,0.0005,0.0
2025/1/20 0:00,-9.74,0.00047999999999999996,0.0
2025/1/20 1:00,-7.2,0.0005200000000000001,0.0
2025/1/20 2:00,-4.7,0.00055,0.0
2025/1/20 3:00,-3.35,0.0005600000000000001,0.0
2025/1/20 4:00,-3.09,0.00055,0.0
2025/1/20 5:00,-3.58,0.00053,0.0
2025/1/20 6:00,-4.44,0.0005,0.0
2025/1/20 7:00,-5.33,0.00046,0.0
2025/1/20 8:00,-5.9,0.00043,0.0
2025/1/20 9:00,-5.87,0.0004,0.0
2025/1/20 10:00,-5.33,0.00037,0.0
2025/1/20 11:00,-4.43,0.00035,594.01
2025/1/20 12:00,-3.36,0.00031,6744.69
2025/1/20 13:00,-2.26,0.00029,14960.17
2025/1/20 14:00,-1.3,0.00027,16381.53
2025/1/20 15:00,-0.8,0.00027,10349.92
2025/1/20 16:00,-0.97,0.00029,0.0
2025/1/20 17:00,-1.41,0.00032,0.0
2025/1/20 18:00,-2.02,0.00037,0.0
2025/1/20 19:00,-2.72,0.00041999999999999996,0.0
2025/1/20 20:00,-3.4,0.00047999999999999996,0.0
2025/1/20 21:00,-4.0,0.00054,0.0
2025/1/20 22:00,-4.53,0.0006,0.0
2025/1/20 23:00,-5.04,0.00065,0.0
2025/1/21 0:00,-5.57,0.0007,0.0
2025/1/21 1:00,-6.18,0.00074,0.0
2025/1/21 2:00,-6.9,0.0007700000000000001,0.0
2025/1/21 3:00,-7.75,0.00078,0.0
2025/1/21 4:00,-8.63,0.0007700000000000001,0.0
2025/1/21 5:00,-9.42,0.00075,0.0
2025/1/21 6:00,-9.98,0.0007199999999999999,0.0
2025/1/21 7:00,-10.2,0.00069,0.0
2025/1/21 8:00,-8.8,0.00074,0.0
2025/1/21 9:00,-6.73,0.00079,0.0
2025/1/21 10:00,-4.77,0.00079,0.0
2025/1/21 11:00,-2.96,0.00074,435.23
2025/1/21 12:00,-1.39,0.00066,4415.75
2025/1/21 13:00,-0.11,0.00058,12607.6
2025/1/21 14:00,0.8,0.0005600000000000001,15327.84
2025/1/21 15:00,1.2,0.00063,9748.0
2025/1/21 16:00,0.78,0.00075,5934.37
2025/1/21 17:00,-0.26,0.00087,0.0
2025/1/21 18:00,-1.56,0.0009599999999999999,0.0
2025/1/21 19:00,-2.79,0.001,0.0
2025/1/21 20:00,-3.6,0.00102,0.0
2025/1/21 21:00,-3.74,0.00103,0.0
2025/1/21 22:00,-3.37,0.00102,0.0
2025/1/21 23:00,-2.73,0.001,0.0
2025/1/22 0:00,-2.09,0.00095,0.0
2025/1/22 1:00,-1.7,0.00087,0.0
2025/1/22 2:00,-1.8,0.0007700000000000001,0.0
2025/1/22 3:00,-2.56,0.00066,0.0
2025/1/22 4:00,-3.74,0.00057,0.0
2025/1/22 5:00,-4.99,0.0005,0.0
2025/1/22 6:00,-5.99,0.00046,0.0
2025/1/22 7:00,-6.4,0.00043,0.0
2025/1/22 8:00,-3.8,0.00051,0.0
2025/1/22 9:00,-1.19,0.0005899999999999999,0.0
2025/1/22 10:00,0.04,0.00058,18.0
2025/1/22 11:00,0.31,0.0005200000000000001,4154.43
2025/1/22 12:00,0.05,0.00044,16231.5
2025/1/22 13:00,-0.33,0.00037,24559.05
2025/1/22 14:00,-0.4,0.00035999999999999997,23934.87
2025/1/22 15:00,0.06,0.00041,16866.93
2025/1/22 16:00,0.4,0.00047999999999999996,12325.34
2025/1/22 17:00,0.14,0.00055,0.0
2025/1/22 18:00,-0.44,0.0006,0.0
2025/1/22 19:00,-1.05,0.00064,0.0
2025/1/22 20:00,-1.4,0.00066,0.0
2025/1/22 21:00,-1.4,0.00067,0.0
2025/1/22 22:00,-1.56,0.00065,0.0
2025/1/22 23:00,-2.0,0.0006,0.0
2025/1/23 0:00,-2.66,0.00053,0.0
2025/1/23 1:00,-3.51,0.00046,0.0
2025/1/23 2:00,-4.5,0.00041,0.0
2025/1/23 3:00,-5.58,0.00035999999999999997,0.0
2025/1/23 4:00,-6.68,0.00033,0.0
2025/1/23 5:00,-7.69,0.00031,0.0
2025/1/23 6:00,-8.52,0.00029,0.0
2025/1/23 7:00,-9.09,0.00028000000000000003,0.0
2025/1/23 8:00,-9.3,0.00027,0.0
2025/1/23 9:00,-9.5,0.00025,0.0
2025/1/23 10:00,-9.2,0.00023999999999999998,0.0
2025/1/23 11:00,-8.32,0.00023999999999999998,486.08
2025/1/23 12:00,-7.13,0.00023999999999999998,5552.43
2025/1/23 13:00,-5.9,0.00025,13131.39
2025/1/23 14:00,-4.9,0.00027,13933.74
2025/1/23 15:00,-4.35,0.00029,7758.71
2025/1/23 16:00,-4.22,0.00033,3617.06
2025/1/23 17:00,-4.43,0.00037,0.0
2025/1/23 18:00,-4.89,0.00041,0.0
2025/1/23 19:00,-5.51,0.00044,0.0
2025/1/23 20:00,-6.2,0.00047999999999999996,0.0
2025/1/23 21:00,-6.9,0.0005200000000000001,0.0
2025/1/23 22:00,-7.56,0.00055,0.0
2025/1/23 23:00,-8.18,0.00057,0.0
2025/1/24 0:00,-8.74,0.00058,0.0
2025/1/24 1:00,-9.22,0.00058,0.0
2025/1/24 2:00,-9.6,0.00057,0.0
2025/1/24 3:00,-9.87,0.00054,0.0
2025/1/24 4:00,-10.04,0.00051,0.0
2025/1/24 5:00,-10.14,0.00047,0.0
2025/1/24 6:00,-10.19,0.00041999999999999996,0.0
2025/1/24 7:00,-10.2,0.00038,0.0
2025/1/24 8:00,-8.0,0.00041,0.0
2025/1/24 9:00,-5.55,0.00046,0.0
2025/1/24 10:00,-3.98,0.00047999999999999996,0.0
2025/1/24 11:00,-3.0,0.0005,1146.63
2025/1/24 12:00,-2.3,0.00051,10224.65
2025/1/24 13:00,-1.57,0.00055,19273.19
2025/1/24 14:00,-0.5,0.00064,20542.38
2025/1/24 15:00,0.5,0.00076,77.97
2025/1/24 16:00,0.19,0.00082,2842.57
2025/1/24 17:00,-0.63,0.00085,0.0
2025/1/24 18:00,-1.76,0.00086,0.0
2025/1/24 19:00,-3.01,0.00085,0.0
2025/1/24 20:00,-4.2,0.00083,0.0
2025/1/24 21:00,-5.17,0.00082,0.0
2025/1/24 22:00,-5.96,0.0008100000000000001,0.0
2025/1/24 23:00,-6.62,0.0008,0.0
2025/1/25 0:00,-7.22,0.0008100000000000001,0.0
2025/1/25 1:00,-7.83,0.00082,0.0
2025/1/25 2:00,-8.5,0.00083,0.0
2025/1/25 3:00,-9.28,0.0008399999999999999,0.0
2025/1/25 4:00,-10.08,0.0008399999999999999,0.0
2025/1/25 5:00,-10.8,0.0008399999999999999,0.0
2025/1/25 6:00,-11.31,0.00083,0.0
2025/1/25 7:00,-11.5,0.0008100000000000001,0.0
2025/1/25 8:00,-11.3,0.00079,0.0
2025/1/25 9:00,-10.1,0.00078,0.0
2025/1/25 10:00,-7.97,0.00078,0.0
2025/1/25 11:00,-5.24,0.00076,0.0
2025/1/25 12:00,-2.26,0.00069,3456.56
2025/1/25 13:00,0.63,0.00057,304.36
2025/1/25 14:00,3.1,0.00041999999999999996,12026.56
2025/1/25 15:00,4.4,0.00035999999999999997,21276.11
2025/1/25 16:00,3.96,0.0004,15659.37
2025/1/25 17:00,2.83,0.00053,0.0
2025/1/25 18:00,1.29,0.00068,0.0
2025/1/25 19:00,-0.38,0.0008,0.0
2025/1/25 20:00,-1.9,0.0008900000000000001,0.0
2025/1/25 21:00,-3.05,0.0009599999999999999,0.0
2025/1/25 22:00,-3.87,0.00102,0.0
2025/1/25 23:00,-4.48,0.00107,0.0
2025/1/26 0:00,-4.98,0.0011200000000000001,0.0
2025/1/26 1:00,-5.48,0.00114,0.0
2025/1/26 2:00,-6.1,0.00113,0.0
2025/1/26 3:00,-6.9,0.0011,0.0
2025/1/26 4:00,-7.77,0.0010500000000000002,0.0
2025/1/26 5:00,-8.58,0.00098,0.0
2025/1/26 6:00,-9.17,0.00093,0.0
2025/1/26 7:00,-9.4,0.00088,0.0
2025/1/26 8:00,-7.5,0.00099,0.0
2025/1/26 9:00,-5.1,0.00111,0.0
2025/1/26 10:00,-3.2,0.00116,0.0
2025/1/26 11:00,-1.7,0.00115,0.0
2025/1/26 12:00,-0.48,0.00111,0.0
2025/1/26 13:00,0.58,0.0011,154.49
2025/1/26 14:00,1.6,0.00114,0.0
2025/1/26 15:00,2.3,0.00126,0.0
2025/1/26 16:00,1.79,0.0013700000000000001,0.0
2025/1/26 17:00,0.5,0.0014399999999999999,0.0
2025/1/26 18:00,-1.25,0.0014299999999999998,0.0
2025/1/26 19:00,-3.09,0.00139,0.0
2025/1/26 20:00,-4.7,0.00133,0.0
2025/1/26 21:00,-5.8,0.0012900000000000001,0.0
2025/1/26 22:00,-6.45,0.00127,0.0
2025/1/26 23:00,-6.77,0.00127,0.0
2025/1/27 0:00,-6.88,0.00127,0.0
2025/1/27 1:00,-6.92,0.00128,0.0
2025/1/27 2:00,-7.0,0.0012900000000000001,0.0
2025/1/27 3:00,-7.22,0.00128,0.0
2025/1/27 4:00,-7.53,0.00126,0.0
2025/1/27 5:00,-7.85,0.00123,0.0
2025/1/27 6:00,-8.1,0.0011899999999999999,0.0
2025/1/27 7:00,-8.2,0.00114,0.0
2025/1/27 8:00,-6.6,0.00123,0.0
2025/1/27 9:00,-4.55,0.00131,0.0
2025/1/27 10:00,-2.9,0.0012900000000000001,0.0
2025/1/27 11:00,-1.6,0.0011899999999999999,0.0
2025/1/27 12:00,-0.58,0.0010500000000000002,2402.95
2025/1/27 13:00,0.23,0.00093,441.74
2025/1/27 14:00,0.9,0.00088,0.0
2025/1/27 15:00,1.3,0.00094,0.0
2025/1/27 16:00,1.03,0.00106,0.0
2025/1/27 17:00,0.32,0.00122,0.0
2025/1/27 18:00,-0.66,0.00133,0.0
2025/1/27 19:00,-1.75,0.00141,0.0
2025/1/27 20:00,-2.8,0.0014399999999999999,0.0
2025/1/27 21:00,-3.67,0.0014199999999999998,0.0
2025/1/27 22:00,-4.36,0.0013700000000000001,0.0
2025/1/27 23:00,-4.91,0.0013,0.0
2025/1/28 0:00,-5.34,0.00121,0.0
2025/1/28 1:00,-5.7,0.0011200000000000001,0.0
2025/1/28 2:00,-6.0,0.00102,0.0
2025/1/28 3:00,-6.28,0.00092,0.0
2025/1/28 4:00,-6.53,0.0008100000000000001,0.0
2025/1/28 5:00,-6.72,0.0007099999999999999,0.0
2025/1/28 6:00,-6.85,0.00062,0.0
2025/1/28 7:00,-6.9,0.00054,0.0
2025/1/28 8:00,-5.0,0.0005600000000000001,0.0
2025/1/28 9:00,-2.95,0.00058,0.0
2025/1/28 10:00,-1.72,0.00058,0.0
2025/1/28 11:00,-0.97,0.0005600000000000001,2362.94
2025/1/28 12:00,-0.39,0.00055,12919.5
2025/1/28 13:00,0.36,0.00057,22657.36
2025/1/28 14:00,1.6,0.00063,24307.41
2025/1/28 15:00,2.8,0.0007,20173.59
2025/1/28 16:00,2.41,0.0007199999999999999,14780.15
2025/1/28 17:00,1.42,0.0007199999999999999,0.0
2025/1/28 18:00,0.11,0.0007099999999999999,0.0
2025/1/28 19:00,-1.25,0.00068,0.0
2025/1/28 20:00,-2.4,0.00066,0.0
2025/1/28 21:00,-3.13,0.00067,0.0
2025/1/28 22:00,-3.53,0.0007,0.0
2025/1/28 23:00,-3.79,0.00075,0.0
2025/1/29 0:00,-4.05,0.00082,0.0
2025/1/29 1:00,-4.5,0.0008900000000000001,0.0
2025/1/29 2:00,-5.3,0.00095,0.0
2025/1/29 3:00,-6.54,0.00099,0.0
2025/1/29 4:00,-8.01,0.001,0.0
2025/1/29 5:00,-9.42,0.00099,0.0
2025/1/29 6:00,-10.48,0.0009699999999999999,0.0
2025/1/29 7:00,-10.9,0.0009699999999999999,0.0
2025/1/29 8:00,-9.8,0.00106,0.0
2025/1/29 9:00,-7.94,0.00116,0.0
2025/1/29 10:00,-5.9,0.00121,0.0
2025/1/29 11:00,-3.79,0.0012,0.0
2025/1/29 12:00,-1.73,0.00114,0.0
2025/1/29 13:00,0.17,0.0010500000000000002,533.9
2025/1/29 14:00,1.8,0.00098,908.99
2025/1/29 15:00,2.7,0.00101,165.96
2025/1/29 16:00,2.35,0.00109,0.0
2025/1/29 17:00,1.42,0.00121,0.0
2025/1/29 18:00,0.05,0.00131,0.0
2025/1/29 19:00,-1.61,0.00131,0.0
2025/1/29 20:00,-3.4,0.00126,0.0
2025/1/29 21:00,-5.05,0.00116,0.0
2025/1/29 22:00,-5.8,0.0011,0.0
2025/1/29 23:00,-5.48,0.0011200000000000001,0.0
2025/1/30 0:00,-4.73,0.00116,0.0
2025/1/30 1:00,-3.8,0.0011899999999999999,0.0
2025/1/30 2:00,-3.0,0.00121,0.0
2025/1/30 3:00,-2.52,0.0012,0.0
2025/1/30 4:00,-2.27,0.00117,0.0
2025/1/30 5:00,-2.09,0.00113,0.0
2025/1/30 6:00,-1.79,0.00109,0.0
2025/1/30 7:00,-1.22,0.00107,0.0
2025/1/30 8:00,-0.2,0.00106,0.0
2025/1/30 9:00,1.35,0.00106,0.0
2025/1/30 10:00,3.16,0.0010500000000000002,0.0
2025/1/30 11:00,4.89,0.00101,4049.95
2025/1/30 12:00,6.19,0.0009599999999999999,15759.39
2025/1/30 13:00,6.7,0.0009,27900.7
2025/1/30 14:00,5.9,0.00085,28115.83
2025/1/30 15:00,4.64,0.00087,21445.74
2025/1/30 16:00,3.36,0.00094,13470.48
2025/1/30 17:00,2.14,0.0010400000000000001,0.0
2025/1/30 18:00,1.03,0.00114,0.0
2025/1/30 19:00,0.13,0.00123,0.0
2025/1/30 20:00,-0.5,0.00128,0.0
2025/1/30 21:00,-0.82,0.00134,0.0
2025/1/30 22:00,-0.95,0.00139,0.0
2025/1/30 23:00,-1.02,0.0014399999999999999,0.0
2025/1/31 0:00,-1.19,0.00148,0.0
2025/1/31 1:00,-1.6,0.00151,0.0
2025/1/31 2:00,-2.4,0.00151,0.0
2025/1/31 3:00,-3.66,0.00149,0.0
2025/1/31 4:00,-5.16,0.0014399999999999999,0.0
2025/1/31 5:00,-6.59,0.00138,0.0
2025/1/31 6:00,-7.67,0.00133,0.0
2025/1/31 7:00,-8.1,0.00133,0.0
2025/1/31 8:00,-6.2,0.00156,0.0
2025/1/31 9:00,-3.76,0.00182,0.0
2025/1/31 10:00,-1.82,0.00196,0.0
2025/1/31 11:00,-0.32,0.00197,0.0
2025/1/31 12:00,0.81,0.00189,180.65
2025/1/31 13:00,1.63,0.00175,1049.59
2025/1/31 14:00,2.2,0.00166,376.14
2025/1/31 15:00,2.57,0.0016699999999999998,0.0
2025/1/31 16:00,2.7,0.00176,0.0
2025/1/31 17:00,2.34,0.00185,0.0
2025/1/31 18:00,1.47,0.00188,0.0
2025/1/31 19:00,0.36,0.00185,0.0
2025/1/31 20:00,-0.7,0.00174,0.0
2025/1/31 21:00,-1.54,0.00161,0.0
2025/1/31 22:00,-2.5,0.0014199999999999998,0.0
2025/1/31 23:00,-3.91,0.0011799999999999998,0.0
2025/2/1 0:00,-5.64,0.00095,0.0
2025/2/1 1:00,-7.42,0.00076,0.0
2025/2/1 2:00,-9.0,0.00063,0.0
2025/2/1 3:00,-10.17,0.00057,0.0
2025/2/1 4:00,-10.94,0.0005600000000000001,0.0
2025/2/1 5:00,-11.38,0.0005600000000000001,0.0
2025/2/1 6:00,-11.54,0.00057,0.0
2025/2/1 7:00,-11.5,0.0005899999999999999,0.0
2025/2/1 8:00,-11.2,0.0005899999999999999,0.0
2025/2/1 9:00,-10.29,0.0006,0.0
2025/2/1 10:00,-8.88,0.0006,0.0
2025/2/1 11:00,-7.22,0.0005899999999999999,0.0
2025/2/1 12:00,-5.57,0.00057,0.0
2025/2/1 13:00,-4.18,0.00054,0.0
2025/2/1 14:00,-3.3,0.00053,1165.48
2025/2/1 15:00,-3.11,0.0005600000000000001,0.0
2025/2/1 16:00,-3.5,0.00062,0.0
2025/2/1 17:00,-4.29,0.0007,0.0
2025/2/1 18:00,-5.29,0.0007700000000000001,0.0
2025/2/1 19:00,-6.32,0.00083,0.0
2025/2/1 20:00,-7.2,0.00088,0.0
2025/2/1 21:00,-7.79,0.00093,0.0
2025/2/1 22:00,-8.14,0.00098,0.0
2025/2/1 23:00,-8.37,0.00102,0.0
2025/2/2 0:00,-8.59,0.0010500000000000002,0.0
2025/2/2 1:00,-8.9,0.00107,0.0
2025/2/2 2:00,-9.4,0.0010500000000000002,0.0
2025/2/2 3:00,-10.16,0.001,0.0
2025/2/2 4:00,-11.06,0.00093,0.0
2025/2/2 5:00,-11.91,0.00086,0.0
2025/2/2 6:00,-12.55,0.00079,0.0
2025/2/2 7:00,-12.8,0.00073,0.0
2025/2/2 8:00,-11.9,0.00073,0.0
2025/2/2 9:00,-10.18,0.00075,0.0
2025/2/2 10:00,-8.12,0.00075,0.0
2025/2/2 11:00,-5.9,0.00073,0.0
2025/2/2 12:00,-3.7,0.00066,1390.06
2025/2/2 13:00,-1.7,0.00055,5411.07
2025/2/2 14:00,-0.1,0.00044,6338.28
2025/2/2 15:00,0.7,0.00035999999999999997,0.0
2025/2/2 16:00,0.45,0.00032,497.11
2025/2/2 17:00,-0.18,0.00033,0.0
2025/2/2 18:00,-1.04,0.00035999999999999997,0.0
2025/2/2 19:00,-1.96,0.0004,0.0
2025/2/2 20:00,-2.8,0.00044,0.0
2025/2/2 21:00,-3.43,0.00047,0.0
2025/2/2 22:00,-3.89,0.00047999999999999996,0.0
2025/2/2 23:00,-4.29,0.0005,0.0
2025/2/3 0:00,-4.69,0.00051,0.0
2025/2/3 1:00,-5.2,0.00053,0.0
2025/2/3 2:00,-5.9,0.00054,0.0
2025/2/3 3:00,-6.83,0.00055,0.0
2025/2/3 4:00,-7.87,0.00055,0.0
2025/2/3 5:00,-8.82,0.00055,0.0
2025/2/3 6:00,-9.53,0.00055,0.0
2025/2/3 7:00,-9.8,0.00054,0.0
2025/2/3 8:00,-8.4,0.0006,0.0
2025/2/3 9:00,-6.14,0.00067,0.0
2025/2/3 10:00,-3.81,0.0007099999999999999,0.0
2025/2/3 11:00,-1.56,0.0007199999999999999,947.97
2025/2/3 12:00,0.44,0.00069,10370.7
2025/2/3 13:00,2.01,0.00063,20564.52
2025/2/3 14:00,3.0,0.0006,804.45
2025/2/3 15:00,3.3,0.00064,4691.67
2025/2/3 16:00,2.86,0.00074,8718.45
2025/2/3 17:00,1.73,0.00086,0.0
2025/2/3 18:00,0.17,0.00099,0.0
2025/2/3 19:00,-1.56,0.00108,0.0
2025/2/3 20:00,-3.2,0.00116,0.0
2025/2/3 21:00,-4.53,0.00125,0.0
2025/2/3 22:00,-5.57,0.00134,0.0
2025/2/3 23:00,-6.4,0.0014199999999999998,0.0
2025/2/4 0:00,-7.08,0.00148,0.0
2025/2/4 1:00,-7.69,0.00149,0.0
2025/2/4 2:00,-8.3,0.00145,0.0
2025/2/4 3:00,-8.95,0.00135,0.0
2025/2/4 4:00,-9.6,0.00122,0.0
2025/2/4 5:00,-10.16,0.00107,0.0
2025/2/4 6:00,-10.55,0.00093,0.0
2025/2/4 7:00,-10.7,0.0008,0.0
2025/2/4 8:00,-8.5,0.00083,0.0
2025/2/4 9:00,-5.79,0.00087,0.0
2025/2/4 10:00,-3.71,0.00085,0.0
2025/2/4 11:00,-2.06,0.00079,0.0
2025/2/4 12:00,-0.64,0.00075,0.0
2025/2/4 13:00,0.74,0.00078,0.0
2025/2/4 14:00,2.3,0.00093,172.64
2025/2/4 15:00,3.5,0.00122,0.0
2025/2/4 16:00,3.03,0.00149,0.0
2025/2/4 17:00,1.85,0.00172,0.0
2025/2/4 18:00,0.27,0.00186,0.0
2025/2/4 19:00,-1.39,0.0018700000000000001,0.0
2025/2/4 20:00,-2.8,0.00185,0.0
2025/2/4 21:00,-3.73,0.00183,0.0
2025/2/4 22:00,-4.23,0.00181,0.0
2025/2/4 23:00,-4.43,0.0017900000000000001,0.0
2025/2/5 0:00,-4.47,0.0017800000000000001,0.0
2025/2/5 1:00,-4.48,0.00174,0.0
2025/2/5 2:00,-4.6,0.0016799999999999999,0.0
2025/2/5 3:00,-4.91,0.00159,0.0
2025/2/5 4:00,-5.35,0.00149,0.0
2025/2/5 5:00,-5.8,0.00139,0.0
2025/2/5 6:00,-6.16,0.00131,0.0
2025/2/5 7:00,-6.3,0.00124,0.0
2025/2/5 8:00,-4.3,0.00141,0.0
2025/2/5 9:00,-2.17,0.00159,0.0
2025/2/5 10:00,-0.97,0.00165,0.0
2025/2/5 11:00,-0.4,0.00163,0.0
2025/2/5 12:00,-0.14,0.00158,0.0
2025/2/5 13:00,0.09,0.00158,0.0
2025/2/5 14:00,0.6,0.00166,0.0
2025/2/5 15:00,1.2,0.00181,0.0
2025/2/5 16:00,0.85,0.00191,0.0
2025/2/5 17:00,-0.03,0.0019299999999999999,0.0
2025/2/5 18:00,-1.24,0.00191,0.0
2025/2/5 19:00,-2.54,0.00186,0.0
2025/2/5 20:00,-3.7,0.00181,0.0
2025/2/5 21:00,-4.56,0.0017800000000000001,0.0
2025/2/5 22:00,-5.14,0.00176,0.0
2025/2/5 23:00,-5.54,0.00174,0.0
2025/2/6 0:00,-5.85,0.00171,0.0
2025/2/6 1:00,-6.14,0.00166,0.0
2025/2/6 2:00,-6.5,0.00158,0.0
2025/2/6 3:00,-6.99,0.00145,0.0
2025/2/6 4:00,-7.55,0.00131,0.0
2025/2/6 5:00,-8.07,0.00116,0.0
2025/2/6 6:00,-8.45,0.00103,0.0
2025/2/6 7:00,-8.6,0.0009,0.0
2025/2/6 8:00,-3.7,0.00121,0.0
2025/2/6 9:00,1.26,0.00156,0.0
2025/2/6 10:00,3.68,0.00155,0.0
2025/2/6 11:00,4.35,0.00135,0.0
2025/2/6 12:00,4.11,0.0011200000000000001,0.0
2025/2/6 13:00,3.75,0.00098,11372.71
2025/2/6 14:00,4.1,0.00101,5628.79
2025/2/6 15:00,5.0,0.00122,863.55
2025/2/6 16:00,4.59,0.0014399999999999999,10119.49
2025/2/6 17:00,3.55,0.00164,73.02
2025/2/6 18:00,2.17,0.00181,0.0
2025/2/6 19:00,0.76,0.0019199999999999998,0.0
2025/2/6 20:00,-0.4,0.00199,0.0
2025/2/6 21:00,-1.08,0.0020800000000000003,0.0
2025/2/6 22:00,-1.37,0.00219,0.0
2025/2/6 23:00,-1.41,0.00228,0.0
2025/2/7 0:00,-1.36,0.00234,0.0
2025/2/7 1:00,-1.38,0.00232,0.0
2025/2/7 2:00,-1.6,0.00219,0.0
2025/2/7 3:00,-2.14,0.00195,0.0
2025/2/7 4:00,-2.86,0.00166,0.0
2025/2/7 5:00,-3.6,0.00136,0.0
2025/2/7 6:00,-4.17,0.0011,0.0
2025/2/7 7:00,-4.4,0.0008900000000000001,0.0
2025/2/7 8:00,-4.1,0.00074,0.0
2025/2/7 9:00,-3.49,0.00064,0.0
2025/2/7 10:00,-2.68,0.00058,0.0
2025/2/7 11:00,-1.68,0.00055,3460.77
2025/2/7 12:00,-0.49,0.0005600000000000001,97.54
2025/2/7 13:00,0.87,0.0006,11402.49
2025/2/7 14:00,2.4,0.00067,24990.02
2025/2/7 15:00,3.5,0.00075,23709.72
2025/2/7 16:00,3.21,0.00078,206.49
2025/2/7 17:00,2.45,0.0007700000000000001,0.0
2025/2/7 18:00,1.38,0.00075,0.0
2025/2/7 19:00,0.18,0.0007,0.0
2025/2/7 20:00,-1.0,0.00062,0.0
2025/2/7 21:00,-2.02,0.00054,0.0
2025/2/7 22:00,-2.91,0.00046,0.0
2025/2/7 23:00,-3.73,0.00039,0.0
2025/2/8 0:00,-4.55,0.00033,0.0
2025/2/8 1:00,-5.41,0.00029,0.0
2025/2/8 2:00,-6.4,0.00028000000000000003,0.0
2025/2/8 3:00,-7.53,0.00029,0.0
2025/2/8 4:00,-8.68,0.00031,0.0
2025/2/8 5:00,-9.7,0.00033,0.0
2025/2/8 6:00,-10.42,0.00035,0.0
2025/2/8 7:00,-10.7,0.00035999999999999997,0.0
2025/2/8 8:00,-10.1,0.00037,0.0
2025/2/8 9:00,-8.98,0.00038,0.0
2025/2/8 10:00,-7.59,0.00035,0.0
2025/2/8 11:00,-5.98,0.00031,516.84
2025/2/8 12:00,-4.19,0.00027,6202.61
2025/2/8 13:00,-2.24,0.00023,14886.94
2025/2/8 14:00,-0.2,0.00026000000000000003,17099.78
2025/2/8 15:00,1.2,0.00037,12346.63
2025/2/8 16:00,0.77,0.00053,8626.9
2025/2/8 17:00,-0.34,0.0007,0.0
2025/2/8 18:00,-1.84,0.00083,0.0
2025/2/8 19:00,-3.42,0.00093,0.0
2025/2/8 20:00,-4.8,0.00099,0.0
2025/2/8 21:00,-5.76,0.0010500000000000002,0.0
2025/2/8 22:00,-6.36,0.0011,0.0
2025/2/8 23:00,-6.73,0.00116,0.0
2025/2/9 0:00,-7.0,0.00122,0.0
2025/2/9 1:00,-7.32,0.00127,0.0
2025/2/9 2:00,-7.8,0.0012900000000000001,0.0
2025/2/9 3:00,-8.53,0.0012900000000000001,0.0
2025/2/9 4:00,-9.4,0.00126,0.0
2025/2/9 5:00,-10.23,0.00122,0.0
2025/2/9 6:00,-10.85,0.00117,0.0
2025/2/9 7:00,-11.1,0.00113,0.0
2025/2/9 8:00,-10.2,0.00117,0.0
2025/2/9 9:00,-8.3,0.00126,0.0
2025/2/9 10:00,-5.9,0.00134,0.0
2025/2/9 11:00,-3.33,0.00138,254.31
2025/2/9 12:00,-0.89,0.00135,3719.92
2025/2/9 13:00,1.09,0.00125,10334.56
2025/2/9 14:00,2.3,0.00111,11555.16
2025/2/9 15:00,2.6,0.00106,5722.08
2025/2/9 16:00,2.28,0.0011,4889.7
2025/2/9 17:00,1.44,0.0012,0.0
2025/2/9 18:00,0.27,0.00132,0.0
2025/2/9 19:00,-1.04,0.00139,0.0
2025/2/9 20:00,-2.3,0.00145,0.0
2025/2/9 21:00,-3.37,0.00148,0.0
2025/2/9 22:00,-4.25,0.0015,0.0
2025/2/9 23:00,-5.0,0.0015,0.0
2025/2/10 0:00,-5.65,0.00149,0.0
2025/2/10 1:00,-6.27,0.00146,0.0
2025/2/10 2:00,-6.9,0.0014,0.0
2025/2/10 3:00,-7.56,0.00133,0.0
2025/2/10 4:00,-8.21,0.00124,0.0
2025/2/10 5:00,-8.77,0.00115,0.0
2025/2/10 6:00,-9.15,0.00107,0.0
2025/2/10 7:00,-9.3,0.001,0.0
2025/2/10 8:00,-6.8,0.00116,0.0
2025/2/10 9:00,-4.01,0.00135,0.0
2025/2/10 10:00,-2.19,0.0014299999999999998,0.0
2025/2/10 11:00,-0.97,0.0014199999999999998,0.0
2025/2/10 12:00,0.05,0.0014,0.0
2025/2/10 13:00,1.25,0.0014,4075.12
2025/2/10 14:00,3.0,0.00151,0.0
2025/2/10 15:00,4.6,0.0016799999999999999,0.0
2025/2/10 16:00,4.23,0.0017,16.01
2025/2/10 17:00,3.31,0.0017,0.0
2025/2/10 18:00,2.1,0.0016699999999999998,0.0
2025/2/10 19:00,0.87,0.0016200000000000001,0.0
2025/2/10 20:00,-0.1,0.00156,0.0
2025/2/10 21:00,-0.62,0.0015300000000000001,0.0
2025/2/10 22:00,-0.78,0.00151,0.0
2025/2/10 23:00,-0.77,0.0015,0.0
2025/2/11 0:00,-0.75,0.00147,0.0
2025/2/11 1:00,-0.9,0.0014199999999999998,0.0
2025/2/11 2:00,-1.4,0.00133,0.0
2025/2/11 3:00,-2.35,0.00122,0.0
2025/2/11 4:00,-3.54,0.0011,0.0
2025/2/11 5:00,-4.73,0.00098,0.0
2025/2/11 6:00,-5.64,0.0009,0.0
2025/2/11 7:00,-6.0,0.00085,0.0
2025/2/11 8:00,-3.3,0.00102,0.0
2025/2/11 9:00,-0.11,0.00125,0.0
2025/2/11 10:00,2.13,0.00136,0.0
2025/2/11 11:00,3.72,0.00138,608.06
2025/2/11 12:00,4.9,0.0013700000000000001,6715.6
2025/2/11 13:00,5.98,0.00139,13940.86
2025/2/11 14:00,7.2,0.00151,15544.22
2025/2/11 15:00,8.2,0.00173,13777.86
2025/2/11 16:00,7.76,0.00188,9355.24
2025/2/11 17:00,6.61,0.002,411.01
2025/2/11 18:00,5.03,0.0020800000000000003,0.0
2025/2/11 19:00,3.27,0.00211,0.0
2025/2/11 20:00,1.6,0.00213,0.0
2025/2/11 21:00,0.24,0.00216,0.0
2025/2/11 22:00,-0.83,0.00215,0.0
2025/2/11 23:00,-1.66,0.00217,0.0
2025/2/12 0:00,-2.33,0.00219,0.0
2025/2/12 1:00,-2.88,0.00219,0.0
2025/2/12 2:00,-3.4,0.00215,0.0
2025/2/12 3:00,-3.92,0.00207,0.0
2025/2/12 4:00,-4.4,0.00197,0.0
2025/2/12 5:00,-4.81,0.00186,0.0
2025/2/12 6:00,-5.1,0.00174,0.0
2025/2/12 7:00,-5.2,0.00163,0.0
2025/2/12 8:00,-2.6,0.00191,0.0
2025/2/12 9:00,0.38,0.00227,0.0
2025/2/12 10:00,2.35,0.0024,0.0
2025/2/12 11:00,3.62,0.00239,0.0
2025/2/12 12:00,4.47,0.00234,0.0
2025/2/12 13:00,5.2,0.00232,0.0
2025/2/12 14:00,6.1,0.0024,0.0
2025/2/12 15:00,6.9,0.0025800000000000003,0.0
2025/2/12 16:00,6.27,0.0026,0.0
2025/2/12 17:00,4.69,0.00249,0.0
2025/2/12 18:00,2.59,0.00229,0.0
2025/2/12 19:00,0.41,0.00207,0.0
2025/2/12 20:00,-1.4,0.00184,0.0
2025/2/12 21:00,-2.51,0.0017,0.0
2025/2/12 22:00,-3.02,0.0016200000000000001,0.0
2025/2/12 23:00,-3.1,0.00157,0.0
2025/2/13 0:00,-2.96,0.00155,0.0
2025/2/13 1:00,-2.8,0.0015300000000000001,0.0
2025/2/13 2:00,-2.8,0.00151,0.0
2025/2/13 3:00,-3.1,0.00148,0.0
2025/2/13 4:00,-3.61,0.0014299999999999998,0.0
2025/2/13 5:00,-4.17,0.00138,0.0
2025/2/13 6:00,-4.62,0.00134,0.0
2025/2/13 7:00,-4.8,0.00131,0.0
2025/2/13 8:00,-2.4,0.00156,0.0
2025/2/13 9:00,0.03,0.00183,0.0
2025/2/13 10:00,1.26,0.00184,0.0
2025/2/13 11:00,1.75,0.00173,0.0
2025/2/13 12:00,1.96,0.00159,0.0
2025/2/13 13:00,2.36,0.0015,1291.54
2025/2/13 14:00,3.4,0.00155,0.0
2025/2/13 15:00,4.6,0.0017,0.0
2025/2/13 16:00,4.32,0.00177,0.0
2025/2/13 17:00,3.58,0.00185,0.0
2025/2/13 18:00,2.49,0.0019199999999999998,0.0
2025/2/13 19:00,1.19,0.00198,0.0
2025/2/13 20:00,-0.2,0.00199,0.0
2025/2/13 21:00,-1.56,0.00198,0.0
2025/2/13 22:00,-2.85,0.00196,0.0
2025/2/13 23:00,-4.04,0.0019,0.0
2025/2/14 0:00,-5.08,0.00181,0.0
2025/2/14 1:00,-5.94,0.0017,0.0
2025/2/14 2:00,-6.6,0.00156,0.0
2025/2/14 3:00,-7.03,0.00139,0.0
2025/2/14 4:00,-7.27,0.0012,0.0
2025/2/14 5:00,-7.38,0.001,0.0
2025/2/14 6:00,-7.4,0.0008,0.0
2025/2/14 7:00,-5.16,0.00075,0.0
2025/2/14 8:00,-1.3,0.0008,0.0
2025/2/14 9:00,0.79,0.00078,0.0
2025/2/14 10:00,1.27,0.0007199999999999999,0.0
2025/2/14 11:00,1.2,0.0007,0.0
2025/2/14 12:00,1.1,0.0007199999999999999,3401.81
2025/2/14 13:00,0.84,0.00074,15363.03
2025/2/14 14:00,0.5,0.00074,14404.96
2025/2/14 15:00,0.14,0.0007099999999999999,9083.86
2025/2/14 16:00,-0.22,0.00064,8786.42
2025/2/14 17:00,-0.58,0.00057,1033.65
2025/2/14 18:00,-0.93,0.0005,0.0
2025/2/14 19:00,-1.27,0.00044,0.0
2025/2/14 20:00,-1.6,0.00039,0.0
2025/2/14 21:00,-1.92,0.00037,0.0
2025/2/14 22:00,-2.26,0.00037,0.0
2025/2/14 23:00,-2.66,0.00039,0.0
2025/2/15 0:00,-3.16,0.00041,0.0
2025/2/15 1:00,-3.79,0.00044,0.0
2025/2/15 2:00,-4.6,0.00046,0.0
2025/2/15 3:00,-5.58,0.00047,0.0
2025/2/15 4:00,-6.56,0.00047,0.0
2025/2/15 5:00,-7.3,0.00047,0.0
2025/2/15 6:00,-7.6,0.00047999999999999996,0.0
2025/2/15 7:00,-6.9,0.0005200000000000001,0.0
2025/2/15 8:00,-5.5,0.0005600000000000001,0.0
2025/2/15 9:00,-4.24,0.00057,0.0
2025/2/15 10:00,-3.17,0.00055,0.0
2025/2/15 11:00,-2.17,0.0005,1052.75
2025/2/15 12:00,-1.09,0.00044,9576.61
2025/2/15 13:00,0.18,0.0004,18421.23
2025/2/15 14:00,1.8,0.00039,19894.57
2025/2/15 15:00,3.1,0.00041999999999999996,16968.62
2025/2/15 16:00,2.79,0.00046,11767.28
2025/2/15 17:00,1.97,0.00053,2600.15
2025/2/15 18:00,0.86,0.0005899999999999999,0.0
2025/2/15 19:00,-0.36,0.00065,0.0
2025/2/15 20:00,-1.5,0.00069,0.0
2025/2/15 21:00,-2.4,0.00073,0.0
2025/2/15 22:00,-3.09,0.0007700000000000001,0.0
2025/2/15 23:00,-3.66,0.0008,0.0
2025/2/16 0:00,-4.18,0.0008399999999999999,0.0
2025/2/16 1:00,-4.73,0.00086,0.0
2025/2/16 2:00,-5.4,0.00088,0.0
2025/2/16 3:00,-6.21,0.00088,0.0
2025/2/16 4:00,-7.02,0.00087,0.0
2025/2/16 5:00,-7.65,0.00086,0.0
2025/2/16 6:00,-7.9,0.00086,0.0
2025/2/16 7:00,-7.88,0.00086,0.0
2025/2/16 8:00,-7.5,0.00085,0.0
2025/2/16 9:00,-6.42,0.00085,0.0
2025/2/16 10:00,-4.76,0.00086,0.0
2025/2/16 11:00,-2.74,0.00086,594.03
2025/2/16 12:00,-0.58,0.00083,7701.26
2025/2/16 13:00,1.47,0.0007700000000000001,17380.01
2025/2/16 14:00,3.2,0.0007099999999999999,19397.83
2025/2/16 15:00,4.1,0.00068,177.58
2025/2/16 16:00,3.66,0.00067,6065.01
2025/2/16 17:00,2.54,0.0007,0.0
2025/2/16 18:00,1.03,0.00076,0.0
2025/2/16 19:00,-0.58,0.0008100000000000001,0.0
2025/2/16 20:00,-2.0,0.00088,0.0
2025/2/16 21:00,-3.0,0.00098,0.0
2025/2/16 22:00,-3.66,0.00109,0.0
2025/2/16 23:00,-4.09,0.00121,0.0
2025/2/17 0:00,-4.44,0.00131,0.0
2025/2/17 1:00,-4.83,0.00138,0.0
2025/2/17 2:00,-5.4,0.0014,0.0
2025/2/17 3:00,-6.22,0.00134,0.0
2025/2/17 4:00,-7.1,0.00125,0.0
2025/2/17 5:00,-7.81,0.00116,0.0
2025/2/17 6:00,-8.1,0.00109,0.0
2025/2/17 7:00,-7.54,0.00109,0.0
2025/2/17 8:00,-6.3,0.0011200000000000001,0.0
2025/2/17 9:00,-4.95,0.00113,0.0
2025/2/17 10:00,-3.57,0.0011200000000000001,0.0
2025/2/17 11:00,-2.12,0.00108,0.0
2025/2/17 12:00,-0.55,0.0010400000000000001,668.34
2025/2/17 13:00,1.17,0.00101,4116.42
2025/2/17 14:00,3.1,0.00099,4935.31
2025/2/17 15:00,4.5,0.0009699999999999999,901.44
2025/2/17 16:00,4.17,0.00092,4689.5
2025/2/17 17:00,3.28,0.00091,532.04
2025/2/17 18:00,2.04,0.00094,0.0
2025/2/17 19:00,0.62,0.00102,0.0
2025/2/17 20:00,-0.8,0.0011200000000000001,0.0
2025/2/17 21:00,-2.06,0.00125,0.0
2025/2/17 22:00,-3.15,0.0014,0.0
2025/2/17 23:00,-4.09,0.0015400000000000001,0.0
2025/2/18 0:00,-4.9,0.00165,0.0
2025/2/18 1:00,-5.6,0.00173,0.0
2025/2/18 2:00,-6.2,0.00177,0.0
2025/2/18 3:00,-6.72,0.00176,0.0
2025/2/18 4:00,-7.13,0.00171,0.0
2025/2/18 5:00,-7.4,0.00165,0.0
2025/2/18 6:00,-7.5,0.0016,0.0
2025/2/18 7:00,-6.34,0.0017,0.0
2025/2/18 8:00,-4.2,0.00197,0.0
2025/2/18 9:00,-2.67,0.00216,0.0
2025/2/18 10:00,-1.89,0.0022299999999999998,0.0
2025/2/18 11:00,-1.59,0.00222,0.0
2025/2/18 12:00,-1.53,0.00216,0.0
2025/2/18 13:00,-1.45,0.00211,0.0
2025/2/18 14:00,-1.1,0.00211,0.0
2025/2/18 15:00,-0.41,0.00217,0.0
2025/2/18 16:00,0.0,0.00221,0.0
2025/2/18 17:00,-0.1,0.00211,0.0
2025/2/18 18:00,-0.36,0.00202,0.0
2025/2/18 19:00,-0.71,0.0019399999999999999,0.0
2025/2/18 20:00,-1.1,0.0018700000000000001,0.0
2025/2/18 21:00,-1.47,0.00184,0.0
2025/2/18 22:00,-1.81,0.00181,0.0
2025/2/18 23:00,-2.15,0.0018,0.0
2025/2/19 0:00,-2.49,0.0017800000000000001,0.0
2025/2/19 1:00,-2.83,0.00173,0.0
2025/2/19 2:00,-3.2,0.00166,0.0
2025/2/19 3:00,-3.59,0.00156,0.0
2025/2/19 4:00,-3.94,0.00145,0.0
2025/2/19 5:00,-4.2,0.00132,0.0
2025/2/19 6:00,-4.3,0.00121,0.0
2025/2/19 7:00,-3.48,0.00117,0.0
2025/2/19 8:00,-1.8,0.0011899999999999999,0.0
2025/2/19 9:00,-0.24,0.0011799999999999998,0.0
2025/2/19 10:00,1.05,0.0011200000000000001,0.0
2025/2/19 11:00,2.13,0.00102,0.0
2025/2/19 12:00,3.05,0.00092,2841.78
2025/2/19 13:00,3.89,0.0008399999999999999,8883.85
2025/2/19 14:00,4.7,0.00079,4673.1
2025/2/19 15:00,5.45,0.0008,6503.54
2025/2/19 16:00,5.8,0.00085,6315.93
2025/2/19 17:00,5.49,0.0009,0.0
2025/2/19 18:00,4.71,0.00094,0.0
2025/2/19 19:00,3.64,0.00095,0.0
2025/2/19 20:00,2.5,0.00095,0.0
2025/2/19 21:00,1.44,0.00093,0.0
2025/2/19 22:00,0.48,0.00091,0.0
2025/2/19 23:00,-0.41,0.00087,0.0
2025/2/20 0:00,-1.25,0.0008399999999999999,0.0
2025/2/20 1:00,-2.08,0.00083,0.0
2025/2/20 2:00,-2.9,0.00082,0.0
2025/2/20 3:00,-3.73,0.00083,0.0
2025/2/20 4:00,-4.47,0.0008399999999999999,0.0
2025/2/20 5:00,-5.0,0.00086,0.0
2025/2/20 6:00,-5.2,0.00088,0.0
2025/2/20 7:00,-4.81,0.00093,0.0
2025/2/20 8:00,-3.9,0.0009699999999999999,0.0
2025/2/20 9:00,-2.81,0.00098,0.0
2025/2/20 10:00,-1.6,0.00094,0.0
2025/2/20 11:00,-0.26,0.00088,618.92
2025/2/20 12:00,1.24,0.0008100000000000001,7106.15
2025/2/20 13:00,2.88,0.00076,15212.23
2025/2/20 14:00,4.7,0.00079,17394.6
2025/2/20 15:00,6.0,0.00092,16880.96
2025/2/20 16:00,5.61,0.00107,12122.13
2025/2/20 17:00,4.6,0.00123,6996.05
2025/2/20 18:00,3.22,0.00136,0.0
2025/2/20 19:00,1.7,0.00145,0.0
2025/2/20 20:00,0.3,0.00151,0.0
2025/2/20 21:00,-0.8,0.0015,0.0
2025/2/20 22:00,-1.63,0.0015,0.0
2025/2/20 23:00,-2.28,0.00149,0.0
2025/2/21 0:00,-2.85,0.00146,0.0
2025/2/21 1:00,-3.43,0.00141,0.0
2025/2/21 2:00,-4.1,0.00133,0.0
2025/2/21 3:00,-4.91,0.00122,0.0
2025/2/21 4:00,-5.73,0.00111,0.0
2025/2/21 5:00,-6.35,0.00102,0.0
2025/2/21 6:00,-6.6,0.0009599999999999999,0.0
2025/2/21 7:00,-5.79,0.0009699999999999999,0.0
2025/2/21 8:00,-4.1,0.00106,0.0
2025/2/21 9:00,-2.44,0.00114,0.0
2025/2/21 10:00,-0.92,0.00121,0.0
2025/2/21 11:00,0.51,0.0012900000000000001,0.0
2025/2/21 12:00,1.95,0.00135,0.0
2025/2/21 13:00,3.45,0.00146,1228.72
2025/2/21 14:00,5.1,0.00163,0.0
2025/2/21 15:00,6.3,0.00183,0.0
2025/2/21 16:00,5.76,0.0018700000000000001,0.0
2025/2/21 17:00,4.41,0.00183,0.0
2025/2/21 18:00,2.62,0.00176,0.0
2025/2/21 19:00,0.79,0.0016899999999999999,0.0
2025/2/21 20:00,-0.7,0.0016200000000000001,0.0
2025/2/21 21:00,-1.56,0.00164,0.0
2025/2/21 22:00,-1.88,0.00171,0.0
2025/2/21 23:00,-1.83,0.00183,0.0
2025/2/22 0:00,-1.62,0.00197,0.0
2025/2/22 1:00,-1.41,0.0021000000000000003,0.0
2025/2/22 2:00,-1.4,0.00217,0.0
2025/2/22 3:00,-1.7,0.00216,0.0
2025/2/22 4:00,-2.17,0.00209,0.0
2025/2/22 5:00,-2.61,0.002,0.0
2025/2/22 6:00,-2.8,0.0019199999999999998,0.0
2025/2/22 7:00,-2.5,0.00189,0.0
2025/2/22 8:00,-1.8,0.0018700000000000001,0.0
2025/2/22 9:00,-0.98,0.00182,0.0
2025/2/22 10:00,-0.07,0.00173,0.0
2025/2/22 11:00,0.94,0.00164,0.0
2025/2/22 12:00,2.06,0.00156,0.0
2025/2/22 13:00,3.31,0.0015400000000000001,0.0
2025/2/22 14:00,4.7,0.00164,0.0
2025/2/22 15:00,5.7,0.00186,0.0
2025/2/22 16:00,5.29,0.0020299999999999997,0.0
2025/2/22 17:00,4.27,0.00215,0.0
2025/2/22 18:00,2.97,0.00221,0.0
2025/2/22 19:00,1.74,0.00221,0.0
2025/2/22 20:00,0.9,0.00218,0.0
2025/2/22 21:00,0.69,0.00214,0.0
2025/2/22 22:00,0.93,0.0020800000000000003,0.0
2025/2/22 23:00,1.38,0.00199,0.0
2025/2/23 0:00,1.74,0.00184,0.0
2025/2/23 1:00,1.77,0.00166,0.0
2025/2/23 2:00,1.2,0.0014399999999999999,0.0
2025/2/23 3:00,-0.11,0.0012,0.0
2025/2/23 4:00,-1.73,0.001,0.0
2025/2/23 5:00,-3.12,0.00087,0.0
2025/2/23 6:00,-3.7,0.0008,0.0
2025/2/23 7:00,-3.12,0.0008100000000000001,0.0
2025/2/23 8:00,-1.8,0.00083,0.0
2025/2/23 9:00,-0.28,0.00082,0.0
2025/2/23 10:00,1.29,0.00075,0.0
2025/2/23 11:00,2.83,0.00064,1392.9
2025/2/23 12:00,4.29,0.0005,9946.42
2025/2/23 13:00,5.6,0.00037,18891.33
2025/2/23 14:00,6.7,0.0003,20488.73
2025/2/23 15:00,7.3,0.00034,20564.46
2025/2/23 16:00,7.04,0.00046,14977.78
2025/2/23 17:00,6.36,0.00063,11555.39
2025/2/23 18:00,5.41,0.0008,0.0
2025/2/23 19:00,4.34,0.00094,0.0
2025/2/23 20:00,3.3,0.0010500000000000002,0.0
2025/2/23 21:00,2.41,0.00111,0.0
2025/2/23 22:00,1.64,0.00114,0.0
2025/2/23 23:00,0.93,0.00115,0.0
2025/2/24 0:00,0.21,0.00114,0.0
2025/2/24 1:00,-0.58,0.00111,0.0
2025/2/24 2:00,-1.5,0.00108,0.0
2025/2/24 3:00,-2.57,0.0010400000000000001,0.0
2025/2/24 4:00,-3.6,0.001,0.0
2025/2/24 5:00,-4.39,0.00098,0.0
2025/2/24 6:00,-4.7,0.00098,0.0
2025/2/24 7:00,-4.44,0.001,0.0
2025/2/24 8:00,-3.8,0.00102,0.0
2025/2/24 9:00,-2.95,0.00103,0.0
2025/2/24 10:00,-1.92,0.00101,0.0
2025/2/24 11:00,-0.7,0.00099,0.0
2025/2/24 12:00,0.7,0.00098,710.53
2025/2/24 13:00,2.3,0.00098,15089.91
2025/2/24 14:00,4.1,0.0010500000000000002,0.0
2025/2/24 15:00,5.4,0.0011899999999999999,0.0
2025/2/24 16:00,5.01,0.00126,0.0
2025/2/24 17:00,4.02,0.00132,0.0
2025/2/24 18:00,2.72,0.00135,0.0
2025/2/24 19:00,1.39,0.00136,0.0
2025/2/24 20:00,0.3,0.00134,0.0
2025/2/24 21:00,-0.33,0.0013,0.0
2025/2/24 22:00,-0.57,0.00128,0.0
2025/2/24 23:00,-0.59,0.00127,0.0
2025/2/25 0:00,-0.51,0.00127,0.0
2025/2/25 1:00,-0.5,0.00127,0.0
2025/2/25 2:00,-0.7,0.00127,0.0
2025/2/25 3:00,-1.2,0.00127,0.0
2025/2/25 4:00,-1.83,0.00128,0.0
2025/2/25 5:00,-2.37,0.0013,0.0
2025/2/25 6:00,-2.6,0.00133,0.0
2025/2/25 7:00,-2.43,0.00138,0.0
2025/2/25 8:00,-2.0,0.0014199999999999998,0.0
2025/2/25 9:00,-1.44,0.0014299999999999998,0.0
2025/2/25 10:00,-0.73,0.0014,0.0
2025/2/25 11:00,0.13,0.0013700000000000001,0.0
2025/2/25 12:00,1.19,0.00134,0.0
2025/2/25 13:00,2.47,0.00135,0.0
2025/2/25 14:00,4.0,0.00146,0.0
2025/2/25 15:00,5.62,0.0017,0.0
2025/2/25 16:00,6.4,0.00196,0.0
2025/2/25 17:00,5.84,0.0021000000000000003,0.0
2025/2/25 18:00,4.54,0.00212,0.0
2025/2/25 19:00,3.04,0.00207,0.0
2025/2/25 20:00,1.9,0.00199,0.0
2025/2/25 21:00,1.52,0.00195,0.0
2025/2/25 22:00,1.71,0.0019299999999999999,0.0
2025/2/25 23:00,2.12,0.00189,0.0
2025/2/26 0:00,2.4,0.00183,0.0
2025/2/26 1:00,2.21,0.00171,0.0
2025/2/26 2:00,1.2,0.0015300000000000001,0.0
2025/2/26 3:00,-0.79,0.0012900000000000001,0.0
2025/2/26 4:00,-3.17,0.00107,0.0
2025/2/26 5:00,-5.16,0.00092,0.0
2025/2/26 6:00,-6.0,0.00087,0.0
2025/2/26 7:00,-4.05,0.00103,0.0
2025/2/26 8:00,-0.3,0.00135,0.0
2025/2/26 9:00,2.68,0.00155,0.0
2025/2/26 10:00,4.65,0.00156,0.0
2025/2/26 11:00,5.93,0.00141,1419.3
2025/2/26 12:00,6.87,0.0011799999999999998,9496.43
2025/2/26 13:00,7.78,0.0009599999999999999,17659.37
2025/2/26 14:00,9.0,0.00078,20122.17
2025/2/26 15:00,10.1,0.00068,21873.94
2025/2/26 16:00,9.72,0.00063,15560.79
2025/2/26 17:00,8.74,0.00068,13413.71
2025/2/26 18:00,7.39,0.0008,0.0
2025/2/26 19:00,5.9,0.0009699999999999999,0.0
2025/2/26 20:00,4.5,0.0012,0.0
2025/2/26 21:00,3.37,0.00147,0.0
2025/2/26 22:00,2.48,0.00175,0.0
2025/2/26 23:00,1.72,0.0020099999999999996,0.0
2025/2/27 0:00,1.0,0.00219,0.0
2025/2/27 1:00,0.22,0.00226,0.0
2025/2/27 2:00,-0.7,0.00216,0.0
2025/2/27 3:00,-1.81,0.0019199999999999998,0.0
2025/2/27 4:00,-2.92,0.00163,0.0
2025/2/27 5:00,-3.76,0.00135,0.0
2025/2/27 6:00,-4.1,0.0011200000000000001,0.0
2025/2/27 7:00,-1.97,0.0011,0.0
2025/2/27 8:00,2.1,0.00123,0.0
2025/2/27 9:00,5.3,0.00125,0.0
2025/2/27 10:00,7.33,0.0011899999999999999,242.63
2025/2/27 11:00,8.53,0.00109,7029.4
2025/2/27 12:00,9.24,0.001,22342.81
2025/2/27 13:00,9.78,0.00092,32806.58
2025/2/27 14:00,10.5,0.00086,36273.5
2025/2/27 15:00,11.2,0.0008100000000000001,35991.33
2025/2/27 16:00,10.59,0.0007099999999999999,25309.81
2025/2/27 17:00,9.11,0.00064,16905.71
2025/2/27 18:00,7.31,0.00063,0.0
2025/2/27 19:00,5.73,0.0007099999999999999,0.0
2025/2/27 20:00,4.9,0.00091,0.0
2025/2/27 21:00,4.8,0.00125,0.0
2025/2/27 22:00,3.72,0.00156,0.0
2025/2/27 23:00,1.73,0.00174,0.0
2025/2/28 0:00,-0.51,0.00176,0.0
2025/2/28 1:00,-2.34,0.00177,0.0
2025/2/28 2:00,-3.1,0.00186,0.0
2025/2/28 3:00,-3.63,0.00191,0.0
2025/2/28 4:00,-4.8,0.00181,0.0
2025/2/28 5:00,-5.94,0.00166,0.0
2025/2/28 6:00,-6.4,0.00158,0.0
2025/2/28 7:00,-5.73,0.0016200000000000001,0.0
2025/2/28 8:00,-4.3,0.00173,0.0
2025/2/28 9:00,-2.63,0.00183,0.0
2025/2/28 10:00,-0.91,0.00189,0.0
2025/2/28 11:00,0.73,0.00191,521.41
2025/2/28 12:00,2.16,0.00184,14225.0
2025/2/28 13:00,3.26,0.00173,24757.95
2025/2/28 14:00,3.9,0.00163,25468.87
2025/2/28 15:00,4.01,0.00156,96.06
2025/2/28 16:00,3.68,0.0015300000000000001,0.0
2025/2/28 17:00,3.04,0.0015300000000000001,9292.82
2025/2/28 18:00,2.24,0.00156,0.0
2025/2/28 19:00,1.41,0.0016,0.0
2025/2/28 20:00,0.7,0.00165,0.0
2025/2/28 21:00,0.2,0.00171,0.0
2025/2/28 22:00,-0.11,0.00177,0.0
2025/2/28 23:00,-0.32,0.00184,0.0
2025/3/1 0:00,-0.49,0.00196,0.0
2025/3/1 1:00,-0.69,0.0020299999999999997,0.0
2025/3/1 2:00,-1.0,0.0020800000000000003,0.0
2025/3/1 3:00,-1.45,0.00211,0.0
2025/3/1 4:00,-1.94,0.00211,0.0
2025/3/1 5:00,-2.34,0.00212,0.0
2025/3/1 6:00,-2.5,0.00214,0.0
2025/3/1 7:00,-2.03,0.00225,0.0
2025/3/1 8:00,-1.1,0.0024100000000000002,0.0
2025/3/1 9:00,-0.31,0.00249,0.0
2025/3/1 10:00,0.35,0.00252,0.0
2025/3/1 11:00,1.06,0.0025,0.0
2025/3/1 12:00,2.0,0.0025,0.0
2025/3/1 13:00,3.32,0.0025800000000000003,0.0
2025/3/1 14:00,5.2,0.00281,0.0
2025/3/1 15:00,6.8,0.00309,226.23
2025/3/1 16:00,6.58,0.0030600000000000002,0.0
2025/3/1 17:00,6.02,0.0030099999999999997,0.0
2025/3/1 18:00,5.25,0.0029500000000000004,0.0
2025/3/1 19:00,4.43,0.0028799999999999997,0.0
2025/3/1 20:00,3.7,0.00283,0.0
2025/3/1 21:00,3.16,0.0028,0.0
2025/3/1 22:00,2.78,0.00279,0.0
2025/3/1 23:00,2.45,0.00279,0.0
2025/3/2 0:00,2.1,0.0028,0.0
2025/3/2 1:00,1.65,0.00281,0.0
2025/3/2 2:00,1.0,0.00282,0.0
2025/3/2 3:00,0.13,0.00282,0.0
2025/3/2 4:00,-0.79,0.00275,0.0
2025/3/2 5:00,-1.51,0.00271,0.0
2025/3/2 6:00,-1.8,0.00271,0.0
2025/3/2 7:00,-1.43,0.00278,0.0
2025/3/2 8:00,-0.4,0.0028799999999999997,0.0
2025/3/2 9:00,1.15,0.00292,0.0
2025/3/2 10:00,3.05,0.00281,0.0
2025/3/2 11:00,5.14,0.0025299999999999997,135.73
2025/3/2 12:00,7.22,0.00209,11339.6
2025/3/2 13:00,9.14,0.00152,24333.3
2025/3/2 14:00,10.7,0.0009599999999999999,26451.77
2025/3/2 15:00,11.5,0.00057,29798.84
2025/3/2 16:00,11.21,0.00041,22559.78
2025/3/2 17:00,10.47,0.00047,20009.9
2025/3/2 18:00,9.45,0.00066,0.0
2025/3/2 19:00,8.34,0.0009,0.0
2025/3/2 20:00,7.3,0.00114,0.0
2025/3/2 21:00,6.48,0.0013700000000000001,0.0
2025/3/2 22:00,5.84,0.00158,0.0
2025/3/2 23:00,5.28,0.00181,0.0
2025/3/3 0:00,4.73,0.00204,0.0
2025/3/3 1:00,4.1,0.00229,0.0
2025/3/3 2:00,3.3,0.00254,0.0
2025/3/3 3:00,2.3,0.00277,0.0
2025/3/3 4:00,1.29,0.00296,0.0
2025/3/3 5:00,0.51,0.00313,0.0
2025/3/3 6:00,0.2,0.00329,0.0
2025/3/3 7:00,0.3,0.0034100000000000003,0.0
2025/3/3 8:00,0.6,0.0034100000000000003,0.0
2025/3/3 9:00,1.07,0.00322,0.0
2025/3/3 10:00,1.73,0.00287,0.0
2025/3/3 11:00,2.59,0.0024300000000000003,928.17
2025/3/3 12:00,3.68,0.0019199999999999998,8500.44
2025/3/3 13:00,5.01,0.0014299999999999998,16037.84
2025/3/3 14:00,6.6,0.00102,17449.12
2025/3/3 15:00,7.8,0.0008,18678.91
2025/3/3 16:00,7.63,0.00074,12359.38
2025/3/3 17:00,7.21,0.0008399999999999999,0.0
2025/3/3 18:00,6.63,0.00103,0.0
2025/3/3 19:00,6.03,0.00124,0.0
2025/3/3 20:00,5.5,0.0014,0.0
2025/3/3 21:00,5.13,0.00148,0.0
2025/3/3 22:00,4.85,0.00151,0.0
2025/3/3 23:00,4.54,0.00151,0.0
2025/3/4 0:00,4.1,0.00151,0.0
2025/3/4 1:00,3.42,0.00151,0.0
2025/3/4 2:00,2.4,0.0015300000000000001,0.0
2025/3/4 3:00,1.0,0.00157,0.0
2025/3/4 4:00,-0.47,0.00159,0.0
2025/3/4 5:00,-1.63,0.0016200000000000001,0.0
2025/3/4 6:00,-2.1,0.00171,0.0
2025/3/4 7:00,-1.25,0.0019299999999999999,0.0
2025/3/4 8:00,0.5,0.0022400000000000002,0.0
2025/3/4 9:00,2.16,0.0023799999999999997,0.0
2025/3/4 10:00,3.69,0.00235,0.0
2025/3/4 11:00,5.26,0.00221,0.0
2025/3/4 12:00,7.05,0.002,8500.24
2025/3/4 13:00,9.24,0.0017800000000000001,29890.3
2025/3/4 14:00,12.0,0.00165,40029.85
2025/3/4 15:00,14.2,0.0016,43960.41
2025/3/4 16:00,13.91,0.0015,32291.29
2025/3/4 17:00,13.14,0.0015400000000000001,22966.69
2025/3/4 18:00,12.07,0.00165,0.0
2025/3/4 19:00,10.87,0.0018,0.0
2025/3/4 20:00,9.7,0.0019399999999999999,0.0
2025/3/4 21:00,8.7,0.0020800000000000003,0.0
2025/3/4 22:00,7.83,0.00219,0.0
2025/3/4 23:00,7.01,0.00229,0.0
2025/3/5 0:00,6.17,0.00239,0.0
2025/3/5 1:00,5.23,0.00242,0.0
2025/3/5 2:00,4.1,0.0024100000000000002,0.0
2025/3/5 3:00,2.78,0.00234,0.0
2025/3/5 4:00,1.48,0.00225,0.0
2025/3/5 5:00,0.49,0.00218,0.0
2025/3/5 6:00,0.1,0.00214,0.0
2025/3/5 7:00,0.99,0.00225,0.0
2025/3/5 8:00,3.0,0.0024700000000000004,0.0
2025/3/5 9:00,5.31,0.00262,0.0
2025/3/5 10:00,7.65,0.00265,0.0
2025/3/5 11:00,9.92,0.00254,538.13
2025/3/5 12:00,11.99,0.00229,0.0
2025/3/5 13:00,13.76,0.00198,11216.73
2025/3/5 14:00,15.1,0.00172,89.65
2025/3/5 15:00,15.92,0.0016200000000000001,0.0
2025/3/5 16:00,16.2,0.00172,0.0
2025/3/5 17:00,15.8,0.0019199999999999998,0.0
2025/3/5 18:00,14.76,0.00214,0.0
2025/3/5 19:00,13.37,0.00232,0.0
2025/3/5 20:00,11.9,0.00244,0.0
2025/3/5 21:00,10.56,0.0025099999999999996,0.0
2025/3/5 22:00,9.37,0.0025299999999999997,0.0
2025/3/5 23:00,8.26,0.00254,0.0
2025/3/6 0:00,7.2,0.0025299999999999997,0.0
2025/3/6 1:00,6.13,0.0025,0.0
2025/3/6 2:00,5.0,0.00246,0.0
2025/3/6 3:00,3.81,0.0024100000000000002,0.0
2025/3/6 4:00,2.71,0.0023599999999999997,0.0
2025/3/6 5:00,1.91,0.00231,0.0
2025/3/6 6:00,1.6,0.00229,0.0
2025/3/6 7:00,2.7,0.0024300000000000003,0.0
2025/3/6 8:00,5.1,0.0027,0.0
2025/3/6 9:00,7.66,0.00285,0.0
2025/3/6 10:00,10.1,0.00279,2985.93
2025/3/6 11:00,12.38,0.0025,1352.04
2025/3/6 12:00,14.44,0.0020299999999999997,33958.73
2025/3/6 13:00,16.23,0.00148,22806.34
2025/3/6 14:00,17.7,0.00102,55924.05
2025/3/6 15:00,18.5,0.0008,69788.32
2025/3/6 16:00,18.13,0.00085,56009.08
2025/3/6 17:00,17.15,0.00111,36358.96
2025/3/6 18:00,15.75,0.00145,754.17
2025/3/6 19:00,14.1,0.0018,0.0
2025/3/6 20:00,12.4,0.0020800000000000003,0.0
2025/3/6 21:00,10.8,0.00229,0.0
2025/3/6 22:00,9.31,0.0024300000000000003,0.0
2025/3/6 23:00,7.93,0.00252,0.0
2025/3/7 0:00,6.64,0.00256,0.0
2025/3/7 1:00,5.44,0.00257,0.0
2025/3/7 2:00,4.3,0.00254,0.0
2025/3/7 3:00,3.24,0.00249,0.0
2025/3/7 4:00,2.35,0.0024300000000000003,0.0
2025/3/7 5:00,1.73,0.0023599999999999997,0.0
2025/3/7 6:00,1.5,0.0023,0.0
2025/3/7 7:00,2.24,0.00233,0.0
2025/3/7 8:00,4.0,0.00244,0.0
2025/3/7 9:00,6.16,0.00249,0.0
2025/3/7 10:00,8.51,0.00242,0.0
2025/3/7 11:00,10.95,0.0022400000000000002,6525.73
2025/3/7 12:00,13.37,0.00196,34682.39
2025/3/7 13:00,15.66,0.0016699999999999998,49176.79
2025/3/7 14:00,17.7,0.00152,24667.29
2025/3/7 15:00,18.9,0.00165,47840.23
2025/3/7 16:00,18.4,0.00195,46098.72
2025/3/7 17:00,17.1,0.0023599999999999997,29207.11
2025/3/7 18:00,15.3,0.00273,129.41
2025/3/7 19:00,13.3,0.00298,0.0
2025/3/7 20:00,11.4,0.00312,0.0
2025/3/7 21:00,9.84,0.00319,0.0
2025/3/7 22:00,8.63,0.00321,0.0
2025/3/7 23:00,7.71,0.00322,0.0
2025/3/8 0:00,7.02,0.00322,0.0
2025/3/8 1:00,6.5,0.0032,0.0
2025/3/8 2:00,6.1,0.00318,0.0
2025/3/8 3:00,5.77,0.00314,0.0
2025/3/8 4:00,5.52,0.0031,0.0
2025/3/8 5:00,5.36,0.0030499999999999998,0.0
2025/3/8 6:00,5.3,0.00299,0.0
2025/3/8 7:00,5.64,0.003,0.0
2025/3/8 8:00,6.5,0.00309,0.0
2025/3/8 9:00,7.65,0.00321,0.0
2025/3/8 10:00,8.95,0.00335,0.0
2025/3/8 11:00,10.31,0.00347,0.0
2025/3/8 12:00,11.61,0.0035499999999999998,237.5
2025/3/8 13:00,12.74,0.00357,0.0
2025/3/8 14:00,13.6,0.0035099999999999997,0.0
2025/3/8 15:00,14.11,0.00337,2793.44
2025/3/8 16:00,14.35,0.00319,6711.2
2025/3/8 17:00,14.4,0.0030299999999999997,0.0
2025/3/8 18:00,14.13,0.0029,0.0
2025/3/8 19:00,13.44,0.00281,0.0
2025/3/8 20:00,12.5,0.00281,0.0
2025/3/8 21:00,11.46,0.0029,0.0
2025/3/8 22:00,10.39,0.00304,0.0
2025/3/8 23:00,9.31,0.00316,0.0
2025/3/9 0:00,8.28,0.00322,0.0
2025/3/9 1:00,7.33,0.0032,0.0
2025/3/9 2:00,6.5,0.00309,0.0
2025/3/9 3:00,5.82,0.00287,0.0
2025/3/9 4:00,5.32,0.0025800000000000003,0.0
2025/3/9 5:00,5.01,0.00226,0.0
2025/3/9 6:00,4.9,0.0019199999999999998,0.0
2025/3/9 7:00,5.17,0.00161,0.0
2025/3/9 8:00,5.7,0.00131,0.0
2025/3/9 9:00,6.12,0.00102,0.0
2025/3/9 10:00,6.46,0.00074,0.0
2025/3/9 11:00,6.82,0.0005200000000000001,29.83
2025/3/9 12:00,7.32,0.00035999999999999997,6800.97
2025/3/9 13:00,8.08,0.00027,14331.42
2025/3/9 14:00,9.2,0.00029,13046.83
2025/3/9 15:00,10.68,0.00044,18056.12
2025/3/9 16:00,12.02,0.0007099999999999999,16672.32
2025/3/9 17:00,12.6,0.00102,18770.27
2025/3/9 18:00,11.56,0.00121,0.0
2025/3/9 19:00,9.32,0.00122,0.0
2025/3/9 20:00,7.2,0.00114,0.0
2025/3/9 21:00,6.21,0.0010500000000000002,0.0
2025/3/9 22:00,6.19,0.0009599999999999999,0.0
2025/3/9 23:00,6.69,0.00086,0.0
2025/3/10 0:00,7.24,0.00074,0.0
2025/3/10 1:00,7.4,0.0006,0.0
2025/3/10 2:00,6.7,0.00049,0.0
2025/3/10 3:00,4.9,0.00041999999999999996,0.0
2025/3/10 4:00,2.61,0.00039,0.0
2025/3/10 5:00,0.64,0.00039,0.0
2025/3/10 6:00,-0.2,0.00041,0.0
2025/3/10 7:00,1.51,0.0005200000000000001,0.0
2025/3/10 8:00,4.8,0.0007,0.0
2025/3/10 9:00,7.43,0.00083,0.0
2025/3/10 10:00,9.21,0.0008900000000000001,246.99
2025/3/10 11:00,10.44,0.00088,6808.31
2025/3/10 12:00,11.45,0.00083,22331.08
2025/3/10 13:00,12.53,0.00079,31168.31
2025/3/10 14:00,14.0,0.0008,40462.09
2025/3/10 15:00,15.3,0.00086,42089.55
2025/3/10 16:00,14.85,0.0008900000000000001,30186.98
2025/3/10 17:00,13.78,0.0009599999999999999,23413.29
2025/3/10 18:00,12.46,0.00108,0.0
2025/3/10 19:00,11.31,0.00126,0.0
2025/3/10 20:00,10.7,0.0015300000000000001,0.0
2025/3/10 21:00,10.7,0.0019299999999999999,0.0
2025/3/10 22:00,10.33,0.00229,0.0
2025/3/10 23:00,9.56,0.00254,0.0
2025/3/11 0:00,8.66,0.00267,0.0
2025/3/11 1:00,7.91,0.00268,0.0
2025/3/11 2:00,7.6,0.00261,0.0
2025/3/11 3:00,7.26,0.00237,0.0
2025/3/11 4:00,6.55,0.0019399999999999999,0.0
2025/3/11 5:00,5.88,0.00149,0.0
2025/3/11 6:00,5.7,0.0011,0.0
2025/3/11 7:00,6.26,0.00079,0.0
2025/3/11 8:00,7.1,0.00057,0.0
2025/3/11 9:00,7.71,0.00045,0.0
2025/3/11 10:00,8.04,0.00045,0.0
2025/3/11 11:00,8.16,0.0005200000000000001,0.0
2025/3/11 12:00,8.15,0.00063,0.0
2025/3/11 13:00,8.07,0.00074,0.0
2025/3/11 14:00,8.0,0.0008,0.0
2025/3/11 15:00,7.99,0.0008,0.0
2025/3/11 16:00,8.03,0.00075,0.0
2025/3/11 17:00,8.07,0.00066,0.0
2025/3/11 18:00,8.07,0.00057,0.0
2025/3/11 19:00,7.99,0.0005,0.0
2025/3/11 20:00,7.8,0.00046,0.0
2025/3/11 21:00,7.46,0.00049,0.0
2025/3/11 22:00,6.97,0.00055,0.0
2025/3/11 23:00,6.33,0.00064,0.0
2025/3/12 0:00,5.53,0.00073,0.0
2025/3/12 1:00,4.59,0.00079,0.0
2025/3/12 2:00,3.5,0.00083,0.0
2025/3/12 3:00,2.3,0.00083,0.0
2025/3/12 4:00,1.17,0.0008,0.0
2025/3/12 5:00,0.33,0.0007700000000000001,0.0
2025/3/12 6:00,0.0,0.00075,0.0
2025/3/12 7:00,1.38,0.0008,0.0
2025/3/12 8:00,4.1,0.00092,0.0
2025/3/12 9:00,6.39,0.00098,0.0
2025/3/12 10:00,8.04,0.0009699999999999999,1271.23
2025/3/12 11:00,9.2,0.0009,18001.41
2025/3/12 12:00,10.04,0.0008100000000000001,24891.9
2025/3/12 13:00,10.72,0.0007199999999999999,258.81
2025/3/12 14:00,11.4,0.00067,0.0
2025/3/12 15:00,12.14,0.00067,0.0
2025/3/12 16:00,12.5,0.0007199999999999999,12201.41
2025/3/12 17:00,12.24,0.0008100000000000001,26778.77
2025/3/12 18:00,11.58,0.00093,43.03
2025/3/12 19:00,10.67,0.00109,0.0
2025/3/12 20:00,9.7,0.00127,0.0
2025/3/12 21:00,8.79,0.00148,0.0
2025/3/12 22:00,7.96,0.0017,0.0
2025/3/12 23:00,7.16,0.00191,0.0
2025/3/13 0:00,6.37,0.0020800000000000003,0.0
2025/3/13 1:00,5.56,0.00219,0.0
2025/3/13 2:00,4.7,0.0022400000000000002,0.0
2025/3/13 3:00,3.79,0.00221,0.0
2025/3/13 4:00,2.95,0.00214,0.0
2025/3/13 5:00,2.34,0.00206,0.0
2025/3/13 6:00,2.1,0.002,0.0
2025/3/13 7:00,2.33,0.00197,0.0
2025/3/13 8:00,3.0,0.00198,0.0
2025/3/13 9:00,4.08,0.00202,0.0
2025/3/13 10:00,5.46,0.0020800000000000003,0.0
2025/3/13 11:00,7.01,0.00215,0.0
2025/3/13 12:00,8.58,0.0022299999999999998,0.0
2025/3/13 13:00,10.06,0.00231,410.22
2025/3/13 14:00,11.3,0.00242,10319.81
2025/3/13 15:00,12.17,0.0025499999999999997,0.0
2025/3/13 16:00,12.5,0.00266,7478.61
2025/3/13 17:00,12.32,0.00275,0.0
2025/3/13 18:00,11.87,0.00283,0.0
2025/3/13 19:00,11.26,0.00289,0.0
2025/3/13 20:00,10.6,0.0029500000000000004,0.0
2025/3/13 21:00,9.98,0.0030099999999999997,0.0
2025/3/13 22:00,9.42,0.00307,0.0
2025/3/13 23:00,8.9,0.00312,0.0
2025/3/14 0:00,8.42,0.00318,0.0
2025/3/14 1:00,7.95,0.0032400000000000003,0.0
2025/3/14 2:00,7.5,0.0033,0.0
2025/3/14 3:00,7.06,0.00335,0.0
2025/3/14 4:00,6.67,0.0034,0.0
2025/3/14 5:00,6.4,0.00344,0.0
2025/3/14 6:00,6.3,0.00348,0.0
2025/3/14 7:00,6.48,0.00352,0.0
2025/3/14 8:00,7.0,0.0035600000000000002,0.0
2025/3/14 9:00,7.85,0.00359,0.0
2025/3/14 10:00,8.96,0.00361,0.0
2025/3/14 11:00,10.24,0.00361,0.0
2025/3/14 12:00,11.61,0.00361,0.0
2025/3/14 13:00,12.99,0.00364,823.98
2025/3/14 14:00,14.3,0.00376,3392.33
2025/3/14 15:00,15.1,0.00393,0.0
2025/3/14 16:00,14.79,0.00398,0.0
2025/3/14 17:00,14.04,0.00401,1525.42
2025/3/14 18:00,13.13,0.00405,0.0
2025/3/14 19:00,12.33,0.00412,0.0
2025/3/14 20:00,11.9,0.00426,0.0
2025/3/14 21:00,11.9,0.0044800000000000005,0.0
2025/3/14 22:00,11.66,0.00457,0.0
2025/3/14 23:00,11.11,0.00454,0.0
2025/3/15 0:00,10.37,0.00443,0.0
2025/3/15 1:00,9.55,0.00429,0.0
2025/3/15 2:00,8.8,0.00417,0.0
2025/3/15 3:00,8.2,0.00411,0.0
2025/3/15 4:00,7.76,0.00409,0.0
2025/3/15 5:00,7.46,0.0040999999999999995,0.0
2025/3/15 6:00,7.26,0.00413,0.0
2025/3/15 7:00,7.15,0.00418,0.0
2025/3/15 8:00,7.1,0.00422,0.0
2025/3/15 9:00,7.09,0.00426,0.0
2025/3/15 10:00,7.1,0.0043,0.0
2025/3/15 11:00,7.13,0.00436,0.0
2025/3/15 12:00,7.16,0.00444,0.0
2025/3/15 13:00,7.19,0.00457,0.0
2025/3/15 14:00,7.2,0.0047599999999999995,0.0
2025/3/15 15:00,7.09,0.00498,0.0
2025/3/15 16:00,6.82,0.00517,0.0
2025/3/15 17:00,6.51,0.00532,0.0
2025/3/15 18:00,6.26,0.00543,0.0
2025/3/15 19:00,6.2,0.00551,0.0
2025/3/15 20:00,6.4,0.00554,0.0
2025/3/15 21:00,6.74,0.00544,0.0
2025/3/15 22:00,6.7,0.00505,0.0
2025/3/15 23:00,5.86,0.00432,0.0
2025/3/16 0:00,4.58,0.00348,0.0
2025/3/16 1:00,3.41,0.00279,0.0
2025/3/16 2:00,2.9,0.00233,0.0
2025/3/16 3:00,2.57,0.00199,0.0
2025/3/16 4:00,1.76,0.00166,0.0
2025/3/16 5:00,0.7,0.00138,0.0
2025/3/16 6:00,-0.36,0.00116,0.0
2025/3/16 7:00,-1.17,0.00101,0.0
2025/3/16 8:00,-1.5,0.00092,0.0
2025/3/16 9:00,-2.2,0.00083,0.0
2025/3/16 10:00,-2.38,0.00079,0.0
2025/3/16 11:00,-1.7,0.0008,0.0
2025/3/16 12:00,-0.52,0.00085,0.0
2025/3/16 13:00,0.77,0.0009,0.0
2025/3/16 14:00,1.8,0.0009,0.0
2025/3/16 15:00,2.28,0.00086,0.0
2025/3/16 16:00,2.26,0.0007700000000000001,0.0
2025/3/16 17:00,1.86,0.00067,0.0
2025/3/16 18:00,1.2,0.00058,0.0
2025/3/16 19:00,0.4,0.00053,0.0
2025/3/16 20:00,-0.4,0.00051,0.0
2025/3/16 21:00,-1.11,0.00053,0.0
2025/3/16 22:00,-1.71,0.0005899999999999999,0.0
2025/3/16 23:00,-2.23,0.00066,0.0
2025/3/17 0:00,-2.67,0.00074,0.0
2025/3/17 1:00,-3.06,0.0008100000000000001,0.0
2025/3/17 2:00,-3.4,0.00087,0.0
2025/3/17 3:00,-3.71,0.00091,0.0
2025/3/17 4:00,-3.96,0.00093,0.0
2025/3/17 5:00,-4.14,0.00094,0.0
2025/3/17 6:00,-4.2,0.00093,0.0
2025/3/17 7:00,-3.89,0.00092,0.0
2025/3/17 8:00,-3.0,0.00093,0.0
2025/3/17 9:00,-1.6,0.00094,0.0
2025/3/17 10:00,0.14,0.0009599999999999999,0.0
2025/3/17 11:00,2.05,0.00093,358.44
2025/3/17 12:00,3.95,0.00087,5549.33
2025/3/17 13:00,5.66,0.0008,5927.32
2025/3/17 14:00,7.0,0.00074,0.0
2025/3/17 15:00,7.82,0.00073,5000.49
2025/3/17 16:00,8.1,0.00076,17575.14
2025/3/17 17:00,7.92,0.0008399999999999999,17103.09
2025/3/17 18:00,7.48,0.0009599999999999999,0.0
2025/3/17 19:00,6.89,0.00109,0.0
2025/3/17 20:00,6.3,0.00124,0.0
2025/3/17 21:00,5.79,0.00139,0.0
2025/3/17 22:00,5.35,0.0015400000000000001,0.0
2025/3/17 23:00,4.91,0.00166,0.0
2025/3/18 0:00,4.43,0.00175,0.0
2025/3/18 1:00,3.84,0.00176,0.0
2025/3/18 2:00,3.1,0.0017,0.0
2025/3/18 3:00,2.19,0.00157,0.0
2025/3/18 4:00,1.28,0.00139,0.0
2025/3/18 5:00,0.58,0.00122,0.0
2025/3/18 6:00,0.3,0.00108,0.0
2025/3/18 7:00,2.23,0.00108,0.0
2025/3/18 8:00,5.8,0.0012,0.0
2025/3/18 9:00,8.33,0.00121,0.0
2025/3/18 10:00,9.63,0.0011200000000000001,297.19
2025/3/18 11:00,10.13,0.00098,45.29
2025/3/18 12:00,10.27,0.0008399999999999999,9035.1
2025/3/18 13:00,10.48,0.00075,24577.08
2025/3/18 14:00,11.2,0.00074,31350.94
2025/3/18 15:00,12.1,0.0008,31851.32
2025/3/18 16:00,11.9,0.00087,24648.91
2025/3/18 17:00,11.36,0.00099,27317.73
2025/3/18 18:00,10.61,0.00117,4132.87
2025/3/18 19:00,9.75,0.00141,0.0
2025/3/18 20:00,8.9,0.0017,0.0
2025/3/18 21:00,8.15,0.00204,0.0
2025/3/18 22:00,7.47,0.00239,0.0
2025/3/18 23:00,6.81,0.00269,0.0
2025/3/19 0:00,6.13,0.0029100000000000003,0.0
2025/3/19 1:00,5.38,0.00296,0.0
2025/3/19 2:00,4.5,0.0028399999999999996,0.0
2025/3/19 3:00,3.49,0.00254,0.0
2025/3/19 4:00,2.52,0.00215,0.0
2025/3/19 5:00,1.79,0.00176,0.0
2025/3/19 6:00,1.5,0.0014299999999999998,0.0
2025/3/19 7:00,3.82,0.00134,0.0
2025/3/19 8:00,8.1,0.00141,0.0
2025/3/19 9:00,11.11,0.0014,0.0
2025/3/19 10:00,12.63,0.00134,1000.58
2025/3/19 11:00,13.18,0.0012900000000000001,15669.81
2025/3/19 12:00,13.31,0.00128,32980.86
2025/3/19 13:00,13.54,0.00132,39400.61
2025/3/19 14:00,14.4,0.0014299999999999998,7000.12
2025/3/19 15:00,15.5,0.00155,29744.83
2025/3/19 16:00,15.29,0.00152,34000.44
2025/3/19 17:00,14.76,0.00147,30549.05
2025/3/19 18:00,14.03,0.0014199999999999998,8096.52
2025/3/19 19:00,13.23,0.00141,0.0
2025/3/19 20:00,12.5,0.0014399999999999999,0.0
2025/3/19 21:00,11.92,0.00155,0.0
2025/3/19 22:00,11.42,0.0017,0.0
2025/3/19 23:00,10.9,0.00189,0.0
2025/3/20 0:00,10.24,0.00209,0.0
2025/3/20 1:00,9.34,0.0022299999999999998,0.0
2025/3/20 2:00,8.1,0.00231,0.0
2025/3/20 3:00,6.48,0.0023,0.0
2025/3/20 4:00,4.82,0.0022400000000000002,0.0
2025/3/20 5:00,3.52,0.00219,0.0
2025/3/20 6:00,3.0,0.00219,0.0
2025/3/20 7:00,3.59,0.00231,0.0
2025/3/20 8:00,5.3,0.0025299999999999997,0.0
2025/3/20 9:00,8.0,0.00282,0.0
2025/3/20 10:00,11.27,0.00312,0.0
2025/3/20 11:00,14.64,0.00333,0.0
2025/3/20 12:00,17.63,0.0033799999999999998,0.0
2025/3/20 13:00,19.78,0.00326,0.0
2025/3/20 14:00,20.6,0.0030600000000000002,25014.84
2025/3/20 15:00,20.29,0.00298,37806.74
2025/3/20 16:00,19.47,0.00309,26241.78
2025/3/20 17:00,18.27,0.00329,21533.75
2025/3/20 18:00,16.85,0.00349,4875.04
2025/3/20 19:00,15.35,0.00364,0.0
2025/3/20 20:00,13.9,0.0037099999999999998,0.0
2025/3/20 21:00,12.63,0.0037099999999999998,0.0
2025/3/20 22:00,11.53,0.00366,0.0
2025/3/20 23:00,10.55,0.0035800000000000003,0.0
2025/3/21 0:00,9.66,0.00344,0.0
2025/3/21 1:00,8.83,0.00331,0.0
2025/3/21 2:00,8.0,0.00316,0.0
2025/3/21 3:00,7.17,0.00299,0.0
2025/3/21 4:00,6.43,0.00283,0.0
2025/3/21 5:00,5.9,0.00268,0.0
2025/3/21 6:00,5.7,0.00257,0.0
2025/3/21 7:00,6.43,0.0025800000000000003,0.0
2025/3/21 8:00,7.9,0.00266,0.0
2025/3/21 9:00,9.2,0.00264,0.0
2025/3/21 10:00,10.23,0.0025,285.68
2025/3/21 11:00,11.1,0.0023,12523.01
2025/3/21 12:00,11.91,0.00207,30853.7
2025/3/21 13:00,12.78,0.00188,9107.43
2025/3/21 14:00,13.8,0.00177,2101.51
2025/3/21 15:00,14.6,0.00176,31032.43
2025/3/21 16:00,14.24,0.00175,30893.07
2025/3/21 17:00,13.3,0.00177,29014.81
2025/3/21 18:00,12.01,0.00182,8145.48
2025/3/21 19:00,10.6,0.00189,0.0
2025/3/21 20:00,9.3,0.00198,0.0
2025/3/21 21:00,8.28,0.0021000000000000003,0.0
2025/3/21 22:00,7.51,0.0022400000000000002,0.0
2025/3/21 23:00,6.91,0.0023799999999999997,0.0
2025/3/22 0:00,6.38,0.0025099999999999996,0.0
2025/3/22 1:00,5.84,0.00261,0.0
2025/3/22 2:00,5.2,0.00265,0.0
2025/3/22 3:00,4.42,0.00262,0.0
2025/3/22 4:00,3.64,0.0025499999999999997,0.0
2025/3/22 5:00,3.04,0.00248,0.0
2025/3/22 6:00,2.8,0.0024300000000000003,0.0
2025/3/22 7:00,3.36,0.00248,0.0
2025/3/22 8:00,4.6,0.00259,0.0
2025/3/22 9:00,5.99,0.00268,0.0
2025/3/22 10:00,7.4,0.00271,0.0
2025/3/22 11:00,8.77,0.00269,0.0
2025/3/22 12:00,10.07,0.00263,0.0
2025/3/22 13:00,11.26,0.00256,15718.5
2025/3/22 14:00,12.3,0.0025,171.87
2025/3/22 15:00,12.9,0.0024500000000000004,21929.56
2025/3/22 16:00,12.55,0.0023599999999999997,1295.6
2025/3/22 17:00,11.72,0.00228,0.0
2025/3/22 18:00,10.7,0.00226,0.0
2025/3/22 19:00,9.79,0.00231,0.0
2025/3/22 20:00,9.3,0.00248,0.0
2025/3/22 21:00,9.2,0.00277,0.0
2025/3/22 22:00,8.49,0.00294,0.0
2025/3/22 23:00,7.22,0.00298,0.0
2025/3/23 0:00,5.82,0.00292,0.0
2025/3/23 1:00,4.67,0.00287,0.0
2025/3/23 2:00,4.2,0.00287,0.0
2025/3/23 3:00,3.96,0.0028399999999999996,0.0
2025/3/23 4:00,3.44,0.00269,0.0
2025/3/23 5:00,2.89,0.00249,0.0
2025/3/23 6:00,2.6,0.00231,0.0
2025/3/23 7:00,2.75,0.00219,0.0
2025/3/23 8:00,3.2,0.0021000000000000003,0.0
2025/3/23 9:00,3.77,0.0020299999999999997,0.0
2025/3/23 10:00,4.39,0.00197,0.0
2025/3/23 11:00,5.0,0.0019299999999999999,0.0
2025/3/23 12:00,5.56,0.0019,0.0
2025/3/23 13:00,6.01,0.00191,0.0
2025/3/23 14:00,6.3,0.00195,0.0
2025/3/23 15:00,6.4,0.0020299999999999997,0.0
2025/3/23 16:00,6.35,0.00214,0.0
2025/3/23 17:00,6.18,0.00225,0.0
2025/3/23 18:00,5.95,0.0023599999999999997,0.0
2025/3/23 19:00,5.71,0.00246,0.0
2025/3/23 20:00,5.5,0.00252,0.0
2025/3/23 21:00,5.36,0.00256,0.0
2025/3/23 22:00,5.23,0.00256,0.0
2025/3/23 23:00,5.07,0.0025499999999999997,0.0
2025/3/24 0:00,4.8,0.0025099999999999996,0.0
2025/3/24 1:00,4.36,0.0024700000000000004,0.0
2025/3/24 2:00,3.7,0.00242,0.0
2025/3/24 3:00,2.8,0.0023599999999999997,0.0
2025/3/24 4:00,1.85,0.00231,0.0
2025/3/24 5:00,1.1,0.00228,0.0
2025/3/24 6:00,0.8,0.00229,0.0
2025/3/24 7:00,1.62,0.0024500000000000004,0.0
2025/3/24 8:00,3.3,0.00269,0.0
2025/3/24 9:00,4.89,0.00282,0.0
2025/3/24 10:00,6.27,0.00281,0.0
2025/3/24 11:00,7.55,0.00273,0.0
2025/3/24 12:00,8.83,0.00264,0.0
2025/3/24 13:00,10.21,0.00263,242.22
2025/3/24 14:00,11.8,0.00283,8031.28
2025/3/24 15:00,13.0,0.0032400000000000003,0.0
2025/3/24 16:00,12.74,0.0035499999999999998,0.0
2025/3/24 17:00,12.07,0.00383,0.0
2025/3/24 18:00,11.14,0.00398,0.0
2025/3/24 19:00,10.1,0.00395,0.0
2025/3/24 20:00,9.1,0.00373,0.0
2025/3/24 21:00,8.25,0.00333,0.0
2025/3/24 22:00,7.5,0.0028,0.0
2025/3/24 23:00,6.75,0.0022299999999999998,0.0
2025/3/25 0:00,5.92,0.0016699999999999998,0.0
2025/3/25 1:00,4.9,0.0011799999999999998,0.0
2025/3/25 2:00,3.6,0.00083,0.0
2025/3/25 3:00,2.01,0.00063,0.0
2025/3/25 4:00,0.42,0.00055,0.0
2025/3/25 5:00,-0.81,0.00054,0.0
2025/3/25 6:00,-1.3,0.00058,0.0
2025/3/25 7:00,0.71,0.00075,0.0
2025/3/25 8:00,4.4,0.0010400000000000001,0.0
2025/3/25 9:00,6.92,0.00122,0.0
2025/3/25 10:00,8.16,0.00123,0.0
2025/3/25 11:00,8.67,0.00113,2240.6
2025/3/25 12:00,9.01,0.00099,10185.5
2025/3/25 13:00,9.73,0.00087,17143.3
2025/3/25 14:00,11.4,0.00083,24943.1
2025/3/25 15:00,13.2,0.00086,27979.64
2025/3/25 16:00,12.97,0.0008399999999999999,24073.78
2025/3/25 17:00,12.37,0.00087,28260.28
2025/3/25 18:00,11.56,0.00093,10544.14
2025/3/25 19:00,10.69,0.00102,0.0
2025/3/25 20:00,9.9,0.00113,0.0
2025/3/25 21:00,9.31,0.00126,0.0
2025/3/25 22:00,8.86,0.00141,0.0
2025/3/25 23:00,8.46,0.00156,0.0
2025/3/26 0:00,8.02,0.00173,0.0
2025/3/26 1:00,7.43,0.00184,0.0
2025/3/26 2:00,6.6,0.0019,0.0
2025/3/26 3:00,5.5,0.0019,0.0
2025/3/26 4:00,4.36,0.00186,0.0
2025/3/26 5:00,3.46,0.00182,0.0
2025/3/26 6:00,3.1,0.00181,0.0
2025/3/26 7:00,4.12,0.0019299999999999999,0.0
2025/3/26 8:00,6.4,0.00218,0.0
2025/3/26 9:00,8.92,0.00239,0.0
2025/3/26 10:00,11.39,0.0025099999999999996,0.0
2025/3/26 11:00,13.7,0.0025299999999999997,132.75
2025/3/26 12:00,15.73,0.00246,6557.43
2025/3/26 13:00,17.37,0.00235,16690.21
2025/3/26 14:00,18.5,0.00228,1936.64
2025/3/26 15:00,19.06,0.00232,364.47
2025/3/26 16:00,19.2,0.00249,13747.24
2025/3/26 17:00,18.83,0.00268,41836.04
2025/3/26 18:00,17.9,0.00281,27006.01
2025/3/26 19:00,16.67,0.00283,508.19
2025/3/26 20:00,15.4,0.00275,0.0
2025/3/26 21:00,14.3,0.00259,0.0
2025/3/26 22:00,13.35,0.0023799999999999997,0.0
2025/3/26 23:00,12.46,0.00215,0.0
2025/3/27 0:00,11.54,0.00189,0.0
2025/3/27 1:00,10.51,0.00166,0.0
2025/3/27 2:00,9.3,0.00146,0.0
2025/3/27 3:00,7.88,0.0012900000000000001,0.0
2025/3/27 4:00,6.48,0.0011799999999999998,0.0
2025/3/27 5:00,5.42,0.00111,0.0
2025/3/27 6:00,5.0,0.00109,0.0
2025/3/27 7:00,6.22,0.0011899999999999999,0.0
2025/3/27 8:00,8.5,0.00138,0.0
2025/3/27 9:00,10.14,0.00149,0.0
2025/3/27 10:00,11.05,0.00149,963.44
2025/3/27 11:00,11.53,0.0014299999999999998,15171.0
2025/3/27 12:00,11.86,0.00136,5604.69
2025/3/27 13:00,12.35,0.00131,28042.42
2025/3/27 14:00,13.3,0.00133,49074.56
2025/3/27 15:00,14.72,0.0014399999999999999,49559.36
2025/3/27 16:00,15.5,0.00157,38998.24
2025/3/27 17:00,15.03,0.0016200000000000001,35646.54
2025/3/27 18:00,13.85,0.00164,18014.42
2025/3/27 19:00,12.32,0.00166,0.0
2025/3/27 20:00,10.8,0.0016899999999999999,0.0
2025/3/27 21:00,9.57,0.00176,0.0
2025/3/27 22:00,8.62,0.0018700000000000001,0.0
2025/3/27 23:00,7.88,0.002,0.0
2025/3/28 0:00,7.27,0.00213,0.0
2025/3/28 1:00,6.7,0.00225,0.0
2025/3/28 2:00,6.1,0.00234,0.0
2025/3/28 3:00,5.43,0.0024,0.0
2025/3/28 4:00,4.78,0.00242,0.0
2025/3/28 5:00,4.29,0.0024100000000000002,0.0
2025/3/28 6:00,4.1,0.0024100000000000002,0.0
2025/3/28 7:00,4.2,0.0023799999999999997,0.0
2025/3/28 8:00,4.5,0.00231,0.0
2025/3/28 9:00,4.99,0.00217,0.0
2025/3/28 10:00,5.67,0.00198,0.0
2025/3/28 11:00,6.55,0.00176,290.25
2025/3/28 12:00,7.63,0.00152,0.0
2025/3/28 13:00,8.91,0.00131,0.0
2025/3/28 14:00,10.4,0.0011799999999999998,0.0
2025/3/28 15:00,11.5,0.0011200000000000001,0.0
2025/3/28 16:00,11.33,0.00113,5514.21
2025/3/28 17:00,10.86,0.00125,0.0
2025/3/28 18:00,10.19,0.00146,0.0
2025/3/28 19:00,9.41,0.00175,0.0
2025/3/28 20:00,8.6,0.00209,0.0
2025/3/28 21:00,7.83,0.00246,0.0
2025/3/28 22:00,7.11,0.00285,0.0
2025/3/28 23:00,6.43,0.00321,0.0
2025/3/29 0:00,5.77,0.0035299999999999997,0.0
2025/3/29 1:00,5.13,0.00377,0.0
2025/3/29 2:00,4.5,0.00391,0.0
2025/3/29 3:00,3.88,0.00395,0.0
2025/3/29 4:00,3.33,0.00392,0.0
2025/3/29 5:00,2.95,0.0038399999999999997,0.0
2025/3/29 6:00,2.8,0.00375,0.0
2025/3/29 7:00,3.46,0.0038,0.0
2025/3/29 8:00,4.9,0.0039700000000000004,0.0
2025/3/29 9:00,6.41,0.004059999999999999,0.0
2025/3/29 10:00,7.88,0.00404,0.0
2025/3/29 11:00,9.29,0.00393,0.0
2025/3/29 12:00,10.68,0.00377,0.0
2025/3/29 13:00,12.05,0.00363,8484.77
2025/3/29 14:00,13.4,0.00357,0.0
2025/3/29 15:00,14.64,0.00366,18954.84
2025/3/29 16:00,15.2,0.00378,1433.34
2025/3/29 17:00,14.92,0.0038599999999999997,0.0
2025/3/29 18:00,14.22,0.00393,0.0
2025/3/29 19:00,13.31,0.004,0.0
2025/3/29 20:00,12.4,0.004070000000000001,0.0
2025/3/29 21:00,11.65,0.0041600000000000005,0.0
2025/3/29 22:00,11.04,0.00426,0.0
2025/3/29 23:00,10.48,0.00436,0.0
2025/3/30 0:00,9.91,0.00444,0.0
2025/3/30 1:00,9.24,0.0045,0.0
2025/3/30 2:00,8.4,0.0045,0.0
2025/3/30 3:00,7.36,0.00443,0.0
2025/3/30 4:00,6.32,0.00434,0.0
2025/3/30 5:00,5.52,0.00426,0.0
2025/3/30 6:00,5.2,0.00425,0.0
2025/3/30 7:00,5.84,0.00444,0.0
2025/3/30 8:00,7.3,0.00475,0.0
2025/3/30 9:00,8.99,0.00497,0.0
2025/3/30 10:00,10.76,0.00504,0.0
2025/3/30 11:00,12.57,0.00496,0.0
2025/3/30 12:00,14.39,0.004730000000000001,3111.08
2025/3/30 13:00,16.18,0.00442,159.46
2025/3/30 14:00,17.9,0.00412,20298.52
2025/3/30 15:00,19.0,0.00382,33284.72
2025/3/30 16:00,18.37,0.0033399999999999997,25185.34
2025/3/30 17:00,16.77,0.00289,3733.16
2025/3/30 18:00,14.65,0.0025099999999999996,0.0
2025/3/30 19:00,12.45,0.00221,0.0
2025/3/30 20:00,10.6,0.002,0.0
2025/3/30 21:00,9.44,0.0018700000000000001,0.0
2025/3/30 22:00,8.83,0.00181,0.0
2025/3/30 23:00,8.54,0.00177,0.0
2025/3/31 0:00,8.31,0.00173,0.0
2025/3/31 1:00,7.91,0.0016699999999999998,0.0
2025/3/31 2:00,7.1,0.00157,0.0
2025/3/31 3:00,5.75,0.0014199999999999998,0.0
2025/3/31 4:00,4.2,0.00127,0.0
2025/3/31 5:00,2.93,0.00114,0.0
2025/3/31 6:00,2.4,0.00107,0.0
2025/3/31 7:00,4.3,0.00117,0.0
2025/3/31 8:00,8.0,0.0014,0.0
2025/3/31 9:00,11.01,0.0015400000000000001,0.0
2025/3/31 10:00,13.04,0.00152,409.94
2025/3/31 11:00,14.31,0.0013700000000000001,9930.31
2025/3/31 12:00,15.07,0.00116,26197.12
2025/3/31 13:00,15.56,0.00095,35776.03
2025/3/31 14:00,16.0,0.00079,45408.65
2025/3/31 15:00,16.53,0.0007199999999999999,43990.51
2025/3/31 16:00,16.8,0.00075,34206.57
2025/3/31 17:00,16.42,0.00087,34074.0
2025/3/31 18:00,15.52,0.00107,20582.38
2025/3/31 19:00,14.43,0.00135,0.0
2025/3/31 20:00,13.5,0.00173,0.0
2025/3/31 21:00,12.93,0.0022400000000000002,0.0
2025/3/31 22:00,12.3,0.00278,0.0
2025/3/31 23:00,11.22,0.00322,0.0
2025/4/1 0:00,9.93,0.0035600000000000002,0.0
2025/4/1 1:00,8.85,0.00385,0.0
2025/4/1 2:00,8.4,0.00421,0.0
2025/4/1 3:00,8.27,0.00458,0.0
2025/4/1 4:00,7.93,0.00481,0.0
2025/4/1 5:00,7.5,0.004940000000000001,0.0
2025/4/1 6:00,7.07,0.005019999999999999,0.0
2025/4/1 7:00,6.73,0.00509,0.0
2025/4/1 8:00,6.6,0.00519,0.0
2025/4/1 9:00,6.1,0.00514,0.0
2025/4/1 10:00,5.73,0.00512,0.0
2025/4/1 11:00,5.76,0.00522,0.0
2025/4/1 12:00,6.04,0.00539,0.0
2025/4/1 13:00,6.43,0.0055899999999999995,0.0
2025/4/1 14:00,6.8,0.00577,0.0
2025/4/1 15:00,7.02,0.00587,0.0
2025/4/1 16:00,7.12,0.005900000000000001,0.0
2025/4/1 17:00,7.12,0.005900000000000001,0.0
2025/4/1 18:00,7.07,0.00588,0.0
2025/4/1 19:00,7.02,0.00588,0.0
2025/4/1 20:00,7.0,0.00591,0.0
2025/4/1 21:00,7.04,0.006,0.0
2025/4/1 22:00,7.12,0.0061200000000000004,0.0
2025/4/1 23:00,7.2,0.00623,0.0
2025/4/2 0:00,7.25,0.00626,0.0
2025/4/2 1:00,7.23,0.00625,0.0
2025/4/2 2:00,7.1,0.00611,0.0
2025/4/2 3:00,6.86,0.00584,0.0
2025/4/2 4:00,6.61,0.0055,0.0
2025/4/2 5:00,6.5,0.00515,0.0
2025/4/2 6:00,6.52,0.0048200000000000005,0.0
2025/4/2 7:00,6.62,0.0045,0.0
2025/4/2 8:00,6.9,0.00421,0.0
2025/4/2 9:00,7.41,0.0039900000000000005,0.0
2025/4/2 10:00,8.1,0.00383,0.0
2025/4/2 11:00,8.91,0.0037400000000000003,0.0
2025/4/2 12:00,9.76,0.0037,0.0
2025/4/2 13:00,10.58,0.00376,0.0
2025/4/2 14:00,11.3,0.00392,3220.23
2025/4/2 15:00,11.7,0.00415,0.0
2025/4/2 16:00,11.53,0.00436,7912.59
2025/4/2 17:00,11.1,0.00456,12164.29
2025/4/2 18:00,10.52,0.004730000000000001,3052.83
2025/4/2 19:00,9.88,0.00487,0.0
2025/4/2 20:00,9.3,0.00497,0.0
2025/4/2 21:00,8.85,0.005030000000000001,0.0
2025/4/2 22:00,8.5,0.00505,0.0
2025/4/2 23:00,8.2,0.005019999999999999,0.0
2025/4/3 0:00,7.87,0.004900000000000001,0.0
2025/4/3 1:00,7.46,0.004719999999999999,0.0
2025/4/3 2:00,6.9,0.00444,0.0
2025/4/3 3:00,6.2,0.00409,0.0
2025/4/3 4:00,5.57,0.0037400000000000003,0.0
2025/4/3 5:00,5.3,0.00346,0.0
2025/4/3 6:00,5.53,0.00328,0.0
2025/4/3 7:00,6.13,0.00315,0.0
2025/4/3 8:00,7.0,0.00304,0.0
2025/4/3 9:00,8.01,0.00292,0.0
2025/4/3 10:00,9.09,0.00278,112.25
2025/4/3 11:00,10.18,0.00264,0.0
2025/4/3 12:00,11.18,0.00252,4138.79
2025/4/3 13:00,12.05,0.00244,123.42
2025/4/3 14:00,12.7,0.0024500000000000004,16331.29
2025/4/3 15:00,13.0,0.00256,1614.33
2025/4/3 16:00,12.74,0.00271,0.0
2025/4/3 17:00,12.07,0.0029,18726.58
2025/4/3 18:00,11.14,0.0031,86.43
2025/4/3 19:00,10.1,0.0033,0.0
2025/4/3 20:00,9.1,0.0035099999999999997,0.0
2025/4/3 21:00,8.27,0.00373,0.0
2025/4/3 22:00,7.57,0.0039700000000000004,0.0
2025/4/3 23:00,6.94,0.00419,0.0
2025/4/4 0:00,6.31,0.00439,0.0
2025/4/4 1:00,5.62,0.0045,0.0
2025/4/4 2:00,4.8,0.00451,0.0
2025/4/4 3:00,3.85,0.00442,0.0
2025/4/4 4:00,3.04,0.00432,0.0
2025/4/4 5:00,2.7,0.00429,0.0
2025/4/4 6:00,3.03,0.00439,0.0
2025/4/4 7:00,3.93,0.0045899999999999995,0.0
2025/4/4 8:00,5.3,0.00484,0.0
2025/4/4 9:00,7.01,0.00507,0.0
2025/4/4 10:00,8.93,0.00525,0.0
2025/4/4 11:00,10.9,0.00535,516.71
2025/4/4 12:00,12.78,0.00538,6230.33
2025/4/4 13:00,14.43,0.00539,13966.22
2025/4/4 14:00,15.7,0.00547,23782.96
2025/4/4 15:00,16.3,0.0056500000000000005,24802.96
2025/4/4 16:00,16.04,0.005809999999999999,23203.54
2025/4/4 17:00,15.36,0.006019999999999999,24183.66
2025/4/4 18:00,14.45,0.00622,1996.98
2025/4/4 19:00,13.47,0.00638,0.0
2025/4/4 20:00,12.6,0.00649,0.0
2025/4/4 21:00,11.96,0.00658,0.0
2025/4/4 22:00,11.47,0.00663,0.0
2025/4/4 23:00,11.03,0.0066500000000000005,0.0
2025/4/5 0:00,10.5,0.00663,0.0
2025/4/5 1:00,9.76,0.00649,0.0
2025/4/5 2:00,8.7,0.00623,0.0
2025/4/5 3:00,7.31,0.00587,0.0
2025/4/5 4:00,6.05,0.00557,0.0
2025/4/5 5:00,5.5,0.00551,0.0
2025/4/5 6:00,5.79,0.005690000000000001,0.0
2025/4/5 7:00,6.59,0.00597,0.0
2025/4/5 8:00,7.8,0.00626,0.0
2025/4/5 9:00,9.31,0.00645,0.0
2025/4/5 10:00,11.05,0.00652,18.8
2025/4/5 11:00,12.95,0.00646,0.0
2025/4/5 12:00,14.95,0.0063,3525.35
2025/4/5 13:00,16.99,0.00613,39300.76
2025/4/5 14:00,19.0,0.00608,41332.83
2025/4/5 15:00,20.3,0.00613,11440.82
2025/4/5 16:00,19.97,0.00598,2381.3
2025/4/5 17:00,19.11,0.00596,18570.57
2025/4/5 18:00,17.91,0.006019999999999999,2887.14
2025/4/5 19:00,16.58,0.0061200000000000004,0.0
2025/4/5 20:00,15.3,0.00624,0.0
2025/4/5 21:00,14.23,0.00637,0.0
2025/4/5 22:00,13.31,0.00651,0.0
2025/4/5 23:00,12.45,0.0066,0.0
2025/4/6 0:00,11.54,0.0065899999999999995,0.0
2025/4/6 1:00,10.49,0.00645,0.0
2025/4/6 2:00,9.2,0.00614,0.0
2025/4/6 3:00,7.68,0.005690000000000001,0.0
2025/4/6 4:00,6.36,0.0052699999999999995,0.0
2025/4/6 5:00,5.8,0.005059999999999999,0.0
2025/4/6 6:00,6.57,0.00524,0.0
2025/4/6 7:00,8.43,0.005719999999999999,0.0
2025/4/6 8:00,10.7,0.00623,0.0
2025/4/6 9:00,12.8,0.00647,0.0
2025/4/6 10:00,14.67,0.00638,482.75
2025/4/6 11:00,16.32,0.006019999999999999,418.13
2025/4/6 12:00,17.8,0.0055,19318.91
2025/4/6 13:00,19.15,0.00498,41351.4
2025/4/6 14:00,20.4,0.00466,53352.93
2025/4/6 15:00,21.2,0.00462,53063.83
2025/4/6 16:00,20.94,0.004690000000000001,41740.28
2025/4/6 17:00,20.24,0.004940000000000001,34527.62
2025/4/6 18:00,19.26,0.0052699999999999995,25731.25
2025/4/6 19:00,18.13,0.0055899999999999995,2656.7
2025/4/6 20:00,17.0,0.005849999999999999,0.0
2025/4/6 21:00,15.98,0.00604,0.0
2025/4/6 22:00,15.04,0.0061600000000000005,0.0
2025/4/6 23:00,14.16,0.00623,0.0
2025/4/7 0:00,13.27,0.00623,0.0
2025/4/7 1:00,12.33,0.00615,0.0
2025/4/7 2:00,11.3,0.0059900000000000005,0.0
2025/4/7 3:00,10.19,0.0057599999999999995,0.0
2025/4/7 4:00,9.28,0.00556,0.0
2025/4/7 5:00,8.9,0.00552,0.0
2025/4/7 6:00,9.24,0.005679999999999999,0.0
2025/4/7 7:00,10.06,0.00596,0.0
2025/4/7 8:00,11.0,0.0062,0.0
2025/4/7 9:00,11.82,0.0062699999999999995,0.0
2025/4/7 10:00,12.56,0.0062,0.0
2025/4/7 11:00,13.35,0.00608,0.0
2025/4/7 12:00,14.32,0.00598,0.0
2025/4/7 13:00,15.6,0.0059900000000000005,0.0
2025/4/7 14:00,17.3,0.00622,0.0
2025/4/7 15:00,18.7,0.00644,0.0
2025/4/7 16:00,18.23,0.006059999999999999,0.0
2025/4/7 17:00,17.02,0.00556,0.0
2025/4/7 18:00,15.36,0.00507,0.0
2025/4/7 19:00,13.56,0.0046500000000000005,0.0
2025/4/7 20:00,11.9,0.00437,0.0
2025/4/7 21:00,10.62,0.00426,0.0
2025/4/7 22:00,9.71,0.00425,0.0
2025/4/7 23:00,9.1,0.0042699999999999995,0.0
2025/4/8 0:00,8.71,0.00425,0.0
2025/4/8 1:00,8.47,0.00417,0.0
2025/4/8 2:00,8.3,0.00396,0.0
2025/4/8 3:00,8.15,0.0035800000000000003,0.0
2025/4/8 4:00,8.04,0.00307,0.0
2025/4/8 5:00,8.0,0.0025099999999999996,0.0
2025/4/8 6:00,8.48,0.0020099999999999996,0.0
2025/4/8 7:00,9.58,0.00158,0.0
2025/4/8 8:00,10.8,0.00121,0.0
2025/4/8 9:00,11.75,0.00093,0.0
2025/4/8 10:00,12.42,0.0007700000000000001,250.79
2025/4/8 11:00,12.9,0.0007199999999999999,5808.9
2025/4/8 12:00,13.28,0.00075,18000.8
2025/4/8 13:00,13.65,0.00082,25620.9
2025/4/8 14:00,14.1,0.0009,34736.99
2025/4/8 15:00,14.63,0.00094,33485.23
2025/4/8 16:00,14.9,0.00093,29735.93
2025/4/8 17:00,14.69,0.00088,34557.94
2025/4/8 18:00,14.18,0.00083,26796.03
2025/4/8 19:00,13.56,0.0008,367.06
2025/4/8 20:00,13.0,0.0008399999999999999,0.0
2025/4/8 21:00,12.63,0.00094,0.0
2025/4/8 22:00,12.36,0.0011,0.0
2025/4/8 23:00,12.03,0.00127,0.0
2025/4/9 0:00,11.49,0.0014199999999999998,0.0
2025/4/9 1:00,10.6,0.00152,0.0
2025/4/9 2:00,9.2,0.00152,0.0
2025/4/9 3:00,7.3,0.0014199999999999998,0.0
2025/4/9 4:00,5.56,0.0013,0.0
2025/4/9 5:00,4.8,0.00124,0.0
2025/4/9 6:00,5.69,0.0012900000000000001,0.0
2025/4/9 7:00,7.71,0.00141,0.0
2025/4/9 8:00,9.9,0.00152,0.0
2025/4/9 9:00,11.51,0.0015,0.0
2025/4/9 10:00,12.6,0.00139,160.26
2025/4/9 11:00,13.48,0.00124,8753.9
2025/4/9 12:00,14.41,0.0011,24855.72
2025/4/9 13:00,15.69,0.0010400000000000001,37641.61
2025/4/9 14:00,17.6,0.0011200000000000001,50682.87
2025/4/9 15:00,19.3,0.00136,25326.73
2025/4/9 16:00,18.94,0.00161,33131.62
2025/4/9 17:00,17.99,0.0019,37688.05
2025/4/9 18:00,16.67,0.00222,30091.41
2025/4/9 19:00,15.17,0.0025299999999999997,2036.04
2025/4/9 20:00,13.7,0.00283,0.0
2025/4/9 21:00,12.43,0.00314,0.0
2025/4/9 22:00,11.34,0.00342,0.0
2025/4/9 23:00,10.41,0.00364,0.0
2025/4/10 0:00,9.59,0.0038,0.0
2025/4/10 1:00,8.83,0.00383,0.0
2025/4/10 2:00,8.1,0.00372,0.0
2025/4/10 3:00,7.38,0.00346,0.0
2025/4/10 4:00,6.83,0.00313,0.0
2025/4/10 5:00,6.6,0.00281,0.0
2025/4/10 6:00,7.89,0.0027,0.0
2025/4/10 7:00,10.88,0.00283,0.0
2025/4/10 8:00,14.2,0.0029300000000000003,0.0
2025/4/10 9:00,16.77,0.00285,0.0
2025/4/10 10:00,18.55,0.00259,2425.11
2025/4/10 11:00,19.76,0.00226,1182.1
2025/4/10 12:00,20.6,0.00196,22866.48
2025/4/10 13:00,21.31,0.00174,59274.36
2025/4/10 14:00,22.1,0.00166,60634.72
2025/4/10 15:00,23.03,0.00175,28577.15
2025/4/10 16:00,23.5,0.00195,36239.53
2025/4/10 17:00,23.14,0.00214,42511.23
2025/4/10 18:00,22.23,0.0023,27293.61
2025/4/10 19:00,21.06,0.0024100000000000002,4752.43
2025/4/10 20:00,19.9,0.0024700000000000004,0.0
2025/4/10 21:00,18.96,0.0025,0.0
2025/4/10 22:00,18.18,0.0025,0.0
2025/4/10 23:00,17.43,0.00248,0.0
2025/4/11 0:00,16.59,0.00242,0.0
2025/4/11 1:00,15.52,0.00233,0.0
2025/4/11 2:00,14.1,0.0022,0.0
2025/4/11 3:00,12.33,0.00204,0.0
2025/4/11 4:00,10.77,0.0019199999999999998,0.0
2025/4/11 5:00,10.1,0.00188,0.0
2025/4/11 6:00,11.01,0.00202,0.0
2025/4/11 7:00,13.03,0.00227,0.0
2025/4/11 8:00,15.1,0.00246,0.0
2025/4/11 9:00,16.38,0.0024100000000000002,36.59
2025/4/11 10:00,17.04,0.00216,8705.44
2025/4/11 11:00,17.45,0.00184,28685.99
2025/4/11 12:00,18.02,0.0015400000000000001,18535.73
2025/4/11 13:00,19.14,0.0013700000000000001,18172.63
2025/4/11 14:00,21.2,0.00141,58062.39
2025/4/11 15:00,23.2,0.0016899999999999999,70204.12
2025/4/11 16:00,22.77,0.00197,57736.21
2025/4/11 17:00,21.67,0.00231,44367.01
2025/4/11 18:00,20.2,0.00264,33583.46
2025/4/11 19:00,18.65,0.00294,6300.82
2025/4/11 20:00,17.3,0.0032,0.0
2025/4/11 21:00,16.37,0.00348,0.0
2025/4/11 22:00,15.71,0.00376,0.0
2025/4/11 23:00,15.13,0.00401,0.0
2025/4/12 0:00,14.39,0.004200000000000001,0.0
2025/4/12 1:00,13.29,0.00422,0.0
2025/4/12 2:00,11.6,0.00404,0.0
2025/4/12 3:00,9.31,0.00367,0.0
2025/4/12 4:00,7.22,0.00333,0.0
2025/4/12 5:00,6.3,0.00321,0.0
2025/4/12 6:00,7.41,0.00348,0.0
2025/4/12 7:00,10.05,0.004059999999999999,0.0
2025/4/12 8:00,13.2,0.00468,0.0
2025/4/12 9:00,16.02,0.005,133.58
2025/4/12 10:00,18.36,0.004889999999999999,15102.63
2025/4/12 11:00,20.29,0.00441,30421.01
2025/4/12 12:00,21.84,0.00369,23238.33
2025/4/12 13:00,23.06,0.0029500000000000004,52719.19
2025/4/12 14:00,24.0,0.00244,41619.54
2025/4/12 15:00,24.5,0.00234,31173.65
2025/4/12 16:00,24.07,0.00259,43149.16
2025/4/12 17:00,22.99,0.0030499999999999998,45964.59
2025/4/12 18:00,21.52,0.0035800000000000003,28193.72
2025/4/12 19:00,19.97,0.0040999999999999995,4616.21
2025/4/12 20:00,18.6,0.0045899999999999995,0.0
2025/4/12 21:00,17.63,0.00507,0.0
2025/4/12 22:00,16.93,0.00552,0.0
2025/4/12 23:00,16.32,0.00587,0.0
2025/4/13 0:00,15.59,0.00605,0.0
2025/4/13 1:00,14.55,0.00597,0.0
2025/4/13 2:00,13.0,0.00557,0.0
2025/4/13 3:00,10.92,0.004889999999999999,0.0
2025/4/13 4:00,9.03,0.00424,0.0
2025/4/13 5:00,8.2,0.0038799999999999998,0.0
2025/4/13 6:00,9.3,0.00398,0.0
2025/4/13 7:00,11.92,0.00442,0.0
2025/4/13 8:00,15.0,0.004940000000000001,0.0
2025/4/13 9:00,17.68,0.00525,0.0
2025/4/13 10:00,19.85,0.00529,0.0
2025/4/13 11:00,21.54,0.00512,16973.84
2025/4/13 12:00,22.83,0.004860000000000001,19886.39
2025/4/13 13:00,23.76,0.00464,47330.07
2025/4/13 14:00,24.4,0.00462,82329.89
2025/4/13 15:00,24.7,0.00487,68689.75
2025/4/13 16:00,24.06,0.00518,64064.25
2025/4/13 17:00,22.41,0.00537,39022.26
2025/4/13 18:00,20.14,0.00544,32777.17
2025/4/13 19:00,17.64,0.00541,6657.9
2025/4/13 20:00,15.3,0.00537,0.0
2025/4/13 21:00,13.43,0.0054,0.0
2025/4/13 22:00,12.0,0.00547,0.0
2025/4/13 23:00,10.89,0.00553,0.0
2025/4/14 0:00,10.0,0.00547,0.0
2025/4/14 1:00,9.21,0.00534,0.0
2025/4/14 2:00,8.4,0.005019999999999999,0.0
2025/4/14 3:00,7.53,0.00451,0.0
2025/4/14 4:00,6.8,0.00395,0.0
2025/4/14 5:00,6.5,0.0034500000000000004,0.0
2025/4/14 6:00,7.61,0.00323,0.0
2025/4/14 7:00,10.12,0.00326,0.0
2025/4/14 8:00,12.8,0.00331,0.0
2025/4/14 9:00,14.68,0.00325,0.0
2025/4/14 10:00,15.78,0.00315,0.0
2025/4/14 11:00,16.38,0.00307,0.0
2025/4/14 12:00,16.77,0.0030800000000000003,0.0
2025/4/14 13:00,17.22,0.00319,482.93
2025/4/14 14:00,18.0,0.00347,1348.25
2025/4/14 15:00,18.8,0.00382,42289.83
2025/4/14 16:00,18.55,0.004,48369.35
2025/4/14 17:00,17.87,0.00412,9035.67
2025/4/14 18:00,16.91,0.00422,110.98
2025/4/14 19:00,15.81,0.00433,0.0
2025/4/14 20:00,14.7,0.0044800000000000005,0.0
2025/4/14 21:00,13.69,0.004690000000000001,0.0
2025/4/14 22:00,12.76,0.00492,0.0
2025/4/14 23:00,11.9,0.00515,0.0
2025/4/15 0:00,11.06,0.00534,0.0
2025/4/15 1:00,10.2,0.00544,0.0
2025/4/15 2:00,9.3,0.00543,0.0
2025/4/15 3:00,8.36,0.00531,0.0
2025/4/15 4:00,7.61,0.0051600000000000005,0.0
2025/4/15 5:00,7.3,0.00508,0.0
2025/4/15 6:00,8.01,0.00524,0.0
2025/4/15 7:00,9.71,0.00566,0.0
2025/4/15 8:00,11.8,0.00607,0.0
2025/4/15 9:00,13.75,0.00622,0.0
2025/4/15 10:00,15.49,0.006059999999999999,6058.25
2025/4/15 11:00,17.03,0.00566,503.9
2025/4/15 12:00,18.4,0.00514,789.19
2025/4/15 13:00,19.61,0.00466,3836.03
2025/4/15 14:00,20.7,0.00443,51732.33
2025/4/15 15:00,21.61,0.0046,21770.02
2025/4/15 16:00,22.0,0.005030000000000001,5908.95
2025/4/15 17:00,21.6,0.00546,2918.42
2025/4/15 18:00,20.56,0.00571,1479.31
2025/4/15 19:00,19.18,0.005719999999999999,0.0
2025/4/15 20:00,17.7,0.00546,0.0
2025/4/15 21:00,16.36,0.00498,0.0
2025/4/15 22:00,15.15,0.00439,0.0
2025/4/15 23:00,14.05,0.00378,0.0
2025/4/16 0:00,13.0,0.0032,0.0
2025/4/16 1:00,11.97,0.00271,0.0
2025/4/16 2:00,10.9,0.00235,0.0
2025/4/16 3:00,9.82,0.00213,0.0
2025/4/16 4:00,8.95,0.00204,0.0
2025/4/16 5:00,8.6,0.0020800000000000003,0.0
2025/4/16 6:00,8.93,0.0022299999999999998,0.0
2025/4/16 7:00,9.7,0.0024300000000000003,0.0
2025/4/16 8:00,10.6,0.00262,0.0
2025/4/16 9:00,11.38,0.00271,0.0
2025/4/16 10:00,12.08,0.0027,73.46
2025/4/16 11:00,12.83,0.00265,3474.84
2025/4/16 12:00,13.73,0.0026,13717.25
2025/4/16 13:00,14.92,0.00259,23229.05
2025/4/16 14:00,16.5,0.00268,33725.9
2025/4/16 15:00,17.8,0.00281,34566.26
2025/4/16 16:00,17.52,0.00277,28406.69
2025/4/16 17:00,16.8,0.00275,30572.27
2025/4/16 18:00,15.8,0.00278,27601.95
2025/4/16 19:00,14.71,0.0028599999999999997,1422.13
2025/4/16 20:00,13.7,0.00302,0.0
2025/4/16 21:00,12.89,0.00326,0.0
2025/4/16 22:00,12.21,0.0035600000000000002,0.0
2025/4/16 23:00,11.55,0.0038599999999999997,0.0
2025/4/17 0:00,10.79,0.00411,0.0
2025/4/17 1:00,9.81,0.00424,0.0
2025/4/17 2:00,8.5,0.00422,0.0
2025/4/17 3:00,6.87,0.004030000000000001,0.0
2025/4/17 4:00,5.42,0.00383,0.0
2025/4/17 5:00,4.8,0.00376,0.0
2025/4/17 6:00,5.49,0.0039700000000000004,0.0
2025/4/17 7:00,7.21,0.00437,0.0
2025/4/17 8:00,9.4,0.00478,0.0
2025/4/17 9:00,11.59,0.00501,0.0
2025/4/17 10:00,13.66,0.00497,0.0
2025/4/17 11:00,15.55,0.00468,2140.45
2025/4/17 12:00,17.2,0.004200000000000001,12214.12
2025/4/17 13:00,18.57,0.00367,24515.94
2025/4/17 14:00,19.6,0.00327,33183.38
2025/4/17 15:00,20.1,0.00314,32617.79
2025/4/17 16:00,19.72,0.00322,26657.03
2025/4/17 17:00,18.76,0.00344,26130.87
2025/4/17 18:00,17.45,0.0037099999999999998,24547.61
2025/4/17 19:00,16.05,0.0039700000000000004,1341.58
2025/4/17 20:00,14.8,0.004200000000000001,0.0
2025/4/17 21:00,13.88,0.00442,0.0
2025/4/17 22:00,13.22,0.00462,0.0
2025/4/17 23:00,12.68,0.00478,0.0
2025/4/18 0:00,12.1,0.00488,0.0
2025/4/18 1:00,11.36,0.004860000000000001,0.0
2025/4/18 2:00,10.3,0.004690000000000001,0.0
2025/4/18 3:00,8.91,0.00439,0.0
2025/4/18 4:00,7.65,0.0040999999999999995,0.0
2025/4/18 5:00,7.1,0.0039700000000000004,0.0
2025/4/18 6:00,7.9,0.00417,0.0
2025/4/18 7:00,9.78,0.00464,0.0
2025/4/18 8:00,12.0,0.00517,0.0
2025/4/18 9:00,13.93,0.00552,0.0
2025/4/18 10:00,15.54,0.00567,109.28
2025/4/18 11:00,16.95,0.00566,0.0
2025/4/18 12:00,18.28,0.00558,8852.07
2025/4/18 13:00,19.62,0.00553,8420.36
2025/4/18 14:00,21.1,0.00563,29330.83
2025/4/18 15:00,22.2,0.0058,16038.94
2025/4/18 16:00,21.76,0.00563,5849.3
2025/4/18 17:00,20.7,0.00543,20536.51
2025/4/18 18:00,19.41,0.0053,50258.21
2025/4/18 19:00,18.28,0.00531,10098.22
2025/4/18 20:00,17.7,0.00557,0.0
2025/4/18 21:00,17.7,0.00609,0.0
2025/4/18 22:00,17.19,0.00643,0.0
2025/4/18 23:00,16.16,0.006549999999999999,0.0
2025/4/19 0:00,14.98,0.00657,0.0
2025/4/19 1:00,14.0,0.00661,0.0
2025/4/19 2:00,13.6,0.00684,0.0
2025/4/19 3:00,13.14,0.0069900000000000006,0.0
2025/4/19 4:00,12.17,0.00683,0.0
2025/4/19 5:00,11.3,0.00664,0.0
2025/4/19 6:00,10.99,0.00664,0.0
2025/4/19 7:00,11.19,0.00679,0.0
2025/4/19 8:00,11.7,0.0069900000000000006,0.0
2025/4/19 9:00,12.34,0.00718,0.0
2025/4/19 10:00,13.04,0.00732,0.0
2025/4/19 11:00,13.73,0.00744,0.0
2025/4/19 12:00,14.38,0.00754,0.0
2025/4/19 13:00,14.92,0.00764,0.0
2025/4/19 14:00,15.3,0.0077599999999999995,0.0
2025/4/19 15:00,15.48,0.00793,0.0
2025/4/19 16:00,15.5,0.008119999999999999,0.0
2025/4/19 17:00,15.38,0.00833,0.0
2025/4/19 18:00,15.18,0.00853,0.0
2025/4/19 19:00,14.94,0.00871,0.0
2025/4/19 20:00,14.7,0.00885,0.0
2025/4/19 21:00,14.49,0.00894,0.0
2025/4/19 22:00,14.3,0.00895,0.0
2025/4/19 23:00,14.11,0.00888,0.0
2025/4/20 0:00,13.9,0.00867,0.0
2025/4/20 1:00,13.64,0.00834,0.0
2025/4/20 2:00,13.3,0.00786,0.0
2025/4/20 3:00,12.9,0.00724,0.0
2025/4/20 4:00,12.55,0.00656,0.0
2025/4/20 5:00,12.4,0.00591,0.0
2025/4/20 6:00,12.66,0.00537,0.0
2025/4/20 7:00,13.37,0.00492,0.0
2025/4/20 8:00,14.4,0.0045,0.0
2025/4/20 9:00,15.65,0.00409,0.0
2025/4/20 10:00,16.99,0.00365,338.7
2025/4/20 11:00,18.31,0.00323,15477.26
2025/4/20 12:00,19.48,0.0028599999999999997,6677.79
2025/4/20 13:00,20.39,0.00263,6763.9
2025/4/20 14:00,20.9,0.00262,41859.29
2025/4/20 15:00,21.0,0.00289,50640.98
2025/4/20 16:00,20.65,0.0033900000000000002,14507.08
2025/4/20 17:00,19.74,0.00396,3993.63
2025/4/20 18:00,18.48,0.00452,2795.76
2025/4/20 19:00,17.06,0.005019999999999999,0.0
2025/4/20 20:00,15.7,0.00546,0.0
2025/4/20 21:00,14.55,0.00587,0.0
2025/4/20 22:00,13.58,0.00621,0.0
2025/4/20 23:00,12.72,0.00643,0.0
2025/4/21 0:00,11.89,0.00646,0.0
2025/4/21 1:00,11.01,0.0063,0.0
2025/4/21 2:00,10.0,0.005889999999999999,0.0
2025/4/21 3:00,8.86,0.00525,0.0
2025/4/21 4:00,7.9,0.00458,0.0
2025/4/21 5:00,7.5,0.00401,0.0
2025/4/21 6:00,8.54,0.00377,0.0
2025/4/21 7:00,10.88,0.00377,0.0
2025/4/21 8:00,13.4,0.00372,0.0
2025/4/21 9:00,15.17,0.00347,0.0
2025/4/21 10:00,16.24,0.00309,41.02
2025/4/21 11:00,16.87,0.00272,4943.13
2025/4/21 12:00,17.33,0.00246,15928.24
2025/4/21 13:00,17.88,0.0023799999999999997,26325.09
2025/4/21 14:00,18.8,0.00256,35885.29
2025/4/21 15:00,19.7,0.00297,36081.07
2025/4/21 16:00,19.34,0.00335,29801.35
2025/4/21 17:00,18.4,0.0037099999999999998,31445.84
2025/4/21 18:00,17.07,0.00401,18548.21
2025/4/21 19:00,15.54,0.00423,126.94
2025/4/21 20:00,14.0,0.00437,0.0
2025/4/21 21:00,12.61,0.00447,0.0
2025/4/21 22:00,11.39,0.00455,0.0
2025/4/21 23:00,10.32,0.0045899999999999995,0.0
2025/4/22 0:00,9.38,0.0046,0.0
2025/4/22 1:00,8.54,0.00458,0.0
2025/4/22 2:00,7.8,0.00453,0.0
2025/4/22 3:00,7.15,0.00445,0.0
2025/4/22 4:00,6.68,0.00436,0.0
2025/4/22 5:00,6.5,0.0043,0.0
2025/4/22 6:00,7.1,0.00442,0.0
2025/4/22 7:00,8.61,0.00474,0.0
2025/4/22 8:00,10.6,0.0051600000000000005,0.0
2025/4/22 9:00,12.68,0.00551,0.0
2025/4/22 10:00,14.72,0.00574,0.0
2025/4/22 11:00,16.62,0.005809999999999999,0.0
2025/4/22 12:00,18.29,0.00571,1868.6
2025/4/22 13:00,19.65,0.00546,28174.0
2025/4/22 14:00,20.6,0.00513,28727.25
2025/4/22 15:00,21.0,0.0047599999999999995,35674.41
2025/4/22 16:00,20.65,0.00438,23084.14
2025/4/22 17:00,19.72,0.00408,5970.11
2025/4/22 18:00,18.37,0.00393,13141.71
2025/4/22 19:00,16.77,0.00391,0.0
2025/4/22 20:00,15.1,0.00404,0.0
2025/4/22 21:00,13.5,0.0043,0.0
2025/4/22 22:00,12.02,0.0045899999999999995,0.0
2025/4/22 23:00,10.69,0.004860000000000001,0.0
2025/4/23 0:00,9.52,0.00504,0.0
2025/4/23 1:00,8.55,0.0051600000000000005,0.0
2025/4/23 2:00,7.8,0.00517,0.0
2025/4/23 3:00,7.29,0.00507,0.0
2025/4/23 4:00,6.99,0.00488,0.0
2025/4/23 5:00,6.9,0.0046500000000000005,0.0
2025/4/23 6:00,7.9,0.00466,0.0
2025/4/23 7:00,10.21,0.00501,0.0
2025/4/23 8:00,12.8,0.00539,0.0
2025/4/23 9:00,14.85,0.00553,0.0
2025/4/23 10:00,16.28,0.00541,353.61
2025/4/23 11:00,17.23,0.00509,0.0
2025/4/23 12:00,17.82,0.004690000000000001,0.0
2025/4/23 13:00,18.17,0.0042699999999999995,278.7
2025/4/23 14:00,18.4,0.00392,696.35
2025/4/23 15:00,18.6,0.00369,362.2
2025/4/23 16:00,18.7,0.00357,0.0
2025/4/23 17:00,18.43,0.00354,19869.5
2025/4/23 18:00,17.73,0.00357,21515.24
2025/4/23 19:00,16.76,0.0037099999999999998,122.79
2025/4/23 20:00,15.7,0.00396,0.0
2025/4/23 21:00,14.68,0.00433,0.0
2025/4/23 22:00,13.69,0.00474,0.0
2025/4/23 23:00,12.69,0.00509,0.0
2025/4/24 0:00,11.63,0.00537,0.0
2025/4/24 1:00,10.48,0.00543,0.0
2025/4/24 2:00,9.2,0.00528,0.0
2025/4/24 3:00,7.81,0.0049299999999999995,0.0
2025/4/24 4:00,6.67,0.00454,0.0
2025/4/24 5:00,6.2,0.0042699999999999995,0.0
2025/4/24 6:00,7.29,0.00436,0.0
2025/4/24 7:00,9.9,0.00481,0.0
2025/4/24 8:00,13.0,0.00531,0.0
2025/4/24 9:00,15.77,0.00554,0.0
2025/4/24 10:00,18.05,0.00541,433.16
2025/4/24 11:00,19.87,0.0049900000000000005,19698.52
2025/4/24 12:00,21.25,0.0044,9022.18
2025/4/24 13:00,22.22,0.00382,8384.19
2025/4/24 14:00,22.8,0.00344,14090.08
2025/4/24 15:00,23.0,0.0034100000000000003,44566.78
2025/4/24 16:00,22.69,0.00365,45690.36
2025/4/24 17:00,21.87,0.004059999999999999,23070.32
2025/4/24 18:00,20.73,0.00454,37913.2
2025/4/24 19:00,19.45,0.005019999999999999,8203.7
2025/4/24 20:00,18.2,0.00546,0.0
2025/4/24 21:00,17.12,0.00588,0.0
2025/4/24 22:00,16.17,0.00625,0.0
2025/4/24 23:00,15.25,0.00654,0.0
2025/4/25 0:00,14.28,0.00674,0.0
2025/4/25 1:00,13.16,0.006730000000000001,0.0
2025/4/25 2:00,11.8,0.00651,0.0
2025/4/25 3:00,10.22,0.0060999999999999995,0.0
2025/4/25 4:00,8.87,0.00571,0.0
2025/4/25 5:00,8.3,0.00554,0.0
2025/4/25 6:00,9.03,0.00577,0.0
2025/4/25 7:00,10.85,0.00631,0.0
2025/4/25 8:00,13.2,0.0069500000000000004,0.0
2025/4/25 9:00,15.6,0.0074,0.0
2025/4/25 10:00,17.9,0.007549999999999999,118.18
2025/4/25 11:00,20.06,0.00737,1890.58
2025/4/25 12:00,22.0,0.006889999999999999,7290.26
2025/4/25 13:00,23.67,0.00623,33488.14
2025/4/25 14:00,25.0,0.00556,74560.84
2025/4/25 15:00,25.7,0.00501,82159.96
2025/4/25 16:00,25.35,0.00454,51595.71
2025/4/25 17:00,24.45,0.00428,19187.24
2025/4/25 18:00,23.28,0.00418,9323.73
2025/4/25 19:00,22.07,0.00422,1920.38
2025/4/25 20:00,21.1,0.00438,0.0
2025/4/25 21:00,20.53,0.0046500000000000005,0.0
2025/4/25 22:00,20.2,0.005,0.0
2025/4/25 23:00,19.87,0.00537,0.0
2025/4/26 0:00,19.29,0.0057,0.0
2025/4/26 1:00,18.21,0.005860000000000001,0.0
2025/4/26 2:00,16.4,0.00574,0.0
2025/4/26 3:00,13.84,0.00535,0.0
2025/4/26 4:00,11.45,0.0049900000000000005,0.0
2025/4/26 5:00,10.4,0.00501,0.0
2025/4/26 6:00,11.01,0.00552,0.0
2025/4/26 7:00,12.38,0.0062699999999999995,0.0
2025/4/26 8:00,13.8,0.0069500000000000004,0.0
2025/4/26 9:00,14.75,0.00725,0.0
2025/4/26 10:00,15.41,0.00724,0.0
2025/4/26 11:00,16.1,0.00714,299.22
2025/4/26 12:00,17.19,0.00715,39492.25
2025/4/26 13:00,19.01,0.00754,25892.71
2025/4/26 14:00,21.9,0.00863,21678.61
2025/4/26 15:00,24.5,0.009970000000000001,27262.36
2025/4/26 16:00,24.09,0.00985,20445.29
2025/4/26 17:00,23.06,0.00958,9510.24
2025/4/26 18:00,21.73,0.009269999999999999,4779.19
2025/4/26 19:00,20.41,0.00903,0.0
2025/4/26 20:00,19.4,0.008960000000000001,0.0
2025/4/26 21:00,18.92,0.00916,0.0
2025/4/26 22:00,18.79,0.009529999999999999,0.0
2025/4/26 23:00,18.71,0.00991,0.0
2025/4/27 0:00,18.41,0.01017,0.0
2025/4/27 1:00,17.6,0.01002,0.0
2025/4/27 2:00,16.0,0.009349999999999999,0.0
2025/4/27 3:00,13.57,0.00822,0.0
2025/4/27 4:00,11.24,0.00721,0.0
2025/4/27 5:00,10.2,0.0068200000000000005,0.0
2025/4/27 6:00,11.15,0.00729,0.0
2025/4/27 7:00,13.32,0.008320000000000001,0.0
2025/4/27 8:00,15.7,0.0094,0.0
2025/4/27 9:00,17.48,0.009949999999999999,0.0
2025/4/27 10:00,18.72,0.00996,13218.44
2025/4/27 11:00,19.71,0.00966,11345.65
2025/4/27 12:00,20.73,0.00933,14007.99
2025/4/27 13:00,22.06,0.00923,24116.9
2025/4/27 14:00,24.0,0.00967,81367.49
2025/4/27 15:00,25.7,0.010369999999999999,99478.34
2025/4/27 16:00,25.44,0.01027,51548.66
2025/4/27 17:00,24.75,0.01022,25880.42
2025/4/27 18:00,23.78,0.01022,14652.11
2025/4/27 19:00,22.68,0.01026,2142.3
2025/4/27 20:00,21.6,0.01034,0.0
2025/4/27 21:00,20.64,0.01047,0.0
2025/4/27 22:00,19.79,0.01062,0.0
2025/4/27 23:00,18.97,0.01073,0.0
2025/4/28 0:00,18.13,0.0108,0.0
2025/4/28 1:00,17.19,0.01065,0.0
2025/4/28 2:00,16.1,0.0103,0.0
2025/4/28 3:00,14.87,0.00976,0.0
2025/4/28 4:00,13.84,0.00925,0.0
2025/4/28 5:00,13.4,0.00899,0.0
2025/4/28 6:00,14.16,0.00928,0.0
2025/4/28 7:00,16.01,0.01007,0.0
2025/4/28 8:00,18.3,0.0109,0.0
2025/4/28 9:00,20.48,0.01129,12939.07
2025/4/28 10:00,22.42,0.01105,25211.91
2025/4/28 11:00,24.1,0.01019,40909.04
2025/4/28 12:00,25.51,0.00878,48177.26
2025/4/28 13:00,26.61,0.007,56392.53
2025/4/28 14:00,27.4,0.0050999999999999995,61878.2
2025/4/28 15:00,27.86,0.0033399999999999997,76508.37
2025/4/28 16:00,28.0,0.00197,58945.59
2025/4/28 17:00,27.42,0.0011200000000000001,41962.1
2025/4/28 18:00,26.14,0.00092,28041.82
2025/4/28 19:00,24.84,0.00136,7944.18
2025/4/28 20:00,24.2,0.00248,1986.47
2025/4/28 21:00,24.2,0.00435,944.67
2025/4/28 22:00,22.74,0.00615,76.23
2025/4/28 23:00,19.99,0.00721,0.0
2025/4/29 0:00,16.89,0.00752,0.0
2025/4/29 1:00,14.35,0.0075899999999999995,0.0
2025/4/29 2:00,13.3,0.007940000000000001,0.0
2025/4/29 3:00,12.8,0.008119999999999999,0.0
2025/4/29 4:00,11.91,0.00775,0.0
2025/4/29 5:00,11.6,0.00741,0.0
2025/4/29 6:00,12.54,0.0074800000000000005,0.0
2025/4/29 7:00,14.37,0.0078,0.0
2025/4/29 8:00,16.5,0.00809,0.0
2025/4/29 9:00,18.41,0.0081,0.0
2025/4/29 10:00,20.01,0.00779,7542.72
2025/4/29 11:00,21.31,0.00718,13419.52
2025/4/29 12:00,22.34,0.00636,36141.24
2025/4/29 13:00,23.1,0.0054,56459.4
2025/4/29 14:00,23.6,0.00441,62891.82
2025/4/29 15:00,23.86,0.00349,62771.41
2025/4/29 16:00,23.89,0.00272,54302.05
2025/4/29 17:00,23.68,0.00218,42269.37
2025/4/29 18:00,23.25,0.0019199999999999998,18920.26
2025/4/29 19:00,22.59,0.00195,3994.83
2025/4/29 20:00,21.7,0.00228,236.97
2025/4/29 21:00,20.6,0.00285,0.0
2025/4/29 22:00,19.33,0.0035,0.0
2025/4/29 23:00,17.94,0.00408,0.0
2025/4/30 0:00,16.47,0.0044599999999999996,0.0
2025/4/30 1:00,14.98,0.00464,0.0
2025/4/30 2:00,13.5,0.00456,0.0
2025/4/30 3:00,12.13,0.00428,0.0
2025/4/30 4:00,11.1,0.00391,0.0
2025/4/30 5:00,10.7,0.00361,0.0
2025/4/30 6:00,11.6,0.00352,0.0
2025/4/30 7:00,13.72,0.00365,0.0
2025/4/30 8:00,16.2,0.00381,0.0
2025/4/30 9:00,18.33,0.0038900000000000002,12.65
2025/4/30 10:00,20.0,0.00387,436.43
2025/4/30 11:00,21.23,0.00382,24983.83
2025/4/30 12:00,22.07,0.00376,24043.49
2025/4/30 13:00,22.55,0.0037400000000000003,51820.62
2025/4/30 14:00,22.7,0.00381,66631.96
2025/4/30 15:00,22.5,0.00395,62896.48
2025/4/30 16:00,21.98,0.0041600000000000005,51799.64
2025/4/30 17:00,21.25,0.00443,44285.67
2025/4/30 18:00,20.42,0.0047599999999999995,47539.72
2025/4/30 19:00,19.6,0.00515,14422.78
2025/4/30 20:00,18.9,0.00563,1732.32
2025/4/30 21:00,18.2,0.00613,13.96
2025/4/30 22:00,16.77,0.0062900000000000005,0.0
2025/4/30 23:00,14.8,0.00611,0.0
2025/5/1 0:00,12.79,0.0057,0.0
2025/5/1 1:00,11.23,0.00538,0.0
2025/5/1 2:00,10.6,0.00524,0.0
2025/5/1 3:00,10.03,0.004940000000000001,0.0
2025/5/1 4:00,8.95,0.00437,0.0
2025/5/1 5:00,8.3,0.0038900000000000002,0.0
2025/5/1 6:00,8.76,0.00368,0.0
2025/5/1 7:00,10.04,0.00365,0.0
2025/5/1 8:00,11.6,0.00372,0.0
2025/5/1 9:00,12.99,0.0038399999999999997,0.0
2025/5/1 10:00,14.13,0.00398,0.0
2025/5/1 11:00,15.02,0.00414,16505.26
2025/5/1 12:00,15.67,0.00428,4218.75
2025/5/1 13:00,16.1,0.00437,1630.84
2025/5/1 14:00,16.3,0.00437,2095.71
2025/5/1 15:00,16.29,0.00425,1532.9
2025/5/1 16:00,16.1,0.00408,116.27
2025/5/1 17:00,15.77,0.00393,0.0
2025/5/1 18:00,15.32,0.00387,0.0
2025/5/1 19:00,14.78,0.00395,0.0
2025/5/1 20:00,14.2,0.00422,0.0
2025/5/1 21:00,13.6,0.00468,0.0
2025/5/1 22:00,13.01,0.00525,0.0
2025/5/1 23:00,12.46,0.0058200000000000005,0.0
2025/5/2 0:00,11.97,0.00635,0.0
2025/5/2 1:00,11.58,0.006690000000000001,0.0
2025/5/2 2:00,11.3,0.0068,0.0
2025/5/2 3:00,11.16,0.00666,0.0
2025/5/2 4:00,11.11,0.00631,0.0
2025/5/2 5:00,11.1,0.005809999999999999,0.0
2025/5/2 6:00,11.41,0.00537,0.0
2025/5/2 7:00,12.12,0.00505,0.0
2025/5/2 8:00,12.9,0.00484,0.0
2025/5/2 9:00,13.48,0.00474,0.0
2025/5/2 10:00,13.89,0.0047599999999999995,0.0
2025/5/2 11:00,14.21,0.00491,0.0
2025/5/2 12:00,14.54,0.00517,0.0
2025/5/2 13:00,14.97,0.00553,0.0
2025/5/2 14:00,15.6,0.0059900000000000005,0.0
2025/5/2 15:00,16.39,0.00651,0.0
2025/5/2 16:00,16.8,0.006849999999999999,0.0
2025/5/2 17:00,16.53,0.00687,0.0
2025/5/2 18:00,15.88,0.0067,0.0
2025/5/2 19:00,15.11,0.00647,0.0
2025/5/2 20:00,14.5,0.00631,0.0
2025/5/2 21:00,14.22,0.0063,0.0
2025/5/2 22:00,14.2,0.0064,0.0
2025/5/2 23:00,14.28,0.006549999999999999,0.0
2025/5/3 0:00,14.31,0.00671,0.0
2025/5/3 1:00,14.14,0.0067599999999999995,0.0
2025/5/3 2:00,13.6,0.00666,0.0
2025/5/3 3:00,12.66,0.00639,0.0
2025/5/3 4:00,11.73,0.00611,0.0
2025/5/3 5:00,11.3,0.00598,0.0
2025/5/3 6:00,11.67,0.0060999999999999995,0.0
2025/5/3 7:00,12.69,0.00638,0.0
2025/5/3 8:00,14.2,0.006719999999999999,0.0
2025/5/3 9:00,16.05,0.00701,0.0
2025/5/3 10:00,18.08,0.00717,0.0
2025/5/3 11:00,20.15,0.00715,16157.02
2025/5/3 12:00,22.11,0.00691,20285.67
2025/5/3 13:00,23.81,0.0065,27907.87
2025/5/3 14:00,25.1,0.00601,20589.69
2025/5/3 15:00,25.86,0.00561,16947.47
2025/5/3 16:00,26.1,0.00537,12884.0
2025/5/3 17:00,25.76,0.0053,23220.7
2025/5/3 18:00,24.85,0.00537,27166.15
2025/5/3 19:00,23.54,0.00555,5280.54
2025/5/3 20:00,22.0,0.0058200000000000005,0.0
2025/5/3 21:00,20.37,0.00613,0.0
2025/5/3 22:00,18.68,0.00639,0.0
2025/5/3 23:00,16.98,0.006549999999999999,0.0
2025/5/4 0:00,15.26,0.00657,0.0
2025/5/4 1:00,13.56,0.0064,0.0
2025/5/4 2:00,11.9,0.006059999999999999,0.0
2025/5/4 3:00,10.34,0.00561,0.0
2025/5/4 4:00,9.16,0.00517,0.0
2025/5/4 5:00,8.7,0.00488,0.0
2025/5/4 6:00,10.07,0.00508,0.0
2025/5/4 7:00,13.27,0.0058,0.0
2025/5/4 8:00,16.9,0.00656,0.0
2025/5/4 9:00,19.86,0.0068,0.0
2025/5/4 10:00,22.07,0.00644,2163.59
2025/5/4 11:00,23.73,0.005679999999999999,41307.82
2025/5/4 12:00,25.04,0.0048,47180.87
2025/5/4 13:00,26.2,0.00411,40716.51
2025/5/4 14:00,27.4,0.0039,44411.36
2025/5/4 15:00,28.3,0.00434,60444.62
2025/5/4 16:00,27.67,0.0049900000000000005,41683.48
2025/5/4 17:00,26.08,0.00562,40760.67
2025/5/4 18:00,23.97,0.00604,16308.54
2025/5/4 19:00,21.79,0.0062,5995.94
2025/5/4 20:00,20.0,0.0062,0.0
2025/5/4 21:00,18.92,0.00615,0.0
2025/5/4 22:00,18.45,0.0060999999999999995,0.0
2025/5/4 23:00,18.36,0.006030000000000001,0.0
2025/5/5 0:00,18.44,0.005889999999999999,0.0
2025/5/5 1:00,18.46,0.005679999999999999,0.0
2025/5/5 2:00,18.2,0.00538,0.0
2025/5/5 3:00,17.55,0.005,0.0
2025/5/5 4:00,16.84,0.00463,0.0
2025/5/5 5:00,16.5,0.0044,0.0
2025/5/5 6:00,17.08,0.0044,0.0
2025/5/5 7:00,18.41,0.00455,0.0
2025/5/5 8:00,19.9,0.00467,0.0
2025/5/5 9:00,21.09,0.00456,91.31
2025/5/5 10:00,22.04,0.00428,14256.71
2025/5/5 11:00,22.92,0.00396,36600.34
2025/5/5 12:00,23.92,0.00372,54769.76
2025/5/5 13:00,25.22,0.00368,72098.59
2025/5/5 14:00,27.0,0.004019999999999999,86150.38
2025/5/5 15:00,28.5,0.00474,89768.95
2025/5/5 16:00,28.01,0.00526,80406.11
2025/5/5 17:00,26.77,0.00571,70337.92
2025/5/5 18:00,25.09,0.00601,78382.11
2025/5/5 19:00,23.29,0.00615,32306.93
2025/5/5 20:00,21.7,0.00621,7529.43
2025/5/5 21:00,20.55,0.00625,2379.84
2025/5/5 22:00,19.74,0.0063,543.04
2025/5/5 23:00,19.11,0.00635,17.44
2025/5/6 0:00,18.48,0.0064,0.0
2025/5/6 1:00,17.67,0.00635,0.0
2025/5/6 2:00,16.5,0.00617,0.0
2025/5/6 3:00,14.94,0.005889999999999999,0.0
2025/5/6 4:00,13.52,0.00564,0.0
2025/5/6 5:00,12.9,0.00563,0.0
2025/5/6 6:00,13.95,0.0061600000000000005,0.0
2025/5/6 7:00,16.48,0.00721,0.0
2025/5/6 8:00,19.6,0.008400000000000001,0.0
2025/5/6 9:00,22.53,0.00917,857.64
2025/5/6 10:00,25.11,0.00929,25782.61
2025/5/6 11:00,27.29,0.00874,53526.73
2025/5/6 12:00,29.06,0.00766,77740.96
2025/5/6 13:00,30.37,0.00633,97849.75
2025/5/6 14:00,31.2,0.00517,109059.51
2025/5/6 15:00,31.5,0.00452,108395.41
2025/5/6 16:00,30.9,0.00429,98489.72
2025/5/6 17:00,29.44,0.00433,87144.3
2025/5/6 18:00,27.67,0.00452,91451.21
2025/5/6 19:00,26.11,0.00483,48786.1
2025/5/6 20:00,25.3,0.0053,18769.59
2025/5/6 21:00,25.3,0.0059299999999999995,11927.09
2025/5/6 22:00,24.72,0.0062699999999999995,7870.87
2025/5/6 23:00,23.44,0.00625,3973.18
2025/5/7 0:00,21.76,0.006019999999999999,1108.16
2025/5/7 1:00,19.98,0.005719999999999999,0.0
2025/5/7 2:00,18.4,0.0054800000000000005,0.0
2025/5/7 3:00,17.28,0.00539,0.0
2025/5/7 4:00,16.63,0.00542,0.0
2025/5/7 5:00,16.44,0.00555,0.0
2025/5/7 6:00,16.68,0.005730000000000001,0.0
2025/5/7 7:00,17.31,0.00594,0.0
2025/5/7 8:00,18.3,0.0061200000000000004,0.0
2025/5/7 9:00,19.61,0.0062,864.36
2025/5/7 10:00,21.08,0.00614,22237.67
2025/5/7 11:00,22.53,0.00595,45931.08
2025/5/7 12:00,23.78,0.00567,66443.86
2025/5/7 13:00,24.67,0.00537,83786.54
2025/5/7 14:00,25.0,0.0052,66134.61
2025/5/7 15:00,22.71,0.00466,69725.39
2025/5/7 16:00,18.03,0.00382,32135.1
2025/5/7 17:00,14.2,0.0033900000000000002,31849.25
2025/5/7 18:00,13.65,0.00373,40171.7
2025/5/7 19:00,15.37,0.00474,12139.9
2025/5/7 20:00,17.5,0.00607,1005.84
2025/5/7 21:00,18.56,0.00709,80.68
2025/5/7 22:00,18.49,0.00756,0.0
2025/5/7 23:00,17.62,0.00751,0.0
2025/5/8 0:00,16.26,0.00709,0.0
2025/5/8 1:00,14.71,0.00649,0.0
2025/5/8 2:00,13.3,0.00588,0.0
2025/5/8 3:00,12.28,0.00535,0.0
2025/5/8 4:00,11.69,0.0049299999999999995,0.0
2025/5/8 5:00,11.5,0.0045899999999999995,0.0
2025/5/8 6:00,12.68,0.0046500000000000005,0.0
2025/5/8 7:00,15.47,0.00521,0.0
2025/5/8 8:00,18.7,0.0059900000000000005,0.0
2025/5/8 9:00,21.42,0.006730000000000001,72.3
2025/5/8 10:00,23.48,0.00731,23193.17
2025/5/8 11:00,24.9,0.007730000000000001,39299.86
2025/5/8 12:00,25.73,0.00795,45634.83
2025/5/8 13:00,26.0,0.00796,62889.68
2025/5/8 14:00,25.2,0.00751,68873.14
2025/5/8 15:00,23.89,0.006889999999999999,61249.49
2025/5/8 16:00,22.52,0.00633,47330.83
2025/5/8 17:00,21.17,0.00587,46484.94
2025/5/8 18:00,19.94,0.00554,37308.12
2025/5/8 19:00,18.92,0.00538,8483.7
2025/5/8 20:00,18.2,0.00541,266.71
2025/5/8 21:00,17.84,0.00564,0.0
2025/5/8 22:00,17.7,0.006,0.0
2025/5/8 23:00,17.62,0.00638,0.0
2025/5/9 0:00,17.42,0.0066500000000000005,0.0
2025/5/9 1:00,16.94,0.00671,0.0
2025/5/9 2:00,16.0,0.00642,0.0
2025/5/9 3:00,14.57,0.005809999999999999,0.0
2025/5/9 4:00,13.21,0.0051600000000000005,0.0
2025/5/9 5:00,12.6,0.00475,0.0
2025/5/9 6:00,13.59,0.0048200000000000005,0.0
2025/5/9 7:00,15.88,0.00532,0.0
2025/5/9 8:00,18.4,0.00601,0.0
2025/5/9 9:00,20.32,0.00663,0.0
2025/5/9 10:00,21.57,0.00714,3895.3
2025/5/9 11:00,22.29,0.00752,13018.51
2025/5/9 12:00,22.62,0.00779,32930.6
2025/5/9 13:00,22.7,0.00795,34409.27
2025/5/9 14:00,22.4,0.00788,31709.38
2025/5/9 15:00,21.83,0.00764,38565.03
2025/5/9 16:00,21.13,0.00732,67666.72
2025/5/9 17:00,20.33,0.0069900000000000006,35367.03
2025/5/9 18:00,19.45,0.00671,76157.66
2025/5/9 19:00,18.53,0.00653,22868.29
2025/5/9 20:00,17.6,0.0064800000000000005,2600.54
2025/5/9 21:00,16.68,0.00656,34.45
2025/5/9 22:00,15.75,0.006690000000000001,0.0
2025/5/9 23:00,14.8,0.0067800000000000004,0.0
2025/5/10 0:00,13.78,0.00675,0.0
2025/5/10 1:00,12.69,0.00658,0.0
2025/5/10 2:00,11.5,0.00622,0.0
2025/5/10 3:00,10.24,0.005690000000000001,0.0
2025/5/10 4:00,9.22,0.00515,0.0
2025/5/10 5:00,8.8,0.0047599999999999995,0.0
2025/5/10 6:00,10.12,0.004860000000000001,0.0
2025/5/10 7:00,13.06,0.00546,0.0
2025/5/10 8:00,16.1,0.00609,0.0
2025/5/10 9:00,18.05,0.00631,0.0
2025/5/10 10:00,19.04,0.00615,1026.03
2025/5/10 11:00,19.52,0.00587,13582.83
2025/5/10 12:00,19.94,0.00566,27104.47
2025/5/10 13:00,20.75,0.005730000000000001,40418.61
2025/5/10 14:00,22.4,0.0063,51015.43
2025/5/10 15:00,24.1,0.00718,54169.17
2025/5/10 16:00,23.68,0.00737,47712.85
2025/5/10 17:00,22.59,0.00739,42908.82
2025/5/10 18:00,21.13,0.0072699999999999996,50116.0
2025/5/10 19:00,19.58,0.0070999999999999995,22456.62
2025/5/10 20:00,18.2,0.00697,3468.01
2025/5/10 21:00,17.22,0.0069299999999999995,28.9
2025/5/10 22:00,16.54,0.00697,0.0
2025/5/10 23:00,16.03,0.007019999999999999,0.0
2025/5/11 0:00,15.52,0.00705,0.0
2025/5/11 1:00,14.86,0.00692,0.0
2025/5/11 2:00,13.9,0.00662,0.0
2025/5/11 3:00,12.61,0.00615,0.0
2025/5/11 4:00,11.42,0.0057,0.0
2025/5/11 5:00,10.9,0.0054800000000000005,0.0
2025/5/11 6:00,11.76,0.005730000000000001,0.0
2025/5/11 7:00,13.87,0.00643,0.0
2025/5/11 8:00,16.5,0.00736,0.0
2025/5/11 9:00,19.05,0.00825,0.0
2025/5/11 10:00,21.39,0.009,2507.83
2025/5/11 11:00,23.49,0.009630000000000001,22198.56
2025/5/11 12:00,25.32,0.01014,41728.48
2025/5/11 13:00,26.87,0.01061,59330.34
2025/5/11 14:00,28.1,0.01114,72220.0
2025/5/11 15:00,28.97,0.011779999999999999,75424.47
2025/5/11 16:00,29.3,0.01238,71868.88
2025/5/11 17:00,28.93,0.01269,67172.3
2025/5/11 18:00,28.04,0.0127,77075.04
2025/5/11 19:00,26.92,0.012539999999999999,44121.42
2025/5/11 20:00,25.9,0.01236,14634.17
2025/5/11 21:00,25.19,0.01231,7264.8
2025/5/11 22:00,24.67,0.0123,4727.91
2025/5/11 23:00,24.14,0.012230000000000001,3021.92
2025/5/12 0:00,23.41,0.012039999999999999,1478.55
2025/5/12 1:00,22.26,0.011519999999999999,223.94
2025/5/12 2:00,20.5,0.01062,0.0
2025/5/12 3:00,18.12,0.00945,0.0
2025/5/12 4:00,15.95,0.008490000000000001,0.0
2025/5/12 5:00,15.0,0.00822,0.0
2025/5/12 6:00,15.66,0.00878,0.0
2025/5/12 7:00,17.15,0.00976,0.0
2025/5/12 8:00,18.7,0.01074,0.0
2025/5/12 9:00,19.75,0.01123,166.86
2025/5/12 10:00,20.44,0.01132,17113.53
2025/5/12 11:00,21.11,0.01128,36985.45
2025/5/12 12:00,22.07,0.0114,30464.07
2025/5/12 13:00,23.66,0.01201,61665.25
2025/5/12 14:00,26.2,0.013529999999999999,86572.31
2025/5/12 15:00,28.5,0.01526,95163.19
2025/5/12 16:00,28.06,0.01486,68131.46
2025/5/12 17:00,27.02,0.014150000000000001,53062.06
2025/5/12 18:00,25.81,0.013470000000000001,76745.47
2025/5/12 19:00,24.86,0.01309,47294.92
2025/5/12 20:00,24.6,0.01329,16497.31
2025/5/12 21:00,25.0,0.01405,10226.51
2025/5/12 22:00,24.68,0.01417,7360.77
2025/5/12 23:00,23.62,0.013640000000000001,3936.42
2025/5/13 0:00,22.31,0.01281,2023.7
2025/5/13 1:00,21.18,0.01217,541.09
2025/5/13 2:00,20.7,0.011980000000000001,59.02
2025/5/13 3:00,20.7,0.01209,0.0
2025/5/13 4:00,20.69,0.01213,0.0
2025/5/13 5:00,20.66,0.01207,0.0
2025/5/13 6:00,20.59,0.01191,0.0
2025/5/13 7:00,20.48,0.011630000000000001,0.0
2025/5/13 8:00,20.3,0.01122,0.0
2025/5/13 9:00,20.06,0.01068,0.0
2025/5/13 10:00,19.77,0.010060000000000001,0.0
2025/5/13 11:00,19.49,0.00943,0.0
2025/5/13 12:00,19.24,0.00884,0.0
2025/5/13 13:00,19.07,0.008320000000000001,0.0
2025/5/13 14:00,19.0,0.00793,0.0
2025/5/13 15:00,18.71,0.00751,0.0
2025/5/13 16:00,18.1,0.00704,0.0
2025/5/13 17:00,17.59,0.00674,0.0
2025/5/13 18:00,17.6,0.0067599999999999995,0.0
2025/5/13 19:00,18.33,0.00721,0.0
2025/5/13 20:00,19.2,0.00789,0.0
2025/5/13 21:00,19.57,0.00847,0.0
2025/5/13 22:00,19.43,0.00887,0.0
2025/5/13 23:00,18.94,0.00908,0.0
2025/5/14 0:00,18.24,0.00908,0.0
2025/5/14 1:00,17.47,0.00895,0.0
2025/5/14 2:00,16.8,0.00871,0.0
2025/5/14 3:00,16.34,0.00842,0.0
2025/5/14 4:00,16.08,0.0081,0.0
2025/5/14 5:00,16.0,0.00777,0.0
2025/5/14 6:00,16.37,0.00757,0.0
2025/5/14 7:00,17.28,0.00756,0.0
2025/5/14 8:00,18.4,0.00762,0.0
2025/5/14 9:00,19.47,0.00763,0.0
2025/5/14 10:00,20.47,0.00762,1655.15
2025/5/14 11:00,21.43,0.00763,8178.39
2025/5/14 12:00,22.4,0.007719999999999999,25722.92
2025/5/14 13:00,23.41,0.007940000000000001,42192.12
2025/5/14 14:00,24.5,0.00836,52519.82
2025/5/14 15:00,25.59,0.009,61954.15
2025/5/14 16:00,26.1,0.00956,55014.39
2025/5/14 17:00,25.73,0.009789999999999998,32554.02
2025/5/14 18:00,24.78,0.009810000000000001,46671.73
2025/5/14 19:00,23.49,0.009720000000000001,27092.76
2025/5/14 20:00,22.1,0.009609999999999999,4534.62
2025/5/14 21:00,20.81,0.00957,107.03
2025/5/14 22:00,19.66,0.00959,0.0
2025/5/14 23:00,18.63,0.009630000000000001,0.0
2025/5/15 0:00,17.72,0.009640000000000001,0.0
2025/5/15 1:00,16.91,0.009630000000000001,0.0
2025/5/15 2:00,16.2,0.00956,0.0
2025/5/15 3:00,15.59,0.00942,0.0
2025/5/15 4:00,15.16,0.00929,0.0
2025/5/15 5:00,15.0,0.00923,0.0
2025/5/15 6:00,15.37,0.00942,0.0
2025/5/15 7:00,16.22,0.00985,0.0
2025/5/15 8:00,17.2,0.010320000000000001,0.0
2025/5/15 9:00,18.0,0.01063,0.0
2025/5/15 10:00,18.63,0.0108,0.0
2025/5/15 11:00,19.19,0.01091,653.22
2025/5/15 12:00,19.77,0.01104,2189.11
2025/5/15 13:00,20.44,0.01129,4259.27
2025/5/15 14:00,21.3,0.01175,6079.26
2025/5/15 15:00,22.3,0.01243,6868.1
2025/5/15 16:00,22.8,0.01286,5060.94
2025/5/15 17:00,22.42,0.0127,1843.36
2025/5/15 18:00,21.49,0.012199999999999999,0.0
2025/5/15 19:00,20.28,0.01159,0.0
2025/5/15 20:00,19.1,0.01108,0.0
2025/5/15 21:00,18.17,0.0108,0.0
2025/5/15 22:00,17.48,0.01071,0.0
2025/5/15 23:00,16.99,0.01074,0.0
2025/5/16 0:00,16.64,0.01084,0.0
2025/5/16 1:00,16.36,0.01092,0.0
2025/5/16 2:00,16.1,0.01092,0.0
2025/5/16 3:00,15.82,0.01082,0.0
2025/5/16 4:00,15.6,0.01066,0.0
2025/5/16 5:00,15.5,0.01051,0.0
2025/5/16 6:00,15.8,0.01055,0.0
2025/5/16 7:00,16.48,0.01078,0.0
2025/5/16 8:00,17.2,0.01097,0.0
2025/5/16 9:00,17.7,0.01093,0.0
2025/5/16 10:00,18.05,0.01073,0.0
2025/5/16 11:00,18.39,0.010490000000000001,0.0
2025/5/16 12:00,18.86,0.01034,0.0
2025/5/16 13:00,19.62,0.01039,0.0
2025/5/16 14:00,20.8,0.01077,118.86
2025/5/16 15:00,22.31,0.01148,609.76
2025/5/16 16:00,23.1,0.01182,395.15
2025/5/16 17:00,22.57,0.01137,0.0
2025/5/16 18:00,21.27,0.01057,0.0
2025/5/16 19:00,19.64,0.00976,0.0
2025/5/16 20:00,18.1,0.009210000000000001,0.0
2025/5/16 21:00,16.99,0.00904,0.0
2025/5/16 22:00,16.26,0.00915,0.0
2025/5/16 23:00,15.76,0.009380000000000001,0.0
2025/5/17 0:00,15.35,0.0096,0.0
2025/5/17 1:00,14.88,0.009630000000000001,0.0
2025/5/17 2:00,14.2,0.00936,0.0
2025/5/17 3:00,13.26,0.00873,0.0
2025/5/17 4:00,12.39,0.00802,0.0
2025/5/17 5:00,12.0,0.0075,0.0
2025/5/17 6:00,12.92,0.00756,0.0
2025/5/17 7:00,15.07,0.00819,0.0
2025/5/17 8:00,17.5,0.00901,0.0
2025/5/17 9:00,19.44,0.009630000000000001,0.0
2025/5/17 10:00,20.77,0.009980000000000001,0.0
2025/5/17 11:00,21.55,0.01014,35.65
2025/5/17 12:00,21.85,0.01019,0.0
2025/5/17 13:00,21.71,0.01021,2674.85
2025/5/17 14:00,21.2,0.01025,5558.58
2025/5/17 15:00,20.37,0.01034,0.27
2025/5/17 16:00,19.33,0.01042,0.0
2025/5/17 17:00,18.18,0.01045,0.0
2025/5/17 18:00,17.02,0.01041,655.56
2025/5/17 19:00,15.96,0.0103,0.0
2025/5/17 20:00,15.1,0.010150000000000001,0.0
2025/5/17 21:00,14.52,0.009980000000000001,0.0
2025/5/17 22:00,14.16,0.009810000000000001,0.0
2025/5/17 23:00,13.95,0.009640000000000001,0.0
2025/5/18 0:00,13.8,0.009439999999999999,0.0
2025/5/18 1:00,13.65,0.00928,0.0
2025/5/18 2:00,13.4,0.009130000000000001,0.0
2025/5/18 3:00,13.02,0.00899,0.0
2025/5/18 4:00,12.66,0.0089,0.0
2025/5/18 5:00,12.5,0.008919999999999999,0.0
2025/5/18 6:00,12.61,0.00903,0.0
2025/5/18 7:00,12.88,0.0091,0.0
2025/5/18 8:00,13.2,0.00901,0.0
2025/5/18 9:00,13.51,0.00867,0.0
2025/5/18 10:00,13.86,0.008140000000000001,0.0
2025/5/18 11:00,14.31,0.007549999999999999,178.43
2025/5/18 12:00,14.93,0.007,0.0
2025/5/18 13:00,15.81,0.0066,0.0
2025/5/18 14:00,17.0,0.00646,0.0
2025/5/18 15:00,18.39,0.00666,16783.44
2025/5/18 16:00,19.1,0.006860000000000001,3985.17
2025/5/18 17:00,18.79,0.006889999999999999,18369.88
2025/5/18 18:00,18.02,0.006900000000000001,2620.17
2025/5/18 19:00,17.04,0.0069299999999999995,0.0
2025/5/18 20:00,16.1,0.007030000000000001,0.0
2025/5/18 21:00,15.38,0.00722,0.0
2025/5/18 22:00,14.83,0.00744,0.0
2025/5/18 23:00,14.37,0.0076,0.0
2025/5/19 0:00,13.87,0.00762,0.0
2025/5/19 1:00,13.25,0.00737,0.0
2025/5/19 2:00,12.4,0.0068200000000000005,0.0
2025/5/19 3:00,11.31,0.00598,0.0
2025/5/19 4:00,10.33,0.0050999999999999995,0.0
2025/5/19 5:00,9.9,0.00437,0.0
2025/5/19 6:00,11.41,0.00414,0.0
2025/5/19 7:00,14.76,0.00432,0.0
2025/5/19 8:00,18.2,0.00447,0.0
2025/5/19 9:00,20.35,0.0043,0.0
2025/5/19 10:00,21.38,0.0039700000000000004,84.24
2025/5/19 11:00,21.86,0.00369,4607.08
2025/5/19 12:00,22.33,0.0036,14134.2
2025/5/19 13:00,23.36,0.00382,27869.24
2025/5/19 14:00,25.5,0.00452,39799.52
2025/5/19 15:00,27.7,0.00554,45526.77
2025/5/19 16:00,27.22,0.00592,44119.44
2025/5/19 17:00,25.98,0.00614,43600.78
2025/5/19 18:00,24.32,0.00624,55064.11
2025/5/19 19:00,22.55,0.00631,32586.17
2025/5/19 20:00,21.0,0.00644,6776.36
2025/5/19 21:00,19.9,0.006719999999999999,799.74
2025/5/19 22:00,19.13,0.00709,0.0
2025/5/19 23:00,18.51,0.00745,0.0
2025/5/20 0:00,17.85,0.007690000000000001,0.0
2025/5/20 1:00,16.94,0.00767,0.0
2025/5/20 2:00,15.6,0.00729,0.0
2025/5/20 3:00,13.79,0.00658,0.0
2025/5/20 4:00,12.13,0.00587,0.0
2025/5/20 5:00,11.4,0.00547,0.0
2025/5/20 6:00,13.19,0.00592,0.0
2025/5/20 7:00,17.2,0.00725,0.0
2025/5/20 8:00,21.4,0.00874,0.0
2025/5/20 9:00,24.18,0.00939,32.07
2025/5/20 10:00,25.62,0.00912,10045.76
2025/5/20 11:00,26.22,0.00834,29409.33
2025/5/20 12:00,26.5,0.0074800000000000005,44167.01
2025/5/20 13:00,26.96,0.0069299999999999995,57447.12
2025/5/20 14:00,28.1,0.00698,68081.98
2025/5/20 15:00,29.4,0.00758,72472.21
2025/5/20 16:00,28.93,0.00785,68241.38
2025/5/20 17:00,27.73,0.008060000000000001,61610.06
2025/5/20 18:00,26.11,0.00818,74916.58
2025/5/20 19:00,24.36,0.008230000000000001,46876.37
2025/5/20 20:00,22.8,0.00828,11351.46
2025/5/20 21:00,21.64,0.00841,3863.64
2025/5/20 22:00,20.8,0.00859,1802.25
2025/5/20 23:00,20.09,0.00875,429.16
2025/5/21 0:00,19.34,0.00881,3.26
2025/5/21 1:00,18.37,0.00867,0.0
2025/5/21 2:00,17.0,0.00824,0.0
2025/5/21 3:00,15.22,0.00757,0.0
2025/5/21 4:00,13.6,0.00696,0.0
2025/5/21 5:00,12.9,0.006719999999999999,0.0
2025/5/21 6:00,13.77,0.0071200000000000005,0.0
2025/5/21 7:00,15.82,0.00801,0.0
2025/5/21 8:00,18.2,0.00904,0.0
2025/5/21 9:00,20.25,0.00975,0.0
2025/5/21 10:00,21.96,0.01011,6255.12
2025/5/21 11:00,23.5,0.01024,25483.08
2025/5/21 12:00,25.04,0.0103,42687.87
2025/5/21 13:00,26.75,0.01051,61053.53
2025/5/21 14:00,28.8,0.01112,76485.69
2025/5/21 15:00,30.4,0.011800000000000001,83421.51
2025/5/21 16:00,30.07,0.01154,80013.95
2025/5/21 17:00,29.23,0.01122,73808.62
2025/5/21 18:00,28.07,0.01091,84520.59
2025/5/21 19:00,26.79,0.01064,59484.46
2025/5/21 20:00,25.6,0.01047,20258.31
2025/5/21 21:00,24.65,0.01044,8696.24
2025/5/21 22:00,23.9,0.01051,5471.75
2025/5/21 23:00,23.27,0.01063,3464.23
2025/5/22 0:00,22.68,0.01074,2119.57
2025/5/22 1:00,22.05,0.01077,780.93
2025/5/22 2:00,21.3,0.01067,75.35
2025/5/22 3:00,20.39,0.01041,0.0
2025/5/22 4:00,19.49,0.01009,0.0
2025/5/22 5:00,18.8,0.00983,0.0
2025/5/22 6:00,18.55,0.00975,0.0
2025/5/22 7:00,18.95,0.009949999999999999,0.0
2025/5/22 8:00,20.2,0.01057,609.98
2025/5/22 9:00,22.33,0.01167,4344.72
2025/5/22 10:00,24.55,0.01281,29800.14
2025/5/22 11:00,25.9,0.013300000000000001,53619.76
2025/5/22 12:00,25.66,0.01265,64750.63
2025/5/22 13:00,24.16,0.01137,48839.1
2025/5/22 14:00,22.0,0.010119999999999999,34373.93
2025/5/22 15:00,19.74,0.00925,37358.8
2025/5/22 16:00,17.86,0.00884,11766.78
2025/5/22 17:00,16.8,0.008960000000000001,14615.41
2025/5/22 18:00,16.78,0.00966,3152.12
2025/5/22 19:00,17.17,0.010539999999999999,3694.65
2025/5/22 20:00,17.1,0.01095,37.31
2025/5/22 21:00,16.2,0.01052,0.0
2025/5/22 22:00,15.68,0.01016,0.0
2025/5/22 23:00,15.73,0.010029999999999999,0.0
2025/5/23 0:00,16.13,0.010029999999999999,0.0
2025/5/23 1:00,16.69,0.01013,0.0
2025/5/23 2:00,17.2,0.01024,0.0
2025/5/23 3:00,17.51,0.0103,0.0
2025/5/23 4:00,17.67,0.010320000000000001,0.0
2025/5/23 5:00,17.75,0.01033,0.0
2025/5/23 6:00,17.84,0.01033,0.0
2025/5/23 7:00,18.03,0.01034,0.0
2025/5/23 8:00,18.4,0.010369999999999999,0.0
2025/5/23 9:00,19.01,0.01042,0.0
2025/5/23 10:00,19.82,0.0105,348.17
2025/5/23 11:00,20.73,0.01062,17374.29
2025/5/23 12:00,21.67,0.01079,33612.31
2025/5/23 13:00,22.55,0.01107,39991.74
2025/5/23 14:00,23.3,0.01149,45847.45
2025/5/23 15:00,23.7,0.01201,37100.28
2025/5/23 16:00,23.33,0.012230000000000001,37136.55
2025/5/23 17:00,22.39,0.01221,17855.96
2025/5/23 18:00,21.15,0.012039999999999999,25491.38
2025/5/23 19:00,19.86,0.01184,4910.84
2025/5/23 20:00,18.8,0.01176,0.0
2025/5/23 21:00,18.15,0.0119,0.0
2025/5/23 22:00,17.78,0.01213,0.0
2025/5/23 23:00,17.49,0.0123,0.0
2025/5/24 0:00,17.09,0.01221,0.0
2025/5/24 1:00,16.36,0.01168,0.0
2025/5/24 2:00,15.1,0.0106,0.0
2025/5/24 3:00,13.4,0.00915,0.0
2025/5/24 4:00,12.5,0.00816,0.0
2025/5/24 5:00,13.13,0.00793,0.0
2025/5/24 6:00,14.67,0.00807,0.0
2025/5/24 7:00,16.57,0.00831,0.0
2025/5/24 8:00,18.3,0.00841,0.0
2025/5/24 9:00,19.44,0.00821,0.0
2025/5/24 10:00,20.11,0.00783,536.56
2025/5/24 11:00,20.58,0.00743,10853.69
2025/5/24 12:00,21.1,0.00718,21899.59
2025/5/24 13:00,21.92,0.00719,33453.79
2025/5/24 14:00,23.3,0.00762,42602.9
2025/5/24 15:00,24.6,0.008230000000000001,45918.91
2025/5/24 16:00,24.31,0.008230000000000001,42992.7
2025/5/24 17:00,23.58,0.008150000000000001,42802.34
2025/5/24 18:00,22.61,0.008029999999999999,53620.5
2025/5/24 19:00,21.62,0.007940000000000001,34875.64
2025/5/24 20:00,20.8,0.00795,6509.66
2025/5/24 21:00,20.3,0.00809,827.05
2025/5/24 22:00,19.98,0.0083,65.62
2025/5/24 23:00,19.65,0.00847,0.0
2025/5/25 0:00,19.1,0.00848,0.0
2025/5/25 1:00,18.15,0.008199999999999999,0.0
2025/5/25 2:00,16.6,0.00756,0.0
2025/5/25 3:00,14.57,0.006679999999999999,0.0
2025/5/25 4:00,13.5,0.00623,0.0
2025/5/25 5:00,13.96,0.00636,0.0
2025/5/25 6:00,15.14,0.00675,0.0
2025/5/25 7:00,16.72,0.0072699999999999996,0.0
2025/5/25 8:00,18.4,0.0078,0.0
2025/5/25 9:00,19.91,0.00819,0.0
2025/5/25 10:00,21.22,0.00842,2820.41
2025/5/25 11:00,22.34,0.00852,19236.19
2025/5/25 12:00,23.3,0.008539999999999999,34014.46
2025/5/25 13:00,24.11,0.00853,47408.4
2025/5/25 14:00,24.8,0.00857,56487.92
2025/5/25 15:00,25.2,0.00862,57370.7
2025/5/25 16:00,24.94,0.00853,53200.99
2025/5/25 17:00,24.23,0.00841,52646.01
2025/5/25 18:00,23.22,0.00833,61199.81
2025/5/25 19:00,22.03,0.00833,40401.27
2025/5/25 20:00,20.8,0.00844,8394.89
2025/5/25 21:00,19.63,0.00868,1206.74
2025/5/25 22:00,18.54,0.008960000000000001,42.75
2025/5/25 23:00,17.52,0.00917,0.0
2025/5/26 0:00,16.58,0.009269999999999999,0.0
2025/5/26 1:00,15.71,0.00914,0.0
2025/5/26 2:00,14.9,0.00876,0.0
2025/5/26 3:00,14.21,0.008150000000000001,0.0
2025/5/26 4:00,13.9,0.00751,0.0
2025/5/26 5:00,14.69,0.00722,0.0
2025/5/26 6:00,16.7,0.00731,0.0
2025/5/26 7:00,19.39,0.00753,0.0
2025/5/26 8:00,22.2,0.007679999999999999,0.0
2025/5/26 9:00,24.69,0.0076100000000000004,1815.3
2025/5/26 10:00,26.75,0.00738,22199.9
2025/5/26 11:00,28.37,0.00708,48367.38
2025/5/26 12:00,29.55,0.00684,68898.11
2025/5/26 13:00,30.26,0.00677,85216.84
2025/5/26 14:00,30.5,0.0069500000000000004,93465.83
2025/5/26 15:00,30.12,0.00736,91212.79
2025/5/26 16:00,29.17,0.00785,84268.95
2025/5/26 17:00,27.91,0.008369999999999999,82809.91
2025/5/26 18:00,26.6,0.0089,92196.2
2025/5/26 19:00,25.51,0.0095,68782.53
2025/5/26 20:00,24.9,0.01028,24550.27
2025/5/26 21:00,24.7,0.011210000000000001,11127.27
2025/5/26 22:00,23.86,0.01156,7203.89
2025/5/26 23:00,22.4,0.01128,4057.24
2025/5/27 0:00,20.65,0.0106,1095.28
2025/5/27 1:00,18.96,0.009869999999999999,0.0
2025/5/27 2:00,17.7,0.00928,0.0
2025/5/27 3:00,17.12,0.008960000000000001,0.0
2025/5/27 4:00,17.14,0.00887,0.0
2025/5/27 5:00,17.59,0.008919999999999999,0.0
2025/5/27 6:00,18.32,0.00904,0.0
2025/5/27 7:00,19.14,0.00915,0.0
2025/5/27 8:00,19.9,0.00917,0.0
2025/5/27 9:00,20.46,0.00906,745.66
2025/5/27 10:00,20.83,0.00884,10958.49
2025/5/27 11:00,21.05,0.00857,26057.0
2025/5/27 12:00,21.16,0.00831,36742.95
2025/5/27 13:00,21.2,0.0081,46368.39
2025/5/27 14:00,21.2,0.008,50790.33
2025/5/27 15:00,19.64,0.00728,42735.02
2025/5/27 16:00,16.41,0.006030000000000001,30787.12
2025/5/27 17:00,13.7,0.0052,30371.98
2025/5/27 18:00,13.13,0.00517,36182.39
2025/5/27 19:00,14.16,0.005730000000000001,23561.83
2025/5/27 20:00,15.7,0.00656,2949.98
2025/5/27 21:00,16.83,0.0072699999999999996,0.0
2025/5/27 22:00,17.37,0.007719999999999999,0.0
2025/5/27 23:00,17.29,0.00785,0.0
2025/5/28 0:00,16.6,0.0076,0.0
2025/5/28 1:00,15.27,0.0070599999999999994,0.0
2025/5/28 2:00,13.3,0.00626,0.0
2025/5/28 3:00,10.98,0.00538,0.0
2025/5/28 4:00,9.8,0.00495,0.0
2025/5/28 5:00,10.39,0.00508,0.0
2025/5/28 6:00,11.93,0.0054800000000000005,0.0
2025/5/28 7:00,14.02,0.006019999999999999,0.0
2025/5/28 8:00,16.3,0.006549999999999999,0.0
2025/5/28 9:00,18.44,0.006849999999999999,0.0
2025/5/28 10:00,20.36,0.006889999999999999,207.91
2025/5/28 11:00,22.03,0.006679999999999999,11594.68
2025/5/28 12:00,23.41,0.00632,27552.73
2025/5/28 13:00,24.48,0.00592,41978.1
2025/5/28 14:00,25.2,0.00566,50660.13
2025/5/28 15:00,25.5,0.00563,51466.73
2025/5/28 16:00,25.22,0.00579,48403.42
2025/5/28 17:00,24.49,0.00609,49691.05
2025/5/28 18:00,23.52,0.0064800000000000005,61126.34
2025/5/28 19:00,22.49,0.0069500000000000004,44265.75
2025/5/28 20:00,21.6,0.0075,9784.87
2025/5/28 21:00,20.98,0.00816,2270.57
2025/5/28 22:00,20.49,0.00884,644.3
2025/5/28 23:00,19.94,0.0094,45.32
2025/5/29 0:00,19.14,0.009710000000000002,0.0
2025/5/29 1:00,17.89,0.009529999999999999,0.0
2025/5/29 2:00,16.0,0.00879,0.0
2025/5/29 3:00,13.63,0.007679999999999999,0.0
2025/5/29 4:00,12.4,0.0070999999999999995,0.0
2025/5/29 5:00,12.94,0.00725,0.0
2025/5/29 6:00,14.35,0.007719999999999999,0.0
2025/5/29 7:00,16.28,0.008369999999999999,0.0
2025/5/29 8:00,18.4,0.00902,0.0
2025/5/29 9:00,20.43,0.0095,0.0
2025/5/29 10:00,22.29,0.009779999999999999,4739.18
2025/5/29 11:00,24.0,0.00991,22657.38
2025/5/29 12:00,25.54,0.009970000000000001,23168.88
2025/5/29 13:00,26.91,0.01009,48869.18
2025/5/29 14:00,28.1,0.01044,66265.99
2025/5/29 15:00,28.8,0.010960000000000001,69926.19
2025/5/29 16:00,28.49,0.01126,66839.95
2025/5/29 17:00,27.66,0.0115,65930.75
2025/5/29 18:00,26.5,0.01167,49211.59
2025/5/29 19:00,25.19,0.01174,42308.73
2025/5/29 20:00,23.9,0.01176,11181.24
2025/5/29 21:00,22.77,0.01177,3680.56
2025/5/29 22:00,21.81,0.011779999999999999,1247.22
2025/5/29 23:00,20.99,0.01177,94.48
2025/5/30 0:00,20.26,0.01173,0.0
2025/5/30 1:00,19.61,0.0116,0.0
2025/5/30 2:00,19.0,0.01139,0.0
2025/5/30 3:00,18.45,0.0111,0.0
2025/5/30 4:00,18.2,0.01091,0.0
2025/5/30 5:00,18.53,0.01103,0.0
2025/5/30 6:00,19.35,0.01139,146.28
2025/5/30 7:00,20.39,0.011800000000000001,1956.53
2025/5/30 8:00,21.4,0.01208,1770.09
2025/5/30 9:00,22.18,0.01207,8812.0
2025/5/30 10:00,22.86,0.011890000000000001,27255.52
2025/5/30 11:00,23.61,0.01177,44223.47
2025/5/30 12:00,24.62,0.0119,60278.26
2025/5/30 13:00,26.09,0.01253,73143.82
2025/5/30 14:00,28.2,0.01401,83460.21
2025/5/30 15:00,30.0,0.0158,97096.55
2025/5/30 16:00,29.5,0.01591,83363.24
2025/5/30 17:00,28.28,0.015550000000000001,85214.03
2025/5/30 18:00,26.76,0.015,55722.36
2025/5/30 19:00,25.36,0.01453,33053.65
2025/5/30 20:00,24.5,0.01443,16573.11
2025/5/30 21:00,24.3,0.01477,9954.3
2025/5/30 22:00,23.95,0.014839999999999999,6294.46
2025/5/30 23:00,23.33,0.01456,3283.92
2025/5/31 0:00,22.56,0.01409,1775.39
2025/5/31 1:00,21.74,0.013550000000000001,809.24
2025/5/31 2:00,21.0,0.01308,212.72
2025/5/31 3:00,20.43,0.01277,25.62
2025/5/31 4:00,20.02,0.01259,0.0
2025/5/31 5:00,19.75,0.01251,0.0
2025/5/31 6:00,19.59,0.01249,0.0
2025/5/31 7:00,19.52,0.0125,0.0
2025/5/31 8:00,19.5,0.01249,0.0
2025/5/31 9:00,19.03,0.01208,0.0
2025/5/31 10:00,18.13,0.01134,0.0
2025/5/31 11:00,17.6,0.01089,0.0
2025/5/31 12:00,18.01,0.01114,0.0
2025/5/31 13:00,19.05,0.01191,0.0
2025/5/31 14:00,20.2,0.01291,15.41
2025/5/31 15:00,21.03,0.01382,107.11
2025/5/31 16:00,21.46,0.01449,83.78
2025/5/31 17:00,21.52,0.01485,0.0
2025/5/31 18:00,21.22,0.01482,0.0
2025/5/31 19:00,20.57,0.01436,0.0
2025/5/31 20:00,19.6,0.013470000000000001,0.0
2025/5/31 21:00,18.34,0.012230000000000001,0.0
2025/5/31 22:00,16.9,0.01084,0.0
2025/5/31 23:00,15.41,0.009529999999999999,0.0
2025/6/1 0:00,14.02,0.00841,0.0
2025/6/1 1:00,12.83,0.00756,0.0
2025/6/1 2:00,12.0,0.00704,0.0
2025/6/1 3:00,11.6,0.006860000000000001,0.0
2025/6/1 4:00,11.5,0.006900000000000001,0.0
2025/6/1 5:00,11.77,0.00713,0.0
2025/6/1 6:00,12.45,0.00753,0.0
2025/6/1 7:00,13.3,0.00795,0.0
2025/6/1 8:00,14.1,0.008199999999999999,0.0
2025/6/1 9:00,14.71,0.008119999999999999,0.0
2025/6/1 10:00,15.27,0.00782,0.0
2025/6/1 11:00,16.0,0.00749,23.04
2025/6/1 12:00,17.12,0.0073,884.31
2025/6/1 13:00,18.85,0.0074199999999999995,7147.43
2025/6/1 14:00,21.4,0.008119999999999999,18400.27
2025/6/1 15:00,23.6,0.00903,25207.29
2025/6/1 16:00,23.28,0.00893,27107.57
2025/6/1 17:00,22.49,0.00883,29988.36
2025/6/1 18:00,21.46,0.00874,36708.39
2025/6/1 19:00,20.41,0.00869,25059.91
2025/6/1 20:00,19.6,0.00872,3524.52
2025/6/1 21:00,19.17,0.00888,0.0
2025/6/1 22:00,18.98,0.00907,0.0
2025/6/1 23:00,18.79,0.00914,0.0
2025/6/2 0:00,18.39,0.008919999999999999,0.0
2025/6/2 1:00,17.53,0.008369999999999999,0.0
2025/6/2 2:00,16.0,0.00737,0.0
2025/6/2 3:00,13.91,0.00613,0.0
2025/6/2 4:00,12.8,0.00533,0.0
2025/6/2 5:00,13.54,0.00517,0.0
2025/6/2 6:00,15.32,0.00534,0.0
2025/6/2 7:00,17.49,0.00566,0.0
2025/6/2 8:00,19.4,0.00598,0.0
2025/6/2 9:00,20.56,0.00619,0.0
2025/6/2 10:00,21.12,0.00633,113.76
2025/6/2 11:00,21.35,0.00651,3784.21
2025/6/2 12:00,21.56,0.0068200000000000005,10747.68
2025/6/2 13:00,22.05,0.00734,19428.66
2025/6/2 14:00,23.1,0.00825,26844.13
2025/6/2 15:00,24.2,0.009300000000000001,30117.36
2025/6/2 16:00,23.89,0.009609999999999999,29249.38
2025/6/2 17:00,23.15,0.009630000000000001,29446.38
2025/6/2 18:00,22.24,0.00949,32625.79
2025/6/2 19:00,21.43,0.00934,23605.06
2025/6/2 20:00,21.0,0.00932,4277.16
2025/6/2 21:00,21.0,0.009470000000000001,232.72
2025/6/2 22:00,20.8,0.009460000000000001,0.0
2025/6/2 23:00,20.31,0.00929,0.0
2025/6/3 0:00,19.59,0.00904,0.0
2025/6/3 1:00,18.73,0.00885,0.0
2025/6/3 2:00,17.8,0.00877,0.0
2025/6/3 3:00,16.88,0.00884,0.0
2025/6/3 4:00,16.02,0.00901,0.0
2025/6/3 5:00,15.27,0.009210000000000001,0.0
2025/6/3 6:00,14.67,0.00941,0.0
2025/6/3 7:00,14.26,0.00957,0.0
2025/6/3 8:00,14.1,0.00968,0.0
2025/6/3 9:00,14.21,0.009720000000000001,0.0
2025/6/3 10:00,14.54,0.009689999999999999,0.0
2025/6/3 11:00,15.02,0.009609999999999999,0.0
2025/6/3 12:00,15.59,0.00949,0.0
2025/6/3 13:00,16.17,0.00936,0.0
2025/6/3 14:00,16.7,0.009269999999999999,0.0
2025/6/3 15:00,17.11,0.00924,0.0
2025/6/3 16:00,17.39,0.00928,0.0
2025/6/3 17:00,17.51,0.009380000000000001,0.0
2025/6/3 18:00,17.47,0.0095,0.0
2025/6/3 19:00,17.23,0.009609999999999999,0.0
2025/6/3 20:00,16.8,0.009699999999999999,0.0
2025/6/3 21:00,16.16,0.009710000000000002,0.0
2025/6/3 22:00,15.34,0.009630000000000001,0.0
2025/6/3 23:00,14.4,0.00945,0.0
2025/6/4 0:00,13.36,0.0092,0.0
2025/6/4 1:00,12.28,0.00882,0.0
2025/6/4 2:00,11.2,0.00835,0.0
2025/6/4 3:00,10.23,0.00787,0.0
2025/6/4 4:00,9.8,0.00758,0.0
2025/6/4 5:00,10.38,0.007730000000000001,0.0
2025/6/4 6:00,11.83,0.00824,0.0
2025/6/4 7:00,13.72,0.00891,0.0
2025/6/4 8:00,15.6,0.009460000000000001,0.0
2025/6/4 9:00,17.13,0.009640000000000001,0.0
2025/6/4 10:00,18.31,0.00948,0.0
2025/6/4 11:00,19.21,0.0091,0.0
2025/6/4 12:00,19.92,0.00868,315.82
2025/6/4 13:00,20.53,0.00839,5358.63
2025/6/4 14:00,21.1,0.00842,16642.41
2025/6/4 15:00,21.5,0.00878,22539.46
2025/6/4 16:00,21.27,0.00917,20922.77
2025/6/4 17:00,20.67,0.00957,26966.38
2025/6/4 18:00,19.86,0.00991,31989.3
2025/6/4 19:00,18.98,0.01018,21799.65
2025/6/4 20:00,18.2,0.01038,149.01
2025/6/4 21:00,17.62,0.01052,0.0
2025/6/4 22:00,17.2,0.0106,0.0
2025/6/4 23:00,16.86,0.01061,0.0
2025/6/5 0:00,16.52,0.01052,0.0
2025/6/5 1:00,16.09,0.01028,0.0
2025/6/5 2:00,15.5,0.009859999999999999,0.0
2025/6/5 3:00,14.77,0.00933,0.0
2025/6/5 4:00,14.4,0.00899,0.0
2025/6/5 5:00,14.7,0.00899,0.0
2025/6/5 6:00,15.43,0.0092,0.0
2025/6/5 7:00,16.38,0.00948,0.0
2025/6/5 8:00,17.3,0.00968,0.0
2025/6/5 9:00,18.03,0.00968,0.0
2025/6/5 10:00,18.65,0.00957,0.0
2025/6/5 11:00,19.32,0.00949,590.54
2025/6/5 12:00,20.16,0.00958,117.46
2025/6/5 13:00,21.34,0.00999,11552.98
2025/6/5 14:00,23.0,0.01093,10702.96
2025/6/5 15:00,24.4,0.01205,24784.22
2025/6/5 16:00,24.04,0.01218,30545.62
2025/6/5 17:00,23.12,0.012060000000000001,19185.98
2025/6/5 18:00,21.85,0.011789999999999998,16653.26
2025/6/5 19:00,20.47,0.011470000000000001,19911.83
2025/6/5 20:00,19.2,0.011210000000000001,641.73
2025/6/5 21:00,18.22,0.01111,0.0
2025/6/5 22:00,17.48,0.01111,0.0
2025/6/5 23:00,16.89,0.011130000000000001,0.0
2025/6/6 0:00,16.36,0.01106,0.0
2025/6/6 1:00,15.79,0.01087,0.0
2025/6/6 2:00,15.1,0.01047,0.0
2025/6/6 3:00,14.3,0.009880000000000002,0.0
2025/6/6 4:00,13.9,0.00945,0.0
2025/6/6 5:00,14.37,0.009470000000000001,0.0
2025/6/6 6:00,15.52,0.009810000000000001,0.0
2025/6/6 7:00,16.94,0.01024,0.0
2025/6/6 8:00,18.2,0.010490000000000001,0.0
2025/6/6 9:00,19.02,0.010369999999999999,0.0
2025/6/6 10:00,19.52,0.01001,171.07
2025/6/6 11:00,19.96,0.009630000000000001,1408.03
2025/6/6 12:00,20.59,0.00943,6280.75
2025/6/6 13:00,21.66,0.00962,14716.8
2025/6/6 14:00,23.4,0.01043,15563.61
2025/6/6 15:00,25.0,0.0115,17143.76
2025/6/6 16:00,24.72,0.01158,23538.47
2025/6/6 17:00,23.97,0.011529999999999999,23603.97
2025/6/6 18:00,22.9,0.01139,24844.05
2025/6/6 19:00,21.67,0.01119,6083.97
2025/6/6 20:00,20.4,0.01098,0.0
2025/6/6 21:00,19.23,0.01081,0.0
2025/6/6 22:00,18.2,0.01067,0.0
2025/6/6 23:00,17.32,0.01056,0.0
2025/6/7 0:00,16.6,0.01048,0.0
2025/6/7 1:00,16.05,0.0104,0.0
2025/6/7 2:00,15.7,0.010320000000000001,0.0
2025/6/7 3:00,15.54,0.01025,0.0
2025/6/7 4:00,15.5,0.01014,0.0
2025/6/7 5:00,15.78,0.01011,0.0
2025/6/7 6:00,16.51,0.01027,0.0
2025/6/7 7:00,17.53,0.0105,0.0
2025/6/7 8:00,18.7,0.01071,0.0
2025/6/7 9:00,19.88,0.01079,0.0
2025/6/7 10:00,21.05,0.01073,0.0
2025/6/7 11:00,22.2,0.01059,1740.62
2025/6/7 12:00,23.32,0.0104,6873.16
2025/6/7 13:00,24.43,0.010230000000000001,6181.78
2025/6/7 14:00,25.5,0.01018,7182.99
2025/6/7 15:00,26.2,0.01011,17681.76
2025/6/7 16:00,25.7,0.0096,17643.35
2025/6/7 17:00,24.48,0.00897,4830.02
2025/6/7 18:00,22.94,0.00843,380.23
2025/6/7 19:00,21.48,0.008140000000000001,2716.26
2025/6/7 20:00,20.5,0.00826,0.0
2025/6/7 21:00,20.28,0.00889,0.0
2025/6/7 22:00,20.53,0.00985,0.0
2025/6/7 23:00,20.85,0.01081,0.0
2025/6/8 0:00,20.82,0.011349999999999999,0.0
2025/6/8 1:00,20.04,0.011009999999999999,0.0
2025/6/8 2:00,18.1,0.00951,0.0
2025/6/8 3:00,15.13,0.00729,0.0
2025/6/8 4:00,13.5,0.00578,0.0
2025/6/8 5:00,14.58,0.00522,0.0
2025/6/8 6:00,17.23,0.00498,0.0
2025/6/8 7:00,20.5,0.00474,0.0
2025/6/8 8:00,23.5,0.00439,0.0
2025/6/8 9:00,25.49,0.004030000000000001,0.0
2025/6/8 10:00,26.54,0.00385,6449.19
2025/6/8 11:00,26.92,0.00391,20731.05
2025/6/8 12:00,26.88,0.00417,31721.61
2025/6/8 13:00,26.68,0.00458,41300.56
2025/6/8 14:00,26.6,0.005059999999999999,47153.15
2025/6/8 15:00,26.7,0.00556,47859.99
2025/6/8 16:00,26.44,0.005900000000000001,45930.16
2025/6/8 17:00,25.79,0.006059999999999999,47820.83
2025/6/8 18:00,24.96,0.00615,56796.49
2025/6/8 19:00,24.16,0.00625,46071.32
2025/6/8 20:00,23.6,0.00646,8235.5
2025/6/8 21:00,23.4,0.006849999999999999,2195.6
2025/6/8 22:00,23.39,0.00732,1077.73
2025/6/8 23:00,23.29,0.00771,286.21
2025/6/9 0:00,22.86,0.00787,0.0
2025/6/9 1:00,21.81,0.00753,0.0
2025/6/9 2:00,19.9,0.00666,0.0
2025/6/9 3:00,17.29,0.00545,0.0
2025/6/9 4:00,15.9,0.00467,0.0
2025/6/9 5:00,16.88,0.00454,0.0
2025/6/9 6:00,19.32,0.004730000000000001,0.0
2025/6/9 7:00,22.48,0.005019999999999999,0.0
2025/6/9 8:00,25.6,0.00521,901.22
2025/6/9 9:00,28.09,0.0051600000000000005,9886.52
2025/6/9 10:00,29.88,0.004940000000000001,35038.89
2025/6/9 11:00,31.06,0.0047,59236.73
2025/6/9 12:00,31.7,0.00461,76349.92
2025/6/9 13:00,31.9,0.0048,89216.14
2025/6/9 14:00,31.0,0.00514,92421.2
2025/6/9 15:00,29.58,0.005719999999999999,86146.07
2025/6/9 16:00,28.16,0.00644,77809.87
2025/6/9 17:00,26.84,0.00717,76079.02
2025/6/9 18:00,25.72,0.0078,84049.93
2025/6/9 19:00,24.9,0.008289999999999999,69783.02
2025/6/9 20:00,24.5,0.00864,18850.29
2025/6/9 21:00,24.54,0.00882,7628.37
2025/6/9 22:00,24.8,0.00879,6192.61
2025/6/9 23:00,24.95,0.00847,5041.41
2025/6/10 0:00,24.71,0.00786,3855.79
2025/6/10 1:00,23.76,0.00694,1454.58
2025/6/10 2:00,21.8,0.0058200000000000005,0.0
2025/6/10 3:00,19.01,0.00474,0.0
2025/6/10 4:00,17.5,0.0042699999999999995,0.0
2025/6/10 5:00,18.11,0.00444,0.0
2025/6/10 6:00,19.59,0.004900000000000001,0.0
2025/6/10 7:00,21.45,0.0054800000000000005,0.0
2025/6/10 8:00,23.2,0.00598,1884.92
2025/6/10 9:00,24.45,0.0061600000000000005,9180.38
2025/6/10 10:00,25.29,0.00605,27996.96
2025/6/10 11:00,25.92,0.00578,46094.1
2025/6/10 12:00,26.54,0.0055,62723.12
2025/6/10 13:00,27.37,0.00535,73490.09
2025/6/10 14:00,28.6,0.00549,82768.47
2025/6/10 15:00,29.7,0.00584,86934.32
2025/6/10 16:00,29.32,0.0059900000000000005,83742.36
2025/6/10 17:00,28.32,0.0062,82396.14
2025/6/10 18:00,26.91,0.0064800000000000005,84535.01
2025/6/10 19:00,25.3,0.00683,63845.24
2025/6/10 20:00,23.7,0.0073,14367.39
2025/6/10 21:00,22.28,0.00789,3659.85
2025/6/10 22:00,21.03,0.0085,577.02
2025/6/10 23:00,19.93,0.00901,37.0
2025/6/11 0:00,18.91,0.009300000000000001,0.0
2025/6/11 1:00,17.95,0.00934,0.0
2025/6/11 2:00,17.0,0.00902,0.0
2025/6/11 3:00,16.11,0.00839,0.0
2025/6/11 4:00,15.7,0.00775,0.0
2025/6/11 5:00,16.39,0.00744,0.0
2025/6/11 6:00,18.11,0.0074199999999999995,0.0
2025/6/11 7:00,20.38,0.00746,0.0
2025/6/11 8:00,22.7,0.00738,0.0
2025/6/11 9:00,24.66,0.00709,3062.55
2025/6/11 10:00,26.28,0.006690000000000001,21981.58
2025/6/11 11:00,27.65,0.0063,46329.09
2025/6/11 12:00,28.87,0.00604,65444.51
2025/6/11 13:00,30.06,0.006030000000000001,82251.59
2025/6/11 14:00,31.3,0.00639,94251.09
2025/6/11 15:00,32.2,0.0070599999999999994,98584.89
2025/6/11 16:00,31.86,0.00754,96600.93
2025/6/11 17:00,31.01,0.007940000000000001,98250.95
2025/6/11 18:00,29.94,0.008230000000000001,107675.3
2025/6/11 19:00,28.91,0.00841,93982.35
2025/6/11 20:00,28.2,0.008539999999999999,56826.94
2025/6/11 21:00,27.98,0.00867,39011.63
2025/6/11 22:00,28.0,0.00874,35115.22
2025/6/11 23:00,27.92,0.00868,31423.56
2025/6/12 0:00,27.39,0.00834,24418.93
2025/6/12 1:00,26.07,0.00775,10851.67
2025/6/12 2:00,23.6,0.00683,1752.85
2025/6/12 3:00,20.21,0.0058,0.0
2025/6/12 4:00,18.4,0.00547,0.0
2025/6/12 5:00,18.95,0.00596,0.0
2025/6/12 6:00,20.37,0.0067599999999999995,0.0
2025/6/12 7:00,22.34,0.007719999999999999,0.0
2025/6/12 8:00,24.5,0.0086,5199.13
2025/6/12 9:00,26.58,0.00908,25481.03
2025/6/12 10:00,28.51,0.0091,50728.42
2025/6/12 11:00,30.29,0.00874,74858.01
2025/6/12 12:00,31.88,0.00819,94026.61
2025/6/12 13:00,33.29,0.0077,110794.6
2025/6/12 14:00,34.5,0.00764,122150.57
2025/6/12 15:00,35.2,0.00819,125332.45
2025/6/12 16:00,34.65,0.008919999999999999,121748.37
2025/6/12 17:00,33.24,0.009640000000000001,119341.44
2025/6/12 18:00,31.36,0.010199999999999999,121850.83
2025/6/12 19:00,29.39,0.01058,103383.11
2025/6/12 20:00,27.7,0.0109,62674.66
2025/6/12 21:00,26.57,0.01129,36720.39
2025/6/12 22:00,25.85,0.011720000000000001,25038.33
2025/6/12 23:00,25.26,0.012039999999999999,15714.26
2025/6/13 0:00,24.55,0.012060000000000001,8275.84
2025/6/13 1:00,23.45,0.01168,3792.82
2025/6/13 2:00,21.7,0.01072,431.54
2025/6/13 3:00,19.41,0.0094,18.85
2025/6/13 4:00,18.2,0.00871,0.0
2025/6/13 5:00,18.69,0.00888,0.0
2025/6/13 6:00,19.99,0.00939,0.0
2025/6/13 7:00,21.82,0.01008,0.0
2025/6/13 8:00,23.9,0.01075,5697.78
2025/6/13 9:00,25.99,0.011179999999999999,27742.82
2025/6/13 10:00,28.01,0.01128,53220.83
2025/6/13 11:00,29.89,0.01105,60434.53
2025/6/13 12:00,31.59,0.01055,89449.46
2025/6/13 13:00,33.04,0.009880000000000002,111687.44
2025/6/13 14:00,34.2,0.00922,104283.66
2025/6/13 15:00,34.8,0.00867,118682.05
2025/6/13 16:00,34.42,0.008150000000000001,120715.49
2025/6/13 17:00,33.43,0.00786,119376.4
2025/6/13 18:00,32.02,0.00784,121774.93
2025/6/13 19:00,30.41,0.008060000000000001,104420.59
2025/6/13 20:00,28.8,0.00853,71678.21
2025/6/13 21:00,27.35,0.00923,43890.07
2025/6/13 22:00,26.04,0.01,27162.51
2025/6/13 23:00,24.8,0.01068,12291.79
2025/6/14 0:00,23.58,0.01112,4821.93
2025/6/14 1:00,22.3,0.01125,1124.6
2025/6/14 2:00,20.9,0.01097,83.59
2025/6/14 3:00,19.48,0.01034,9.03
2025/6/14 4:00,18.8,0.00993,0.0
2025/6/14 5:00,19.24,0.01,0.0
2025/6/14 6:00,20.39,0.01028,0.0
2025/6/14 7:00,22.0,0.01063,0.0
2025/6/14 8:00,23.8,0.01084,4316.01
2025/6/14 9:00,25.58,0.01074,22457.91
2025/6/14 10:00,27.27,0.01034,45801.82
2025/6/14 11:00,28.84,0.009720000000000001,68154.81
2025/6/14 12:00,30.27,0.00904,85945.2
2025/6/14 13:00,31.54,0.00851,101530.32
2025/6/14 14:00,32.6,0.00839,111864.44
2025/6/14 15:00,33.2,0.0088,114360.79
2025/6/14 16:00,32.66,0.00929,110467.67
2025/6/14 17:00,31.29,0.009720000000000001,107571.81
2025/6/14 18:00,29.49,0.01,109154.84
2025/6/14 19:00,27.66,0.01017,91510.92
2025/6/14 20:00,26.2,0.01034,45558.65
2025/6/14 21:00,25.38,0.01066,22722.03
2025/6/14 22:00,25.0,0.01106,14544.39
2025/6/14 23:00,24.75,0.01139,9542.9
2025/6/15 0:00,24.31,0.01148,6031.78
2025/6/15 1:00,23.37,0.0111,2526.96
2025/6/15 2:00,21.6,0.01014,162.77
2025/6/15 3:00,19.13,0.0088,0.0
2025/6/15 4:00,17.8,0.008140000000000001,0.0
2025/6/15 5:00,18.33,0.00839,0.0
2025/6/15 6:00,19.68,0.009,0.0
2025/6/15 7:00,21.46,0.00974,0.0
2025/6/15 8:00,23.3,0.01034,3360.45
2025/6/15 9:00,24.9,0.01052,20020.8
2025/6/15 10:00,26.31,0.01034,43318.58
2025/6/15 11:00,27.69,0.00996,65697.08
2025/6/15 12:00,29.19,0.0096,84391.25
2025/6/15 13:00,30.94,0.00949,102724.61
2025/6/15 14:00,33.1,0.00994,99085.87
2025/6/15 15:00,34.8,0.01075,101017.7
2025/6/15 16:00,34.34,0.01087,114940.78
2025/6/15 17:00,33.16,0.010960000000000001,117991.05
2025/6/15 18:00,31.59,0.011,120996.71
2025/6/15 19:00,29.93,0.01103,104080.85
2025/6/15 20:00,28.5,0.01112,68291.56
2025/6/15 21:00,27.52,0.01137,43911.66
2025/6/15 22:00,26.86,0.011699999999999999,33094.66
2025/6/15 23:00,26.29,0.012,24082.19
2025/6/16 0:00,25.57,0.012119999999999999,15014.62
2025/6/16 1:00,24.49,0.011869999999999999,6042.62
2025/6/16 2:00,22.8,0.01112,1228.17
2025/6/16 3:00,20.63,0.010039999999999999,47.88
2025/6/16 4:00,19.5,0.00956,0.0
2025/6/16 5:00,19.98,0.00993,0.0
2025/6/16 6:00,21.27,0.01063,1641.22
2025/6/16 7:00,23.15,0.01148,3417.12
2025/6/16 8:00,25.4,0.012199999999999999,21188.61
2025/6/16 9:00,27.8,0.01244,44238.62
2025/6/16 10:00,30.17,0.01201,72352.9
2025/6/16 11:00,32.32,0.01089,95588.72
2025/6/16 12:00,34.08,0.00926,112401.78
2025/6/16 13:00,35.26,0.00753,127379.2
2025/6/16 14:00,35.7,0.00628,130200.4
2025/6/16 15:00,35.51,0.00601,132606.98
2025/6/16 16:00,35.0,0.00663,127617.28
2025/6/16 17:00,34.25,0.00777,107861.59
2025/6/16 18:00,33.34,0.009089999999999999,91754.64
2025/6/16 19:00,32.36,0.01027,96239.53
2025/6/16 20:00,31.4,0.01112,94611.14
2025/6/16 21:00,30.51,0.011519999999999999,75469.29
2025/6/16 22:00,29.64,0.011529999999999999,63571.0
2025/6/16 23:00,28.73,0.01123,51775.09
2025/6/17 0:00,27.7,0.01071,40774.24
2025/6/17 1:00,26.48,0.00996,27372.08
2025/6/17 2:00,25.0,0.00907,11273.0
2025/6/17 3:00,23.39,0.00819,2143.62
2025/6/17 4:00,22.6,0.00777,622.93
2025/6/17 5:00,22.98,0.00791,586.3
2025/6/17 6:00,23.92,0.008320000000000001,2916.68
2025/6/17 7:00,25.15,0.00887,12006.06
2025/6/17 8:00,26.4,0.00942,27108.94
2025/6/17 9:00,27.45,0.00982,46646.47
2025/6/17 10:00,28.29,0.01007,62725.73
2025/6/17 11:00,29.0,0.01019,75608.27
2025/6/17 12:00,29.63,0.010230000000000001,85791.01
2025/6/17 13:00,30.24,0.01024,80932.73
2025/6/17 14:00,30.9,0.01025,80075.62
2025/6/17 15:00,31.57,0.010289999999999999,92656.95
2025/6/17 16:00,31.9,0.01018,93255.03
2025/6/17 17:00,31.67,0.009880000000000002,75824.41
2025/6/17 18:00,31.09,0.00957,63113.79
2025/6/17 19:00,30.31,0.00939,52393.04
2025/6/17 20:00,29.5,0.00945,59568.89
2025/6/17 21:00,28.77,0.009810000000000001,49310.98
2025/6/17 22:00,28.07,0.01034,40307.29
2025/6/17 23:00,27.32,0.01091,31098.92
2025/6/18 0:00,26.41,0.01137,19542.93
2025/6/18 1:00,25.27,0.01154,6818.1
2025/6/18 2:00,23.8,0.01132,1250.13
2025/6/18 3:00,22.13,0.01078,97.91
2025/6/18 4:00,21.3,0.01062,23.26
2025/6/18 5:00,21.59,0.01105,8.17
2025/6/18 6:00,22.33,0.011619999999999998,3.29
2025/6/18 7:00,23.34,0.01218,15.67
2025/6/18 8:00,24.4,0.012539999999999999,13012.38
2025/6/18 9:00,25.38,0.01253,34973.71
2025/6/18 10:00,26.29,0.01221,46697.99
2025/6/18 11:00,27.2,0.01175,70128.79
2025/6/18 12:00,28.18,0.01129,88230.65
2025/6/18 13:00,29.29,0.01105,87265.06
2025/6/18 14:00,30.6,0.01124,106614.36
2025/6/18 15:00,31.6,0.01174,98267.06
2025/6/18 16:00,31.25,0.01183,102409.75
2025/6/18 17:00,30.34,0.0119,100675.3
2025/6/18 18:00,29.09,0.011970000000000001,68866.6
2025/6/18 19:00,27.74,0.01205,64890.88
2025/6/18 20:00,26.5,0.012199999999999999,41310.33
2025/6/18 21:00,25.54,0.01249,22254.72
2025/6/18 22:00,24.82,0.01285,11802.11
2025/6/18 23:00,24.2,0.01319,5371.75
2025/6/19 0:00,23.58,0.0134,2357.6
2025/6/19 1:00,22.85,0.013359999999999999,897.56
2025/6/19 2:00,21.9,0.01298,104.36
2025/6/19 3:00,20.77,0.0123,26.95
2025/6/19 4:00,20.2,0.01191,0.0
2025/6/19 5:00,20.34,0.01192,0.0
2025/6/19 6:00,20.79,0.01199,0.0
2025/6/19 7:00,21.57,0.012150000000000001,0.0
2025/6/19 8:00,22.7,0.012369999999999999,5041.79
2025/6/19 9:00,24.18,0.01265,22266.74
2025/6/19 10:00,25.87,0.01292,42034.87
2025/6/19 11:00,27.63,0.013130000000000001,74323.92
2025/6/19 12:00,29.29,0.01326,83122.54
2025/6/19 13:00,30.7,0.013359999999999999,90944.73
2025/6/19 14:00,31.7,0.01351,116470.7
2025/6/19 15:00,32.1,0.01375,122750.03
2025/6/19 16:00,31.46,0.013699999999999999,96926.46
2025/6/19 17:00,29.81,0.013269999999999999,100055.24
2025/6/19 18:00,27.58,0.01267,94708.43
2025/6/19 19:00,25.2,0.01209,68431.0
2025/6/19 20:00,23.1,0.01176,15092.23
2025/6/19 21:00,21.6,0.01183,3226.55
2025/6/19 22:00,20.62,0.01219,755.39
2025/6/19 23:00,19.98,0.01267,148.06
2025/6/20 0:00,19.5,0.01309,56.16
2025/6/20 1:00,19.0,0.01325,6.44
2025/6/20 2:00,18.3,0.01295,0.0
2025/6/20 3:00,17.39,0.01219,0.0
2025/6/20 4:00,16.9,0.011529999999999999,0.0
2025/6/20 5:00,17.41,0.01143,0.0
2025/6/20 6:00,18.72,0.01173,0.0
2025/6/20 7:00,20.49,0.01222,0.0
2025/6/20 8:00,22.4,0.01269,0.0
2025/6/20 9:00,24.18,0.01294,6043.95
2025/6/20 10:00,25.79,0.01297,28647.92
2025/6/20 11:00,27.3,0.01281,35974.23
2025/6/20 12:00,28.72,0.01248,63034.93
2025/6/20 13:00,30.11,0.01205,84456.76
2025/6/20 14:00,31.5,0.011550000000000001,97194.09
2025/6/20 15:00,32.8,0.01098,103413.23
2025/6/20 16:00,33.4,0.01011,104719.69
2025/6/20 17:00,33.11,0.00912,106300.99
2025/6/20 18:00,32.34,0.00844,110999.72
2025/6/20 19:00,31.22,0.00825,82090.5
2025/6/20 20:00,29.9,0.00861,67021.85
2025/6/20 21:00,28.51,0.00948,44989.18
2025/6/20 22:00,27.08,0.01057,28355.48
2025/6/20 23:00,25.66,0.01158,12514.81
2025/6/21 0:00,24.27,0.01233,3850.07
2025/6/21 1:00,22.94,0.01271,608.44
2025/6/21 2:00,21.7,0.01264,38.06
2025/6/21 3:00,20.65,0.01219,0.0
2025/6/21 4:00,20.2,0.01176,0.0
2025/6/21 5:00,20.78,0.01175,0.0
2025/6/21 6:00,22.25,0.01209,0.0
2025/6/21 7:00,24.19,0.01248,1007.13
2025/6/21 8:00,26.2,0.01265,13081.0
2025/6/21 9:00,27.96,0.012369999999999999,33382.08
2025/6/21 10:00,29.49,0.01174,56541.34
2025/6/21 11:00,30.93,0.010960000000000001,78954.27
2025/6/21 12:00,32.38,0.01026,97386.75
2025/6/21 13:00,33.96,0.009890000000000001,114753.89
2025/6/21 14:00,35.8,0.01014,128935.56
2025/6/21 15:00,37.2,0.0109,135723.66
2025/6/21 16:00,36.84,0.01133,133726.55
2025/6/21 17:00,35.9,0.01191,133020.82
2025/6/21 18:00,34.6,0.01251,136974.96
2025/6/21 19:00,33.16,0.01306,122778.11
2025/6/21 20:00,31.8,0.01359,104987.31
2025/6/21 21:00,30.68,0.01413,80032.44
2025/6/21 22:00,29.69,0.01461,66531.4
2025/6/21 23:00,28.69,0.01491,53717.19
2025/6/22 0:00,27.51,0.01487,39796.95
2025/6/22 1:00,26.0,0.0144,23030.97
2025/6/22 2:00,24.0,0.01339,5677.78
2025/6/22 3:00,21.67,0.012060000000000001,516.69
2025/6/22 4:00,20.5,0.0115,66.74
2025/6/22 5:00,20.94,0.01196,41.56
2025/6/22 6:00,22.1,0.01275,53.21
2025/6/22 7:00,23.74,0.01365,3323.72
2025/6/22 8:00,25.6,0.01433,30073.22
2025/6/22 9:00,27.48,0.01446,46543.8
2025/6/22 10:00,29.31,0.01396,66136.09
2025/6/22 11:00,31.08,0.01294,87793.75
2025/6/22 12:00,32.76,0.011609999999999999,106051.31
2025/6/22 13:00,34.34,0.01027,124109.19
2025/6/22 14:00,35.8,0.00937,135132.7
2025/6/22 15:00,36.7,0.00915,139657.73
2025/6/22 16:00,36.27,0.00932,135489.7
2025/6/22 17:00,35.15,0.00996,131952.93
2025/6/22 18:00,33.58,0.01086,131300.34
2025/6/22 19:00,31.82,0.01184,111912.15
2025/6/22 20:00,30.1,0.01285,89510.74
2025/6/22 21:00,28.63,0.01391,62834.93
2025/6/22 22:00,27.38,0.01493,46590.71
2025/6/22 23:00,26.29,0.01582,32514.62
2025/6/23 0:00,25.3,0.0165,20138.26
2025/6/23 1:00,24.32,0.01679,9092.44
2025/6/23 2:00,23.3,0.01662,3653.08
2025/6/23 3:00,22.28,0.016050000000000002,926.02
2025/6/23 4:00,21.8,0.01567,202.6
2025/6/23 5:00,22.07,0.01574,169.11
2025/6/23 6:00,22.75,0.01592,1144.8
2025/6/23 7:00,23.62,0.016030000000000003,4489.6
2025/6/23 8:00,24.5,0.01586,19693.42
2025/6/23 9:00,25.23,0.01529,34809.7
2025/6/23 10:00,25.94,0.01449,50633.9
2025/6/23 11:00,26.77,0.013710000000000002,67481.8
2025/6/23 12:00,27.91,0.013179999999999999,81180.17
2025/6/23 13:00,29.53,0.01314,96969.27
2025/6/23 14:00,31.8,0.01391,107894.2
2025/6/23 15:00,33.7,0.014960000000000001,118517.72
2025/6/23 16:00,33.39,0.01475,116537.96
2025/6/23 17:00,32.59,0.01462,114264.22
2025/6/23 18:00,31.45,0.0146,115129.25
2025/6/23 19:00,30.17,0.01467,96839.31
2025/6/23 20:00,28.9,0.01488,73095.49
2025/6/23 21:00,27.79,0.01524,51000.02
2025/6/23 22:00,26.83,0.01568,37916.04
2025/6/23 23:00,26.0,0.01611,26581.57
2025/6/24 0:00,25.26,0.016489999999999998,16699.36
2025/6/24 1:00,24.57,0.016640000000000002,8503.86
2025/6/24 2:00,23.9,0.01652,4173.92
2025/6/24 3:00,23.28,0.016149999999999998,1685.04
2025/6/24 4:00,23.0,0.01584,759.04
2025/6/24 5:00,23.13,0.01566,684.2
2025/6/24 6:00,23.6,0.015560000000000001,6804.5
2025/6/24 7:00,24.57,0.01566,18714.77
2025/6/24 8:00,26.2,0.01607,34026.37
2025/6/24 9:00,28.52,0.01682,55691.85
2025/6/24 10:00,31.16,0.01761,80198.47
2025/6/24 11:00,33.64,0.0181,103231.43
2025/6/24 12:00,35.48,0.01807,123067.57
2025/6/24 13:00,36.2,0.01746,131855.55
2025/6/24 14:00,34.3,0.0154,131789.23
2025/6/24 15:00,31.77,0.014029999999999999,139557.75
2025/6/24 16:00,29.64,0.013699999999999999,112602.52
2025/6/24 17:00,27.9,0.01393,81398.91
2025/6/24 18:00,26.53,0.01444,61235.36
2025/6/24 19:00,25.5,0.01504,61973.55
2025/6/24 20:00,24.8,0.01559,30480.34
2025/6/24 21:00,24.39,0.01599,15898.51
2025/6/24 22:00,24.21,0.01625,10558.62
2025/6/24 23:00,24.14,0.01638,7467.23
2025/6/25 0:00,24.11,0.01629,6055.73
2025/6/25 1:00,24.03,0.01611,4514.18
2025/6/25 2:00,23.8,0.01576,2772.04
2025/6/25 3:00,23.42,0.01529,1533.22
2025/6/25 4:00,23.2,0.01497,788.34
2025/6/25 5:00,23.47,0.01506,894.44
2025/6/25 6:00,24.15,0.01541,1671.42
2025/6/25 7:00,25.02,0.01579,8020.36
2025/6/25 8:00,25.9,0.01593,34233.24
2025/6/25 9:00,26.61,0.0156,54026.28
2025/6/25 10:00,27.18,0.01491,53359.81
2025/6/25 11:00,27.67,0.014070000000000001,79835.5
2025/6/25 12:00,28.15,0.01329,74787.44
2025/6/25 13:00,28.67,0.01279,73412.1
2025/6/25 14:00,29.3,0.01281,76020.1
2025/6/25 15:00,29.8,0.01331,75477.38
2025/6/25 16:00,29.56,0.013730000000000001,89673.5
2025/6/25 17:00,28.97,0.01417,67818.59
2025/6/25 18:00,28.2,0.01457,51088.05
2025/6/25 19:00,27.41,0.0149,39319.23
2025/6/25 20:00,26.8,0.015189999999999999,33395.54
2025/6/25 21:00,26.47,0.01549,26354.48
2025/6/25 22:00,26.31,0.01574,22133.34
2025/6/25 23:00,26.14,0.015880000000000002,18262.67
2025/6/26 0:00,25.8,0.01577,11680.74
2025/6/26 1:00,25.11,0.0154,4208.52
2025/6/26 2:00,23.9,0.01465,1144.97
2025/6/26 3:00,22.27,0.01368,69.16
2025/6/26 4:00,21.4,0.0134,14.0
2025/6/26 5:00,21.42,0.013779999999999999,0.0
2025/6/26 6:00,21.54,0.01408,0.0
2025/6/26 7:00,21.9,0.0143,0.0
2025/6/26 8:00,22.6,0.01442,2319.64
2025/6/26 9:00,23.72,0.014369999999999999,15500.92
2025/6/26 10:00,25.14,0.01409,35407.5
2025/6/26 11:00,26.7,0.013529999999999999,58350.48
2025/6/26 12:00,28.24,0.01271,74544.8
2025/6/26 13:00,29.59,0.01175,89473.86
2025/6/26 14:00,30.6,0.01093,101811.29
2025/6/26 15:00,31.14,0.01052,103004.35
2025/6/26 16:00,31.3,0.01059,100639.78
2025/6/26 17:00,31.05,0.01098,100573.27
2025/6/26 18:00,30.39,0.01149,101484.23
2025/6/26 19:00,29.49,0.012,89498.6
2025/6/26 20:00,28.5,0.01244,64376.78
2025/6/26 21:00,27.55,0.01277,43137.7
2025/6/26 22:00,26.6,0.01294,30140.67
2025/6/26 23:00,25.6,0.0129,17325.59
2025/6/27 0:00,24.5,0.01262,6053.29
2025/6/27 1:00,23.22,0.01202,1600.19
2025/6/27 2:00,21.7,0.01111,110.19
2025/6/27 3:00,20.09,0.010039999999999999,19.75
2025/6/27 4:00,19.3,0.00942,0.0
2025/6/27 5:00,19.84,0.009470000000000001,0.0
2025/6/27 6:00,21.23,0.009890000000000001,0.0
2025/6/27 7:00,23.1,0.01048,0.0
2025/6/27 8:00,25.1,0.011,9220.86
2025/6/27 9:00,26.93,0.011210000000000001,29756.12
2025/6/27 10:00,28.54,0.0111,52901.22
2025/6/27 11:00,29.94,0.01075,74720.56
2025/6/27 12:00,31.13,0.01028,91599.97
2025/6/27 13:00,32.11,0.00983,105932.11
2025/6/27 14:00,32.9,0.00957,115174.71
2025/6/27 15:00,33.47,0.00966,117421.84
2025/6/27 16:00,33.7,0.01001,116180.63
2025/6/27 17:00,33.38,0.01046,117123.48
2025/6/27 18:00,32.55,0.01091,121832.16
2025/6/27 19:00,31.37,0.01131,108496.14
2025/6/27 20:00,30.0,0.01168,83828.29
2025/6/27 21:00,28.6,0.012,56867.97
2025/6/27 22:00,27.22,0.01225,39610.96
2025/6/27 23:00,25.88,0.012369999999999999,23323.84
2025/6/28 0:00,24.63,0.0124,9546.02
2025/6/28 1:00,23.49,0.01222,3792.94
2025/6/28 2:00,22.5,0.01191,957.42
2025/6/28 3:00,21.72,0.01149,120.89
2025/6/28 4:00,21.4,0.01117,38.23
2025/6/28 5:00,21.77,0.011130000000000001,25.11
2025/6/28 6:00,22.71,0.011269999999999999,466.21
2025/6/28 7:00,23.97,0.01142,4630.47
2025/6/28 8:00,25.3,0.01139,21535.42
2025/6/28 9:00,26.5,0.01103,39093.45
2025/6/28 10:00,27.6,0.01042,62926.77
2025/6/28 11:00,28.68,0.009710000000000002,78496.94
2025/6/28 12:00,29.8,0.00907,93586.66
2025/6/28 13:00,31.05,0.00868,108473.9
2025/6/28 14:00,32.5,0.00876,118253.51
2025/6/28 15:00,33.6,0.00924,116564.55
2025/6/28 16:00,33.33,0.00954,116813.88
2025/6/28 17:00,32.64,0.009970000000000001,117477.45
2025/6/28 18:00,31.69,0.01044,119595.89
2025/6/28 19:00,30.66,0.01087,105466.62
2025/6/28 20:00,29.7,0.01125,82925.96
2025/6/28 21:00,28.94,0.01159,62554.01
2025/6/28 22:00,28.31,0.011890000000000001,52447.17
2025/6/28 23:00,27.67,0.01209,42964.97
2025/6/29 0:00,26.91,0.01219,33541.45
2025/6/29 1:00,25.89,0.012060000000000001,21601.62
2025/6/29 2:00,24.5,0.01168,7555.26
2025/6/29 3:00,22.84,0.01114,1660.21
2025/6/29 4:00,22.0,0.01112,373.26
2025/6/29 5:00,22.28,0.011779999999999999,409.1
2025/6/29 6:00,23.0,0.01265,4832.53
2025/6/29 7:00,24.0,0.01354,17208.01
2025/6/29 8:00,25.1,0.01421,33972.63
2025/6/29 9:00,26.17,0.01442,47712.72
2025/6/29 10:00,27.22,0.014240000000000001,64046.17
2025/6/29 11:00,28.32,0.013810000000000001,103090.9
2025/6/29 12:00,29.53,0.01334,102742.82
2025/6/29 13:00,30.9,0.01306,105990.08
2025/6/29 14:00,32.5,0.01326,113454.43
2025/6/29 15:00,33.7,0.01376,115632.16
2025/6/29 16:00,33.22,0.01357,135495.76
2025/6/29 17:00,32.04,0.01332,135293.75
2025/6/29 18:00,30.57,0.01315,91319.25
2025/6/29 19:00,29.22,0.01323,65849.55
2025/6/29 20:00,28.4,0.01375,62358.94
2025/6/29 21:00,28.2,0.01476,54364.01
2025/6/29 22:00,27.75,0.01548,46641.1
2025/6/29 23:00,26.95,0.01575,36129.1
2025/6/30 0:00,26.02,0.01564,25717.3
2025/6/30 1:00,25.14,0.015380000000000001,15183.22
2025/6/30 2:00,24.5,0.015099999999999999,7470.55
2025/6/30 3:00,24.25,0.01491,4443.29
2025/6/30 4:00,24.33,0.014839999999999999,3482.02
2025/6/30 5:00,24.61,0.01485,3623.34
2025/6/30 6:00,24.98,0.014960000000000001,7869.28
2025/6/30 7:00,25.31,0.01514,17155.96
2025/6/30 8:00,25.5,0.0154,29262.72
2025/6/30 9:00,25.46,0.01573,37801.14
2025/6/30 10:00,25.23,0.0161,45195.14
2025/6/30 11:00,24.91,0.01647,50795.61
2025/6/30 12:00,24.57,0.01682,54120.25
2025/6/30 13:00,24.31,0.01714,55147.75
2025/6/30 14:00,24.2,0.01743,53722.77
2025/6/30 15:00,23.76,0.01711,48057.34
2025/6/30 16:00,22.84,0.01611,37731.32
2025/6/30 17:00,22.05,0.015179999999999999,25840.89
2025/6/30 18:00,22.0,0.01494,16004.03
2025/6/30 19:00,23.01,0.01572,11234.97
2025/6/30 20:00,24.2,0.016829999999999998,4267.8
2025/6/30 21:00,24.64,0.01735,4442.13
2025/6/30 22:00,24.36,0.01724,2923.72
2025/6/30 23:00,23.59,0.01672,1272.34
2025/7/1 0:00,22.59,0.01597,77.16
2025/7/1 1:00,21.61,0.01533,24.3
2025/7/1 2:00,20.9,0.01494,0.0
2025/7/1 3:00,20.63,0.01492,0.0
2025/7/1 4:00,20.6,0.01506,0.0
2025/7/1 5:00,20.63,0.01516,0.0
2025/7/1 6:00,20.73,0.01523,0.0
2025/7/1 7:00,20.91,0.01526,0.0
2025/7/1 8:00,21.2,0.01523,0.0
2025/7/1 9:00,21.6,0.01515,2392.28
2025/7/1 10:00,22.14,0.01508,30251.75
2025/7/1 11:00,22.81,0.01506,38979.07
2025/7/1 12:00,23.64,0.015189999999999999,47210.5
2025/7/1 13:00,24.63,0.015560000000000001,59955.98
2025/7/1 14:00,25.8,0.016280000000000003,69839.89
2025/7/1 15:00,27.01,0.01735,67171.94
2025/7/1 16:00,27.6,0.01806,62410.34
2025/7/1 17:00,27.29,0.01798,53282.57
2025/7/1 18:00,26.55,0.01758,40926.73
2025/7/1 19:00,25.72,0.01712,45308.52
2025/7/1 20:00,25.1,0.01686,17459.69
2025/7/1 21:00,24.92,0.017,7432.59
2025/7/1 22:00,25.03,0.01738,6728.83
2025/7/1 23:00,25.17,0.01773,8247.45
2025/7/2 0:00,25.09,0.01781,6430.44
2025/7/2 1:00,24.55,0.01732,2096.62
2025/7/2 2:00,23.3,0.016059999999999998,198.55
2025/7/2 3:00,21.43,0.01427,11.41
2025/7/2 4:00,20.4,0.01331,0.0
2025/7/2 5:00,20.87,0.013560000000000001,0.0
2025/7/2 6:00,22.02,0.014320000000000001,0.0
2025/7/2 7:00,23.46,0.01525,3.14
2025/7/2 8:00,24.8,0.01595,5881.51
2025/7/2 9:00,25.76,0.01609,22256.65
2025/7/2 10:00,26.45,0.01582,41816.7
2025/7/2 11:00,27.08,0.01542,60683.73
2025/7/2 12:00,27.86,0.015189999999999999,75204.5
2025/7/2 13:00,29.0,0.015449999999999998,89621.12
2025/7/2 14:00,30.7,0.016550000000000002,102000.46
2025/7/2 15:00,32.2,0.01799,107975.06
2025/7/2 16:00,31.96,0.01811,105746.1
2025/7/2 17:00,31.34,0.018170000000000002,107186.67
2025/7/2 18:00,30.48,0.018179999999999998,115239.58
2025/7/2 19:00,29.52,0.01819,105321.09
2025/7/2 20:00,28.6,0.01825,86843.51
2025/7/2 21:00,27.84,0.018420000000000002,68293.34
2025/7/2 22:00,27.2,0.01864,62012.61
2025/7/2 23:00,26.62,0.01881,56094.18
2025/7/3 0:00,26.06,0.018789999999999998,48369.89
2025/7/3 1:00,25.44,0.018600000000000002,35010.51
2025/7/3 2:00,24.7,0.01809,10380.41
2025/7/3 3:00,23.9,0.017329999999999998,3816.47
2025/7/3 4:00,23.5,0.01684,1360.43
2025/7/3 5:00,23.8,0.0169,1152.42
2025/7/3 6:00,24.57,0.0173,8450.21
2025/7/3 7:00,25.67,0.017839999999999998,30524.63
2025/7/3 8:00,26.9,0.01832,30244.69
2025/7/3 9:00,28.13,0.01858,51926.63
2025/7/3 10:00,29.3,0.01858,60614.54
2025/7/3 11:00,30.37,0.01837,87104.14
2025/7/3 12:00,31.3,0.01804,104375.58
2025/7/3 13:00,32.06,0.01769,115682.4
2025/7/3 14:00,32.6,0.01747,122325.69
2025/7/3 15:00,32.91,0.01749,122769.63
2025/7/3 16:00,33.0,0.01778,121226.39
2025/7/3 17:00,32.68,0.01804,122661.21
2025/7/3 18:00,31.85,0.01807,126562.5
2025/7/3 19:00,30.72,0.01796,112569.59
2025/7/3 20:00,29.5,0.017839999999999998,94316.54
2025/7/3 21:00,28.34,0.0178,69291.91
2025/7/3 22:00,27.24,0.01777,54347.34
2025/7/3 23:00,26.16,0.01764,38473.34
2025/7/4 0:00,25.03,0.0173,21204.47
2025/7/4 1:00,23.83,0.01676,7162.5
2025/7/4 2:00,22.5,0.01592,2422.32
2025/7/4 3:00,21.15,0.01492,309.4
2025/7/4 4:00,20.5,0.01445,49.73
2025/7/4 5:00,20.74,0.01467,27.31
2025/7/4 6:00,21.34,0.01512,13.98
2025/7/4 7:00,22.09,0.01563,17.74
2025/7/4 8:00,22.8,0.01604,5744.53
2025/7/4 9:00,23.33,0.0162,30149.65
2025/7/4 10:00,23.76,0.01623,32887.6
2025/7/4 11:00,24.22,0.01629,38369.04
2025/7/4 12:00,24.85,0.01656,46524.73
2025/7/4 13:00,25.76,0.01721,78437.08
2025/7/4 14:00,27.1,0.0185,70069.94
2025/7/4 15:00,28.75,0.02044,77898.34
2025/7/4 16:00,29.6,0.02168,104425.1
2025/7/4 17:00,29.18,0.02142,104586.05
2025/7/4 18:00,28.17,0.02048,93037.02
2025/7/4 19:00,26.98,0.01934,70938.73
2025/7/4 20:00,26.0,0.018420000000000002,54844.24
2025/7/4 21:00,25.52,0.01799,34453.76
2025/7/4 22:00,25.45,0.01796,29441.87
2025/7/4 23:00,25.61,0.01812,30679.36
2025/7/5 0:00,25.79,0.01837,33239.06
2025/7/5 1:00,25.82,0.018420000000000002,32888.94
2025/7/5 2:00,25.5,0.01813,22749.91
2025/7/5 3:00,24.81,0.01752,5181.54
2025/7/5 4:00,24.4,0.01724,2087.68
2025/7/5 5:00,24.46,0.01743,2435.33
2025/7/5 6:00,24.64,0.01766,11998.11
2025/7/5 7:00,24.98,0.01791,22824.39
2025/7/5 8:00,25.5,0.01813,26519.26
2025/7/5 9:00,26.2,0.0183,37796.36
2025/7/5 10:00,27.04,0.01839,49653.21
2025/7/5 11:00,27.93,0.01844,83544.99
2025/7/5 12:00,28.8,0.01848,79730.67
2025/7/5 13:00,29.58,0.018600000000000002,106207.41
2025/7/5 14:00,30.2,0.01889,94716.2
2025/7/5 15:00,30.5,0.01932,87381.05
2025/7/5 16:00,30.17,0.019440000000000002,101839.55
2025/7/5 17:00,29.34,0.01927,78066.03
2025/7/5 18:00,28.28,0.018949999999999998,58744.01
2025/7/5 19:00,27.25,0.01866,44696.78
2025/7/5 20:00,26.5,0.01858,53845.87
2025/7/5 21:00,26.21,0.01886,51734.3
2025/7/5 22:00,26.24,0.01936,57314.19
2025/7/5 23:00,26.35,0.01986,64136.48
2025/7/6 0:00,26.3,0.02029,64107.82
2025/7/6 1:00,25.86,0.02002,54546.11
2025/7/6 2:00,24.8,0.019,8337.12
2025/7/6 3:00,23.19,0.01742,1185.25
2025/7/6 4:00,22.3,0.016649999999999998,80.47
2025/7/6 5:00,22.45,0.0169,32.72
2025/7/6 6:00,22.9,0.01732,27.7
2025/7/6 7:00,23.63,0.01783,772.09
2025/7/6 8:00,24.6,0.01835,19682.94
2025/7/6 9:00,25.8,0.01877,38075.08
2025/7/6 10:00,27.14,0.01909,58639.15
2025/7/6 11:00,28.54,0.01936,78782.29
2025/7/6 12:00,29.93,0.01968,96972.74
2025/7/6 13:00,31.21,0.02022,113045.28
2025/7/6 14:00,32.3,0.02123,126543.88
2025/7/6 15:00,32.9,0.02258,134922.2
2025/7/6 16:00,32.54,0.023329999999999997,133421.08
2025/7/6 17:00,31.58,0.02345,113481.18
2025/7/6 18:00,30.21,0.022789999999999998,92889.53
2025/7/6 19:00,28.62,0.02138,69457.04
2025/7/6 20:00,27.0,0.01933,72990.41
2025/7/6 21:00,25.61,0.01694,22156.79
2025/7/6 22:00,25.0,0.01499,12554.03
2025/7/6 23:00,25.38,0.01367,12286.88
2025/7/7 0:00,26.28,0.01263,16762.07
2025/7/7 1:00,27.4,0.011869999999999999,24514.54
2025/7/7 2:00,28.4,0.01145,32160.7
2025/7/7 3:00,29.03,0.011529999999999999,36937.19
2025/7/7 4:00,29.34,0.012029999999999999,39021.27
2025/7/7 5:00,29.45,0.01278,42679.77
2025/7/7 6:00,29.48,0.013550000000000001,52882.31
2025/7/7 7:00,29.56,0.014150000000000001,56695.46
2025/7/7 8:00,29.8,0.014369999999999999,44492.84
2025/7/7 9:00,30.3,0.01408,58401.91
2025/7/7 10:00,31.0,0.013359999999999999,78357.52
2025/7/7 11:00,31.84,0.0124,98884.48
2025/7/7 12:00,32.72,0.01143,114224.12
2025/7/7 13:00,33.57,0.01076,127461.26
2025/7/7 14:00,34.3,0.01078,135367.84
2025/7/7 15:00,34.7,0.01174,135242.81
2025/7/7 16:00,34.36,0.013179999999999999,130513.68
2025/7/7 17:00,33.49,0.0148,129799.92
2025/7/7 18:00,32.29,0.016309999999999998,135722.77
2025/7/7 19:00,30.99,0.01757,120917.03
2025/7/7 20:00,29.8,0.01856,92534.52
2025/7/7 21:00,28.87,0.01936,93548.51
2025/7/7 22:00,28.15,0.019940000000000003,98057.66
2025/7/7 23:00,27.53,0.02022,94003.37
2025/7/8 0:00,26.89,0.019989999999999997,83067.27
2025/7/8 1:00,26.11,0.019289999999999998,61133.91
2025/7/8 2:00,25.1,0.01796,27041.75
2025/7/8 3:00,23.91,0.01618,5682.29
2025/7/8 4:00,23.3,0.01483,2693.11
2025/7/8 5:00,23.52,0.01408,2792.21
2025/7/8 6:00,24.13,0.013519999999999999,13012.08
2025/7/8 7:00,25.07,0.01315,20970.84
2025/7/8 8:00,26.3,0.01297,36843.43
2025/7/8 9:00,27.72,0.013009999999999999,73435.98
2025/7/8 10:00,29.17,0.0132,79090.83
2025/7/8 11:00,30.44,0.013470000000000001,88251.26
2025/7/8 12:00,31.35,0.01377,99291.32
2025/7/8 13:00,31.7,0.014029999999999999,105081.61
2025/7/8 14:00,31.0,0.01388,141598.74
2025/7/8 15:00,30.01,0.01393,109937.19
2025/7/8 16:00,29.1,0.01431,87316.81
2025/7/8 17:00,28.24,0.01486,108958.46
2025/7/8 18:00,27.42,0.015449999999999998,72438.51
2025/7/8 19:00,26.61,0.01597,48797.66
2025/7/8 20:00,25.8,0.016309999999999998,34265.91
2025/7/8 21:00,24.98,0.01642,21380.33
2025/7/8 22:00,24.18,0.01634,11022.48
2025/7/8 23:00,23.43,0.01616,5122.97
2025/7/9 0:00,22.77,0.01592,2713.45
2025/7/9 1:00,22.25,0.01572,1409.6
2025/7/9 2:00,21.9,0.01559,436.43
2025/7/9 3:00,21.74,0.015560000000000001,96.87
2025/7/9 4:00,21.7,0.01558,44.88
2025/7/9 5:00,21.84,0.0157,22.71
2025/7/9 6:00,22.2,0.01595,18.01
2025/7/9 7:00,22.65,0.01623,110.61
2025/7/9 8:00,23.1,0.01642,9498.52
2025/7/9 9:00,23.46,0.01644,17014.35
2025/7/9 10:00,23.81,0.016390000000000002,25978.5
2025/7/9 11:00,24.24,0.01638,44483.5
2025/7/9 12:00,24.87,0.01657,57463.13
2025/7/9 13:00,25.78,0.017079999999999998,67612.9
2025/7/9 14:00,27.1,0.01811,75779.17
2025/7/9 15:00,28.69,0.019629999999999998,87846.16
2025/7/9 16:00,29.5,0.02043,81018.9
2025/7/9 17:00,29.23,0.020079999999999997,82524.2
2025/7/9 18:00,28.56,0.019399999999999997,61206.47
2025/7/9 19:00,27.68,0.01864,54703.51
2025/7/9 20:00,26.8,0.01802,48607.33
2025/7/9 21:00,26.07,0.01768,29722.46
2025/7/9 22:00,25.49,0.01756,19405.92
2025/7/9 23:00,25.0,0.01754,10604.94
2025/7/10 0:00,24.55,0.01753,4388.89
2025/7/10 1:00,24.1,0.01742,1934.15
2025/7/10 2:00,23.6,0.01714,866.7
2025/7/10 3:00,23.06,0.01668,69.02
2025/7/10 4:00,22.8,0.01636,29.66
2025/7/10 5:00,23.1,0.01647,18.39
2025/7/10 6:00,23.85,0.01688,586.75
2025/7/10 7:00,24.83,0.01736,7835.84
2025/7/10 8:00,25.8,0.01763,24037.2
2025/7/10 9:00,26.59,0.01749,44473.99
2025/7/10 10:00,27.23,0.01705,59068.7
2025/7/10 11:00,27.83,0.01653,75283.61
2025/7/10 12:00,28.46,0.01613,86971.26
2025/7/10 13:00,29.22,0.01609,96105.25
2025/7/10 14:00,30.2,0.016649999999999998,106479.45
2025/7/10 15:00,31.0,0.01759,120089.85
2025/7/10 16:00,30.71,0.0179,117522.58
2025/7/10 17:00,29.98,0.01805,106479.18
2025/7/10 18:00,28.98,0.01806,115218.6
2025/7/10 19:00,27.89,0.01798,88962.21
2025/7/10 20:00,26.9,0.0179,64898.76
2025/7/10 21:00,26.15,0.01791,47244.61
2025/7/10 22:00,25.61,0.018,39563.23
2025/7/10 23:00,25.24,0.01812,33938.51
2025/7/11 0:00,24.96,0.01819,30559.92
2025/7/11 1:00,24.74,0.01821,23011.89
2025/7/11 2:00,24.5,0.0181,13804.84
2025/7/11 3:00,24.23,0.017839999999999998,7658.29
2025/7/11 4:00,24.1,0.01763,5055.81
2025/7/11 5:00,24.17,0.01756,3903.64
2025/7/11 6:00,24.4,0.01758,5125.69
2025/7/11 7:00,24.83,0.01777,15042.03
2025/7/11 8:00,25.5,0.01816,26049.79
2025/7/11 9:00,26.41,0.018789999999999998,37706.22
2025/7/11 10:00,27.41,0.01955,51471.92
2025/7/11 11:00,28.35,0.02027,64187.42
2025/7/11 12:00,29.03,0.0208,73696.61
2025/7/11 13:00,29.3,0.02094,78017.86
2025/7/11 14:00,28.5,0.01995,71116.46
2025/7/11 15:00,27.42,0.01886,59452.94
2025/7/11 16:00,26.5,0.01812,47484.24
2025/7/11 17:00,25.76,0.01762,35863.39
2025/7/11 18:00,25.2,0.01729,24992.05
2025/7/11 19:00,24.85,0.01706,15938.71
2025/7/11 20:00,24.7,0.01688,5104.33
2025/7/11 21:00,24.75,0.01668,3617.39
2025/7/11 22:00,24.88,0.01643,3063.43
2025/7/11 23:00,24.97,0.0161,2556.79
2025/7/12 0:00,24.87,0.015619999999999998,1806.03
2025/7/12 1:00,24.46,0.01506,867.96
2025/7/12 2:00,23.6,0.01439,52.98
2025/7/12 3:00,22.37,0.013720000000000001,3.62
2025/7/12 4:00,21.7,0.013720000000000001,0.0
2025/7/12 5:00,21.69,0.01435,0.0
2025/7/12 6:00,21.68,0.01494,0.0
2025/7/12 7:00,21.74,0.01541,0.0
2025/7/12 8:00,21.9,0.015710000000000002,0.0
2025/7/12 9:00,22.21,0.01576,635.6
2025/7/12 10:00,22.66,0.01563,7653.46
2025/7/12 11:00,23.22,0.015390000000000001,17106.46
2025/7/12 12:00,23.86,0.01512,25296.61
2025/7/12 13:00,24.56,0.01491,31578.01
2025/7/12 14:00,25.3,0.01491,35445.02
2025/7/12 15:00,25.8,0.01499,35774.03
2025/7/12 16:00,25.73,0.01486,31477.85
2025/7/12 17:00,25.55,0.01488,24797.08
2025/7/12 18:00,25.29,0.01503,16916.48
2025/7/12 19:00,24.99,0.01528,8831.13
2025/7/12 20:00,24.7,0.0156,1722.04
2025/7/12 21:00,24.44,0.01597,891.01
2025/7/12 22:00,24.2,0.01636,309.96
2025/7/12 23:00,23.97,0.016730000000000002,39.45
2025/7/13 0:00,23.74,0.01717,19.97
2025/7/13 1:00,23.48,0.017410000000000002,0.0
2025/7/13 2:00,23.2,0.01752,0.0
2025/7/13 3:00,22.88,0.01749,0.0
2025/7/13 4:00,22.55,0.01736,0.0
2025/7/13 5:00,22.27,0.01717,0.0
2025/7/13 6:00,22.07,0.01697,0.0
2025/7/13 7:00,22.0,0.016800000000000002,0.0
2025/7/13 8:00,22.1,0.01671,0.0
2025/7/13 9:00,22.41,0.016730000000000002,0.0
2025/7/13 10:00,22.89,0.01687,2957.0
2025/7/13 11:00,23.53,0.01712,11797.75
2025/7/13 12:00,24.29,0.01751,20398.61
2025/7/13 13:00,25.12,0.01806,29295.78
2025/7/13 14:00,26.0,0.018789999999999998,38111.58
2025/7/13 15:00,26.82,0.019649999999999997,44150.97
2025/7/13 16:00,27.2,0.02016,44772.66
2025/7/13 17:00,27.1,0.020210000000000002,39795.93
2025/7/13 18:00,26.85,0.02016,32714.81
2025/7/13 19:00,26.53,0.020050000000000002,24970.98
2025/7/13 20:00,26.2,0.019940000000000003,52530.68
2025/7/13 21:00,25.92,0.019850000000000003,41542.98
2025/7/13 22:00,25.69,0.0198,19743.18
2025/7/13 23:00,25.47,0.019739999999999997,5647.3
2025/7/14 0:00,25.25,0.019719999999999998,2398.02
2025/7/14 1:00,25.0,0.019629999999999998,814.35
2025/7/14 2:00,24.7,0.01948,103.22
2025/7/14 3:00,24.37,0.019289999999999998,83.31
2025/7/14 4:00,24.2,0.01927,0.0
2025/7/14 5:00,24.24,0.01939,0.0
2025/7/14 6:00,24.42,0.0195,0.0
2025/7/14 7:00,24.78,0.01959,10160.75
2025/7/14 8:00,25.4,0.01968,45114.55
2025/7/14 9:00,26.31,0.019719999999999998,49222.78
2025/7/14 10:00,27.45,0.019719999999999998,66434.46
2025/7/14 11:00,28.74,0.019719999999999998,89102.43
2025/7/14 12:00,30.12,0.0198,108255.11
2025/7/14 13:00,31.5,0.02009,126283.47
2025/7/14 14:00,32.8,0.02081,141117.66
2025/7/14 15:00,33.6,0.02173,143916.34
2025/7/14 16:00,33.41,0.02209,129870.48
2025/7/14 17:00,32.9,0.02246,131258.22
2025/7/14 18:00,32.18,0.02268,109505.7
2025/7/14 19:00,31.35,0.02265,91457.38
2025/7/14 20:00,30.5,0.02231,158629.08
2025/7/14 21:00,29.72,0.02166,136145.94
2025/7/14 22:00,29.02,0.02078,112341.39
2025/7/14 23:00,28.38,0.019739999999999997,86790.26
2025/7/15 0:00,27.79,0.018609999999999998,59772.99
2025/7/15 1:00,27.24,0.01747,33257.05
2025/7/15 2:00,26.7,0.01635,22447.67
2025/7/15 3:00,26.22,0.01534,15835.87
2025/7/15 4:00,26.0,0.0146,11720.55
2025/7/15 5:00,26.32,0.01435,13338.17
2025/7/15 6:00,27.09,0.01449,29472.75
2025/7/15 7:00,28.08,0.0148,42871.01
2025/7/15 8:00,29.0,0.01503,42181.99
2025/7/15 9:00,29.68,0.01504,57567.32
2025/7/15 10:00,30.17,0.01492,76239.02
2025/7/15 11:00,30.63,0.01485,93337.75
2025/7/15 12:00,31.18,0.01499,105917.28
2025/7/15 13:00,31.95,0.015550000000000001,117786.0
2025/7/15 14:00,33.1,0.016739999999999998,126936.75
2025/7/15 15:00,34.1,0.01821,129381.89
2025/7/15 16:00,33.81,0.01868,124163.03
2025/7/15 17:00,33.06,0.018879999999999997,119207.2
2025/7/15 18:00,32.04,0.0189,127195.93
2025/7/15 19:00,30.93,0.018879999999999997,111701.9
2025/7/15 20:00,29.9,0.018949999999999998,113311.07
2025/7/15 21:00,29.1,0.01925,98870.03
2025/7/15 22:00,28.48,0.01967,95868.44
2025/7/15 23:00,27.95,0.02009,94214.36
2025/7/16 0:00,27.42,0.02035,91770.92
2025/7/16 1:00,26.8,0.02035,83344.88
2025/7/16 2:00,26.0,0.01992,66335.53
2025/7/16 3:00,25.07,0.01914,41415.95
2025/7/16 4:00,24.6,0.01871,16528.06
2025/7/16 5:00,24.86,0.01896,20305.55
2025/7/16 6:00,25.53,0.0195,59541.86
2025/7/16 7:00,26.4,0.020120000000000002,78918.45
2025/7/16 8:00,27.3,0.020579999999999998,53472.2
2025/7/16 9:00,28.07,0.02069,69408.15
2025/7/16 10:00,28.72,0.020489999999999998,87761.45
2025/7/16 11:00,29.26,0.02009,102368.13
2025/7/16 12:00,29.73,0.01964,112312.94
2025/7/16 13:00,30.17,0.019280000000000002,121214.47
2025/7/16 14:00,30.6,0.019149999999999997,120415.24
2025/7/16 15:00,31.01,0.01933,124549.93
2025/7/16 16:00,31.2,0.019579999999999997,121789.41
2025/7/16 17:00,31.03,0.01967,116386.93
2025/7/16 18:00,30.58,0.019629999999999998,117532.76
2025/7/16 19:00,29.97,0.019510000000000003,103393.96
2025/7/16 20:00,29.3,0.01936,112570.55
2025/7/16 21:00,28.66,0.01925,94390.74
2025/7/16 22:00,28.06,0.019149999999999997,83453.37
2025/7/16 23:00,27.46,0.019039999999999998,72825.39
2025/7/17 0:00,26.85,0.018940000000000002,62548.32
2025/7/17 1:00,26.2,0.01874,50860.22
2025/7/17 2:00,25.5,0.01847,37414.16
2025/7/17 3:00,24.76,0.01814,19280.53
2025/7/17 4:00,24.15,0.01791,6518.93
2025/7/17 5:00,23.9,0.01798,3696.75
2025/7/17 6:00,23.98,0.01829,13883.89
2025/7/17 7:00,24.14,0.01855,36881.5
2025/7/17 8:00,24.3,0.01858,40134.31
2025/7/17 9:00,24.38,0.01829,38449.39
2025/7/17 10:00,24.43,0.01781,41186.31
2025/7/17 11:00,24.57,0.017329999999999998,69291.98
2025/7/17 12:00,24.88,0.01702,61427.44
2025/7/17 13:00,25.46,0.017070000000000002,58750.06
2025/7/17 14:00,26.4,0.01767,62633.95
2025/7/17 15:00,27.69,0.018949999999999998,94490.12
2025/7/17 16:00,28.88,0.02047,85591.48
2025/7/17 17:00,29.4,0.02145,78488.83
2025/7/17 18:00,28.71,0.02104,87716.28
2025/7/17 19:00,27.1,0.019600000000000003,53735.23
2025/7/17 20:00,25.3,0.01803,33339.08
2025/7/17 21:00,23.88,0.01692,6357.09
2025/7/17 22:00,22.87,0.01623,2373.6
2025/7/17 23:00,22.16,0.0158,919.12
2025/7/18 0:00,21.63,0.015529999999999999,117.97
2025/7/18 1:00,21.19,0.01525,47.54
2025/7/18 2:00,20.7,0.01487,7.8
2025/7/18 3:00,20.12,0.01434,0.0
2025/7/18 4:00,19.62,0.013810000000000001,0.0
2025/7/18 5:00,19.4,0.01345,0.0
2025/7/18 6:00,19.84,0.01354,0.0
2025/7/18 7:00,21.01,0.014119999999999999,0.0
2025/7/18 8:00,22.7,0.01502,0.0
2025/7/18 9:00,24.68,0.01602,11249.76
2025/7/18 10:00,26.69,0.01694,38784.19
2025/7/18 11:00,28.46,0.01762,64177.24
2025/7/18 12:00,29.72,0.01795,82615.09
2025/7/18 13:00,30.2,0.01785,95891.6
2025/7/18 14:00,28.8,0.01647,96589.97
2025/7/18 15:00,26.83,0.015300000000000001,86219.61
2025/7/18 16:00,25.06,0.01479,72346.36
2025/7/18 17:00,23.52,0.01465,60126.59
2025/7/18 18:00,22.26,0.01473,62101.67
2025/7/18 19:00,21.31,0.01494,43626.39
2025/7/18 20:00,20.7,0.015189999999999999,5831.25
2025/7/18 21:00,20.45,0.01532,730.37
2025/7/18 22:00,20.45,0.01557,67.74
2025/7/18 23:00,20.6,0.015609999999999999,23.91
2025/7/19 0:00,20.77,0.01584,0.0
2025/7/19 1:00,20.85,0.01569,0.0
2025/7/19 2:00,20.7,0.01541,0.0
2025/7/19 3:00,20.28,0.01474,0.0
2025/7/19 4:00,19.82,0.01402,0.0
2025/7/19 5:00,19.6,0.013439999999999999,0.0
2025/7/19 6:00,20.41,0.01359,0.0
2025/7/19 7:00,22.38,0.01451,0.0
2025/7/19 8:00,24.8,0.01549,1608.67
2025/7/19 9:00,27.08,0.01579,17446.31
2025/7/19 10:00,29.1,0.015269999999999999,47501.61
2025/7/19 11:00,30.85,0.014029999999999999,75061.42
2025/7/19 12:00,32.3,0.012369999999999999,95393.99
2025/7/19 13:00,33.46,0.01067,112112.86
2025/7/19 14:00,34.3,0.00942,122075.97
2025/7/19 15:00,34.7,0.00897,122381.26
2025/7/19 16:00,34.37,0.00912,116440.74
2025/7/19 17:00,33.51,0.00973,109606.32
2025/7/19 18:00,32.33,0.01055,117804.2
2025/7/19 19:00,31.03,0.01141,97727.32
2025/7/19 20:00,29.8,0.012230000000000001,74840.04
2025/7/19 21:00,28.8,0.01299,53563.49
2025/7/19 22:00,27.98,0.013640000000000001,42263.22
2025/7/19 23:00,27.23,0.01409,32167.39
2025/7/20 0:00,26.45,0.014240000000000001,22242.06
2025/7/20 1:00,25.54,0.01399,11478.93
2025/7/20 2:00,24.4,0.01328,4566.27
2025/7/20 3:00,23.02,0.012150000000000001,1053.72
2025/7/20 4:00,21.82,0.011009999999999999,35.13
2025/7/20 5:00,21.3,0.01024,0.04
2025/7/20 6:00,22.42,0.01038,34.66
2025/7/20 7:00,24.98,0.01132,4542.09
2025/7/20 8:00,27.8,0.01234,24893.02
2025/7/20 9:00,29.93,0.01274,49693.77
2025/7/20 10:00,31.34,0.01253,76700.68
2025/7/20 11:00,32.22,0.011980000000000001,99858.47
2025/7/20 12:00,32.76,0.01142,115503.86
2025/7/20 13:00,33.15,0.01115,127931.63
2025/7/20 14:00,33.6,0.011439999999999999,135056.24
2025/7/20 15:00,34.0,0.01236,134191.54
2025/7/20 16:00,33.69,0.01333,127210.06
2025/7/20 17:00,32.87,0.01422,119444.5
2025/7/20 18:00,31.74,0.014960000000000001,126374.49
2025/7/20 19:00,30.49,0.01551,104791.57
2025/7/20 20:00,29.3,0.01593,79810.6
2025/7/20 21:00,28.32,0.01629,58334.75
2025/7/20 22:00,27.52,0.01661,46560.8
2025/7/20 23:00,26.79,0.016829999999999998,36043.21
2025/7/21 0:00,26.05,0.01685,25981.47
2025/7/21 1:00,25.22,0.01671,15332.33
2025/7/21 2:00,24.2,0.01629,6611.04
2025/7/21 3:00,22.99,0.015619999999999998,2320.79
2025/7/21 4:00,21.95,0.015009999999999999,436.1
2025/7/21 5:00,21.5,0.01482,45.95
2025/7/21 6:00,22.1,0.01542,293.35
2025/7/21 7:00,23.53,0.01661,2712.79
2025/7/21 8:00,25.2,0.01775,19152.86
2025/7/21 9:00,26.65,0.01823,39523.64
2025/7/21 10:00,27.85,0.01803,63443.4
2025/7/21 11:00,28.88,0.01742,84395.72
2025/7/21 12:00,29.85,0.01669,100127.48
2025/7/21 13:00,30.82,0.01618,114016.59
2025/7/21 14:00,31.9,0.016300000000000002,123551.09
2025/7/21 15:00,32.7,0.01696,124911.2
2025/7/21 16:00,32.4,0.01729,118212.22
2025/7/21 17:00,31.6,0.01763,110002.12
2025/7/21 18:00,30.46,0.01785,113724.2
2025/7/21 19:00,29.14,0.0179,92943.27
2025/7/21 20:00,27.8,0.01777,69891.04
2025/7/21 21:00,26.57,0.01751,43243.15
2025/7/21 22:00,25.47,0.01719,25339.31
2025/7/21 23:00,24.52,0.016829999999999998,13120.82
2025/7/22 0:00,23.7,0.01641,6953.45
2025/7/22 1:00,23.03,0.0161,3653.18
2025/7/22 2:00,22.5,0.01585,1483.96
2025/7/22 3:00,22.11,0.01566,535.31
2025/7/22 4:00,21.88,0.015519999999999999,104.14
2025/7/22 5:00,21.8,0.01542,22.43
2025/7/22 6:00,22.13,0.01559,14.71
2025/7/22 7:00,22.93,0.016050000000000002,226.57
2025/7/22 8:00,23.9,0.0165,13164.13
2025/7/22 9:00,24.8,0.016640000000000002,20979.57
2025/7/22 10:00,25.62,0.01654,32561.84
2025/7/22 11:00,26.41,0.01632,45340.0
2025/7/22 12:00,27.2,0.01617,83347.48
2025/7/22 13:00,28.05,0.016280000000000003,76905.32
2025/7/22 14:00,29.0,0.01686,104496.75
2025/7/22 15:00,29.7,0.01773,114516.17
2025/7/22 16:00,29.55,0.01816,107399.23
2025/7/22 17:00,29.14,0.018600000000000002,104019.48
2025/7/22 18:00,28.56,0.01896,110492.56
2025/7/22 19:00,27.89,0.01918,76758.64
2025/7/22 20:00,27.2,0.019219999999999998,80384.02
2025/7/22 21:00,26.56,0.01908,65122.73
2025/7/22 22:00,25.98,0.01882,51972.19
2025/7/22 23:00,25.44,0.01847,37339.62
2025/7/23 0:00,24.92,0.01804,23338.26
2025/7/23 1:00,24.41,0.01764,10251.21
2025/7/23 2:00,23.9,0.01725,4707.79
2025/7/23 3:00,23.39,0.01691,2111.09
2025/7/23 4:00,22.94,0.016640000000000002,715.31
2025/7/23 5:00,22.63,0.016489999999999998,220.89
2025/7/23 6:00,22.55,0.016489999999999998,129.22
2025/7/23 7:00,22.78,0.01668,516.25
2025/7/23 8:00,23.4,0.01711,7942.65
2025/7/23 9:00,24.43,0.01777,20392.28
2025/7/23 10:00,25.63,0.01849,37374.96
2025/7/23 11:00,26.72,0.019030000000000002,52947.97
2025/7/23 12:00,27.41,0.01914,62590.1
2025/7/23 13:00,27.4,0.01863,64095.51
2025/7/23 14:00,26.6,0.01757,56868.37
2025/7/23 15:00,25.58,0.01669,47792.63
2025/7/23 16:00,24.58,0.01614,37583.16
2025/7/23 17:00,23.74,0.01592,26326.12
2025/7/23 18:00,23.17,0.01602,15403.95
2025/7/23 19:00,23.0,0.016489999999999998,6638.39
2025/7/23 20:00,23.2,0.01727,1341.43
2025/7/23 21:00,23.29,0.01779,860.23
2025/7/23 22:00,23.17,0.01794,458.58
2025/7/23 23:00,22.9,0.01779,68.81
2025/7/24 0:00,22.52,0.01745,35.5
2025/7/24 1:00,22.07,0.01693,0.0
2025/7/24 2:00,21.6,0.01634,0.0
2025/7/24 3:00,21.16,0.01576,0.0
2025/7/24 4:00,20.83,0.01525,0.0
2025/7/24 5:00,20.7,0.01487,0.0
2025/7/24 6:00,21.18,0.01498,0.0
2025/7/24 7:00,22.33,0.01559,0.0
2025/7/24 8:00,23.7,0.01629,0.0
2025/7/24 9:00,24.93,0.01667,10952.93
2025/7/24 10:00,26.0,0.016739999999999998,35619.6
2025/7/24 11:00,26.94,0.01663,57988.98
2025/7/24 12:00,27.81,0.01652,74861.68
2025/7/24 13:00,28.64,0.0166,89515.4
2025/7/24 14:00,29.5,0.01709,99275.59
2025/7/24 15:00,30.1,0.017839999999999998,100488.0
2025/7/24 16:00,29.84,0.01816,94699.86
2025/7/24 17:00,29.19,0.01834,89968.04
2025/7/24 18:00,28.32,0.01843,95302.7
2025/7/24 19:00,27.4,0.01846,73206.72
2025/7/24 20:00,26.6,0.01853,59894.2
2025/7/24 21:00,26.06,0.01872,48242.54
2025/7/24 22:00,25.72,0.01899,44844.95
2025/7/24 23:00,25.52,0.01927,42152.46
2025/7/25 0:00,25.35,0.01943,42095.72
2025/7/25 1:00,25.14,0.019469999999999998,26647.83
2025/7/25 2:00,24.8,0.019260000000000003,16570.11
2025/7/25 3:00,24.29,0.01878,7301.94
2025/7/25 4:00,23.81,0.01823,2583.87
2025/7/25 5:00,23.6,0.0179,877.89
2025/7/25 6:00,23.75,0.01786,3219.23
2025/7/25 7:00,24.17,0.018,6454.79
2025/7/25 8:00,24.8,0.01822,25635.81
2025/7/25 9:00,25.58,0.018449999999999998,43693.29
2025/7/25 10:00,26.44,0.01866,64918.5
2025/7/25 11:00,27.31,0.01884,68570.9
2025/7/25 12:00,28.12,0.01899,90784.08
2025/7/25 13:00,28.81,0.019129999999999998,106562.14
2025/7/25 14:00,29.3,0.019280000000000002,94576.49
2025/7/25 15:00,29.5,0.01943,103831.38
2025/7/25 16:00,29.31,0.01943,86761.22
2025/7/25 17:00,28.83,0.0193,85293.37
2025/7/25 18:00,28.16,0.01908,82005.61
2025/7/25 19:00,27.41,0.01882,53461.64
2025/7/25 20:00,26.7,0.01859,58700.83
2025/7/25 21:00,26.11,0.01843,46807.61
2025/7/25 22:00,25.63,0.01834,37987.53
2025/7/25 23:00,25.23,0.018269999999999998,29867.88
2025/7/26 0:00,24.88,0.01821,19750.5
2025/7/26 1:00,24.55,0.01811,9971.44
2025/7/26 2:00,24.2,0.01796,4243.01
2025/7/26 3:00,23.83,0.01774,1877.83
2025/7/26 4:00,23.53,0.01754,987.69
2025/7/26 5:00,23.4,0.01748,309.53
2025/7/26 6:00,23.45,0.01755,320.9
2025/7/26 7:00,23.61,0.01767,1526.73
2025/7/26 8:00,23.9,0.01783,18882.54
2025/7/26 9:00,24.32,0.01804,28670.4
2025/7/26 10:00,24.84,0.0183,41678.43
2025/7/26 11:00,25.45,0.01864,54222.39
2025/7/26 12:00,26.11,0.019059999999999997,65157.2
2025/7/26 13:00,26.8,0.01959,73923.35
2025/7/26 14:00,27.5,0.02025,79914.08
2025/7/26 15:00,28.12,0.021,82564.13
2025/7/26 16:00,28.4,0.02148,79915.66
2025/7/26 17:00,28.29,0.02157,72266.83
2025/7/26 18:00,28.0,0.02149,62235.71
2025/7/26 19:00,27.61,0.02131,50854.41
2025/7/26 20:00,27.2,0.02109,95581.11
2025/7/26 21:00,26.83,0.02089,86142.49
2025/7/26 22:00,26.51,0.02071,78227.03
2025/7/26 23:00,26.22,0.02053,70784.68
2025/7/27 0:00,25.94,0.020399999999999998,63338.88
2025/7/27 1:00,25.68,0.02022,54559.76
2025/7/27 2:00,25.4,0.02002,31662.87
2025/7/27 3:00,25.12,0.019809999999999998,11790.29
2025/7/27 4:00,24.89,0.01964,5707.33
2025/7/27 5:00,24.8,0.01955,3279.99
2025/7/27 6:00,24.87,0.01957,24176.83
2025/7/27 7:00,25.17,0.019710000000000002,56703.71
2025/7/27 8:00,25.8,0.02007,34771.28
2025/7/27 9:00,26.82,0.02071,51817.39
2025/7/27 10:00,28.1,0.02153,70994.07
2025/7/27 11:00,29.43,0.022359999999999998,108627.83
2025/7/27 12:00,30.61,0.02309,113235.07
2025/7/27 13:00,31.47,0.023559999999999998,140236.94
2025/7/27 14:00,31.8,0.02366,152808.22
2025/7/27 15:00,31.58,0.02348,148522.38
2025/7/27 16:00,31.04,0.02321,119284.14
2025/7/27 17:00,30.35,0.0229,100718.33
2025/7/27 18:00,29.69,0.02264,108127.61
2025/7/27 19:00,29.21,0.022510000000000002,91295.27
2025/7/27 20:00,29.1,0.022609999999999998,153520.02
2025/7/27 21:00,29.3,0.02277,151588.89
2025/7/27 22:00,29.1,0.022109999999999998,136569.65
2025/7/27 23:00,28.51,0.02077,107281.48
2025/7/28 0:00,27.78,0.019260000000000003,73932.68
2025/7/28 1:00,27.16,0.01796,44906.46
2025/7/28 2:00,26.9,0.0172,27835.33
2025/7/28 3:00,26.72,0.0167,23890.09
2025/7/28 4:00,26.28,0.016120000000000002,18007.29
2025/7/28 5:00,25.7,0.0156,10783.32
2025/7/28 6:00,25.12,0.01524,7068.79
2025/7/28 7:00,24.68,0.01516,7276.24
2025/7/28 8:00,24.5,0.015470000000000001,18486.28
2025/7/28 9:00,24.42,0.01599,24808.85
2025/7/28 10:00,24.25,0.0165,30812.74
2025/7/28 11:00,24.1,0.01702,35833.29
2025/7/28 12:00,24.04,0.01758,39449.61
2025/7/28 13:00,24.08,0.01813,41293.68
2025/7/28 14:00,24.2,0.01859,43598.04
2025/7/28 15:00,24.38,0.01891,44194.08
2025/7/28 16:00,24.57,0.01907,40905.41
2025/7/28 17:00,24.75,0.019100000000000002,35050.33
2025/7/28 18:00,24.87,0.019030000000000002,27936.15
2025/7/28 19:00,24.9,0.01887,20067.78
2025/7/28 20:00,24.8,0.018670000000000003,12271.52
2025/7/28 21:00,24.54,0.01844,5443.94
2025/7/28 22:00,24.16,0.0182,2978.29
2025/7/28 23:00,23.73,0.01795,1387.13
2025/7/29 0:00,23.28,0.01768,132.46
2025/7/29 1:00,22.89,0.01743,45.32
2025/7/29 2:00,22.6,0.01719,0.0
2025/7/29 3:00,22.45,0.01697,0.0
2025/7/29 4:00,22.4,0.016730000000000002,0.0
2025/7/29 5:00,22.4,0.01641,0.0
2025/7/29 6:00,22.9,0.016489999999999998,0.0
2025/7/29 7:00,24.09,0.01716,0.0
2025/7/29 8:00,25.5,0.01795,10280.01
2025/7/29 9:00,26.74,0.01846,36634.26
2025/7/29 10:00,27.78,0.01865,76563.67
2025/7/29 11:00,28.67,0.018690000000000002,90838.0
2025/7/29 12:00,29.45,0.01871,103001.38
2025/7/29 13:00,30.18,0.01889,110179.11
2025/7/29 14:00,30.9,0.01943,125154.11
2025/7/29 15:00,31.4,0.02017,130599.48
2025/7/29 16:00,31.23,0.02052,113431.52
2025/7/29 17:00,30.79,0.0208,113515.74
2025/7/29 18:00,30.17,0.020989999999999998,133293.49
2025/7/29 19:00,29.48,0.02109,98042.34
2025/7/29 20:00,28.8,0.02113,129123.08
2025/7/29 21:00,28.22,0.02112,115723.77
2025/7/29 22:00,27.72,0.02109,107044.54
2025/7/29 23:00,27.28,0.02102,98727.09
2025/7/30 0:00,26.85,0.02089,90534.98
2025/7/30 1:00,26.4,0.02069,80796.94
2025/7/30 2:00,25.9,0.02041,69304.3
2025/7/30 3:00,25.35,0.02004,54262.69
2025/7/30 4:00,24.89,0.019739999999999997,20654.07
2025/7/30 5:00,24.7,0.019629999999999998,12713.55
2025/7/30 6:00,25.02,0.01998,54305.79
2025/7/30 7:00,25.78,0.020640000000000002,91635.82
2025/7/30 8:00,26.7,0.02119,57765.1
2025/7/30 9:00,27.54,0.02126,96013.89
2025/7/30 10:00,28.29,0.02089,104769.92
2025/7/30 11:00,28.98,0.02029,110066.55
2025/7/30 12:00,29.64,0.019690000000000003,124351.62
2025/7/30 13:00,30.3,0.01934,127844.07
2025/7/30 14:00,31.0,0.01954,129474.12
2025/7/30 15:00,31.5,0.0202,129434.68
2025/7/30 16:00,31.21,0.02052,120610.24
2025/7/30 17:00,30.46,0.020649999999999998,106484.12
2025/7/30 18:00,29.44,0.020579999999999998,113487.95
2025/7/30 19:00,28.32,0.02035,87855.36
2025/7/30 20:00,27.3,0.020030000000000003,101104.84
2025/7/30 21:00,26.51,0.019710000000000002,80782.88
2025/7/30 22:00,25.94,0.019420000000000003,66706.33
2025/7/30 23:00,25.51,0.01914,54580.21
2025/7/31 0:00,25.15,0.018879999999999997,42822.35
2025/7/31 1:00,24.8,0.01857,30028.24
2025/7/31 2:00,24.4,0.01822,13275.36
2025/7/31 3:00,23.91,0.01782,4730.67
2025/7/31 4:00,23.48,0.0175,2352.03
2025/7/31 5:00,23.3,0.0174,1308.59
2025/7/31 6:00,23.46,0.01756,3029.68
2025/7/31 7:00,23.88,0.01785,11291.8
2025/7/31 8:00,24.5,0.01812,31826.3
2025/7/31 9:00,25.24,0.01825,46646.63
2025/7/31 10:00,26.06,0.01824,63023.62
2025/7/31 11:00,26.94,0.01814,77795.99
2025/7/31 12:00,27.82,0.01802,115288.69
2025/7/31 13:00,28.69,0.01799,138543.74
2025/7/31 14:00,29.5,0.018170000000000002,118211.77
2025/7/31 15:00,30.0,0.01844,108156.67
2025/7/31 16:00,29.73,0.018260000000000002,121136.71
2025/7/31 17:00,29.1,0.018,114190.19
2025/7/31 18:00,28.38,0.01785,106347.33
2025/7/31 19:00,27.86,0.01799,67762.15
2025/7/31 20:00,27.8,0.01866,80406.11
2025/7/31 21:00,28.1,0.019710000000000002,95183.36
2025/7/31 22:00,28.24,0.02056,107032.01
2025/7/31 23:00,28.61,0.02164,124943.01
2025/8/1 0:00,29.08,0.022760000000000002,146279.09
2025/8/1 1:00,29.54,0.02389,166416.05
2025/8/1 2:00,29.9,0.0248,182734.99
2025/8/1 3:00,30.07,0.02532,191193.52
2025/8/1 4:00,30.08,0.02546,192102.41
2025/8/1 5:00,30.0,0.02532,187718.74
2025/8/1 6:00,29.9,0.02496,192219.31
2025/8/1 7:00,29.85,0.024480000000000002,196527.93
2025/8/1 8:00,29.9,0.023940000000000003,89670.84
2025/8/1 9:00,30.12,0.023420000000000003,121603.23
2025/8/1 10:00,30.51,0.02298,118264.0
2025/8/1 11:00,31.08,0.022719999999999997,121834.39
2025/8/1 12:00,31.82,0.022719999999999997,175590.31
2025/8/1 13:00,32.72,0.023100000000000002,160001.39
2025/8/1 14:00,33.8,0.024030000000000003,154779.38
2025/8/1 15:00,34.6,0.02504,157931.42
2025/8/1 16:00,34.39,0.02499,149648.18
2025/8/1 17:00,33.86,0.02472,136512.7
2025/8/1 18:00,33.14,0.024329999999999997,121353.84
2025/8/1 19:00,32.37,0.023870000000000002,104575.45
2025/8/1 20:00,31.7,0.023469999999999998,196572.62
2025/8/1 21:00,31.22,0.023170000000000003,183342.04
2025/8/1 22:00,30.88,0.022940000000000002,173393.12
2025/8/1 23:00,30.6,0.02271,164377.78
2025/8/2 0:00,30.28,0.022449999999999998,153820.57
2025/8/2 1:00,29.84,0.022,140309.46
2025/8/2 2:00,29.2,0.02135,121961.09
2025/8/2 3:00,28.34,0.02052,98645.31
2025/8/2 4:00,27.55,0.019809999999999998,77716.03
2025/8/2 5:00,27.2,0.01961,68921.61
2025/8/2 6:00,27.38,0.019940000000000003,81240.62
2025/8/2 7:00,27.82,0.02043,100048.98
2025/8/2 8:00,28.4,0.02087,65859.9
2025/8/2 9:00,29.02,0.0211,111341.16
2025/8/2 10:00,29.71,0.02118,117093.49
2025/8/2 11:00,30.48,0.02128,128288.62
2025/8/2 12:00,31.4,0.02158,135353.99
2025/8/2 13:00,32.49,0.0223,144701.75
2025/8/2 14:00,33.8,0.023710000000000002,169058.22
2025/8/2 15:00,34.8,0.02529,180145.99
2025/8/2 16:00,34.56,0.02557,160996.96
2025/8/2 17:00,33.99,0.025670000000000002,145065.35
2025/8/2 18:00,33.3,0.02572,130929.24
2025/8/2 19:00,32.7,0.025920000000000002,116087.67
2025/8/2 20:00,32.4,0.02648,252235.34
2025/8/2 21:00,32.53,0.027530000000000002,266267.96
2025/8/2 22:00,32.88,0.02879,286896.82
2025/8/2 23:00,33.15,0.029769999999999998,302914.22
2025/8/3 0:00,33.04,0.02995,303067.16
2025/8/3 1:00,32.26,0.02881,275967.87
2025/8/3 2:00,30.5,0.02603,213527.15
2025/8/3 3:00,27.75,0.02205,122233.18
2025/8/3 4:00,25.09,0.01864,39760.15
2025/8/3 5:00,23.9,0.01712,3811.98
2025/8/3 6:00,24.15,0.01705,7952.32
2025/8/3 7:00,24.8,0.01724,19427.66
2025/8/3 8:00,25.7,0.0175,53903.63
2025/8/3 9:00,26.73,0.01768,66637.38
2025/8/3 10:00,27.83,0.01776,81166.14
2025/8/3 11:00,28.97,0.01782,97803.34
2025/8/3 12:00,30.1,0.01795,120713.05
2025/8/3 13:00,31.19,0.01829,127645.4
2025/8/3 14:00,32.2,0.019010000000000003,145474.61
2025/8/3 15:00,33.04,0.020210000000000002,153879.12
2025/8/3 16:00,33.4,0.02144,139831.09
2025/8/3 17:00,33.09,0.02224,127498.2
2025/8/3 18:00,32.28,0.02256,135796.99
2025/8/3 19:00,31.18,0.02248,126019.81
2025/8/3 20:00,30.0,0.022109999999999998,169416.85
2025/8/3 21:00,28.9,0.02159,139823.05
2025/8/3 22:00,27.9,0.02103,117365.04
2025/8/3 23:00,27.02,0.020460000000000002,96293.85
2025/8/4 0:00,26.25,0.020050000000000002,76217.72
2025/8/4 1:00,25.57,0.019579999999999997,59531.24
2025/8/4 2:00,25.0,0.01921,44245.73
2025/8/4 3:00,24.53,0.018940000000000002,25358.13
2025/8/4 4:00,24.22,0.0188,12212.76
2025/8/4 5:00,24.1,0.0188,6218.9
2025/8/4 6:00,24.27,0.01899,24508.45
2025/8/4 7:00,24.73,0.01933,62534.77
2025/8/4 8:00,25.4,0.01968,48172.23
2025/8/4 9:00,26.22,0.01993,87960.79
2025/8/4 10:00,27.16,0.02007,101043.89
2025/8/4 11:00,28.16,0.02016,109461.6
2025/8/4 12:00,29.21,0.020300000000000002,122023.34
2025/8/4 13:00,30.27,0.0206,133184.7
2025/8/4 14:00,31.3,0.02123,140492.22
2025/8/4 15:00,32.2,0.02224,143530.64
2025/8/4 16:00,32.6,0.023100000000000002,139501.09
2025/8/4 17:00,32.27,0.023350000000000003,127595.82
2025/8/4 18:00,31.45,0.02308,111175.51
2025/8/4 19:00,30.35,0.02249,96053.85
2025/8/4 20:00,29.2,0.02176,144364.78
2025/8/4 21:00,28.19,0.02105,117125.51
2025/8/4 22:00,27.32,0.020399999999999998,94741.0
2025/8/4 23:00,26.53,0.019780000000000002,73938.45
2025/8/5 0:00,25.78,0.01912,54509.68
2025/8/5 1:00,25.02,0.01849,31940.35
2025/8/5 2:00,24.2,0.01783,8933.01
2025/8/5 3:00,23.32,0.01714,2697.34
2025/8/5 4:00,22.6,0.01661,887.89
2025/8/5 5:00,22.3,0.01644,168.44
2025/8/5 6:00,22.47,0.01663,328.48
2025/8/5 7:00,22.94,0.01693,1457.92
2025/8/5 8:00,23.6,0.01718,23089.21
2025/8/5 9:00,24.39,0.01724,41539.64
2025/8/5 10:00,25.28,0.01716,59877.41
2025/8/5 11:00,26.26,0.01705,76431.04
2025/8/5 12:00,27.31,0.017070000000000002,97820.04
2025/8/5 13:00,28.43,0.017410000000000002,122202.36
2025/8/5 14:00,29.6,0.01831,138448.37
2025/8/5 15:00,30.4,0.01955,143983.88
2025/8/5 16:00,30.18,0.02013,135578.16
2025/8/5 17:00,29.63,0.020460000000000002,120576.7
2025/8/5 18:00,28.89,0.020390000000000002,123172.29
2025/8/5 19:00,28.13,0.019870000000000002,85052.0
2025/8/5 20:00,27.5,0.018850000000000002,83460.49
2025/8/5 21:00,27.11,0.01734,48398.03
2025/8/5 22:00,26.88,0.015449999999999998,39960.02
2025/8/5 23:00,26.69,0.01331,34169.98
2025/8/6 0:00,26.43,0.01107,26654.39
2025/8/6 1:00,25.97,0.00902,18404.82
2025/8/6 2:00,25.2,0.00734,8989.47
2025/8/6 3:00,24.09,0.0062,3072.05
2025/8/6 4:00,23.06,0.00561,980.99
2025/8/6 5:00,22.6,0.00553,241.33
2025/8/6 6:00,23.05,0.005900000000000001,508.26
2025/8/6 7:00,24.07,0.00653,1871.75
2025/8/6 8:00,25.2,0.00713,15840.11
2025/8/6 9:00,26.05,0.00739,39475.76
2025/8/6 10:00,26.65,0.00734,64916.12
2025/8/6 11:00,27.14,0.00711,87128.66
2025/8/6 12:00,27.64,0.006860000000000001,102697.19
2025/8/6 13:00,28.28,0.00675,116143.09
2025/8/6 14:00,29.2,0.0069500000000000004,124633.9
2025/8/6 15:00,30.0,0.00743,123668.5
2025/8/6 16:00,29.78,0.00777,112723.57
2025/8/6 17:00,29.2,0.008140000000000001,102131.6
2025/8/6 18:00,28.4,0.0085,105270.6
2025/8/6 19:00,27.52,0.00884,67449.86
2025/8/6 20:00,26.7,0.00916,43841.98
2025/8/6 21:00,26.03,0.009470000000000001,30063.26
2025/8/6 22:00,25.46,0.00974,20537.92
2025/8/6 23:00,24.92,0.00993,12981.38
2025/8/7 0:00,24.32,0.00994,8047.88
2025/8/7 1:00,23.57,0.009800000000000001,4022.36
2025/8/7 2:00,22.6,0.00941,1271.1
2025/8/7 3:00,21.4,0.00882,184.41
2025/8/7 4:00,20.35,0.00825,10.44
2025/8/7 5:00,19.9,0.007940000000000001,0.0
2025/8/7 6:00,20.68,0.00818,0.0
2025/8/7 7:00,22.41,0.00888,0.0
2025/8/7 8:00,24.2,0.0096,5388.48
2025/8/7 9:00,25.36,0.00992,29653.64
2025/8/7 10:00,25.97,0.009880000000000002,55253.26
2025/8/7 11:00,26.3,0.009699999999999999,76647.14
2025/8/7 12:00,26.65,0.00958,91695.49
2025/8/7 13:00,27.29,0.00974,105361.48
2025/8/7 14:00,28.5,0.01041,115499.85
2025/8/7 15:00,29.7,0.01134,117116.04
2025/8/7 16:00,29.45,0.01159,107057.37
2025/8/7 17:00,28.8,0.01177,96171.28
2025/8/7 18:00,27.87,0.01194,97021.41
2025/8/7 19:00,26.79,0.01214,59244.35
2025/8/7 20:00,25.7,0.01245,31804.69
2025/8/7 21:00,24.7,0.01288,16587.03
2025/8/7 22:00,23.79,0.01333,8908.06
2025/8/7 23:00,22.97,0.01367,4366.98
2025/8/8 0:00,22.23,0.013789999999999998,1747.87
2025/8/8 1:00,21.54,0.013640000000000001,562.62
2025/8/8 2:00,20.9,0.013099999999999999,37.1
2025/8/8 3:00,20.31,0.01218,0.0
2025/8/8 4:00,19.87,0.01111,0.0
2025/8/8 5:00,19.7,0.010119999999999999,0.0
2025/8/8 6:00,20.66,0.00985,0.0
2025/8/8 7:00,22.87,0.01048,0.0
2025/8/8 8:00,25.3,0.011720000000000001,12650.0
2025/8/8 9:00,27.11,0.01329,36103.76
2025/8/8 10:00,28.16,0.015009999999999999,83420.47
2025/8/8 11:00,28.5,0.0166,82835.52
2025/8/8 12:00,27.29,0.01677,79301.98
2025/8/8 13:00,24.64,0.01533,112574.13
2025/8/8 14:00,22.0,0.013689999999999999,77360.23
2025/8/8 15:00,20.53,0.01277,88038.86
2025/8/8 16:00,20.21,0.01252,53111.51
2025/8/8 17:00,20.7,0.01273,32383.06
2025/8/8 18:00,21.68,0.013210000000000001,23919.5
2025/8/8 19:00,22.82,0.013810000000000001,14601.4
2025/8/8 20:00,23.8,0.01434,6504.07
2025/8/8 21:00,24.35,0.01464,6645.5
2025/8/8 22:00,24.46,0.01468,5357.47
2025/8/8 23:00,24.19,0.01449,3190.53
2025/8/9 0:00,23.61,0.014070000000000001,1571.62
2025/8/9 1:00,22.76,0.01348,373.65
2025/8/9 2:00,21.7,0.01274,31.46
2025/8/9 3:00,20.55,0.01193,0.0
2025/8/9 4:00,19.6,0.01125,0.0
2025/8/9 5:00,19.2,0.01091,0.0
2025/8/9 6:00,19.79,0.01116,0.0
2025/8/9 7:00,21.17,0.01185,0.0
2025/8/9 8:00,22.8,0.01256,0.0
2025/8/9 9:00,24.21,0.01288,15119.07
2025/8/9 10:00,25.34,0.01279,43844.62
2025/8/9 11:00,26.27,0.012410000000000001,69439.99
2025/8/9 12:00,27.03,0.0119,87798.57
2025/8/9 13:00,27.69,0.011460000000000001,103000.75
2025/8/9 14:00,28.3,0.01126,111666.97
2025/8/9 15:00,28.7,0.01134,109978.09
2025/8/9 16:00,28.46,0.01142,98962.33
2025/8/9 17:00,27.83,0.01157,87751.96
2025/8/9 18:00,26.9,0.01177,88318.63
2025/8/9 19:00,25.79,0.011980000000000001,47847.92
2025/8/9 20:00,24.6,0.01222,16988.04
2025/8/9 21:00,23.43,0.01246,7224.89
2025/8/9 22:00,22.32,0.01265,2783.98
2025/8/9 23:00,21.3,0.01276,642.22
2025/8/10 0:00,20.41,0.01273,36.89
2025/8/10 1:00,19.66,0.01257,0.0
2025/8/10 2:00,19.1,0.012240000000000001,0.0
2025/8/10 3:00,18.74,0.01175,0.0
2025/8/10 4:00,18.55,0.01112,0.0
2025/8/10 5:00,18.5,0.0104,0.0
2025/8/10 6:00,19.26,0.01007,0.0
2025/8/10 7:00,21.05,0.01028,0.0
2025/8/10 8:00,23.1,0.01059,115.43
2025/8/10 9:00,24.8,0.01068,14862.46
2025/8/10 10:00,26.09,0.01059,42401.2
2025/8/10 11:00,27.06,0.01041,67577.29
2025/8/10 12:00,27.81,0.01026,85726.26
2025/8/10 13:00,28.43,0.010230000000000001,100892.92
2025/8/10 14:00,29.0,0.01043,109793.05
2025/8/10 15:00,29.54,0.01089,109375.36
2025/8/10 16:00,29.8,0.01145,83619.8
2025/8/10 17:00,29.44,0.011810000000000001,84899.93
2025/8/10 18:00,28.51,0.01194,88831.04
2025/8/10 19:00,27.22,0.01192,49026.24
2025/8/10 20:00,25.8,0.01184,23961.63
2025/8/10 21:00,24.43,0.011800000000000001,9814.96
2025/8/10 22:00,23.16,0.011800000000000001,3535.45
2025/8/10 23:00,22.01,0.01182,799.83
2025/8/11 0:00,20.99,0.01184,35.74
2025/8/11 1:00,20.12,0.01191,0.0
2025/8/11 2:00,19.4,0.01201,0.0
2025/8/11 3:00,18.86,0.01213,0.0
2025/8/11 4:00,18.52,0.01227,0.0
2025/8/11 5:00,18.4,0.0124,0.0
2025/8/11 6:00,18.8,0.01272,0.0
2025/8/11 7:00,19.92,0.013359999999999999,0.0
2025/8/11 8:00,21.6,0.01413,655.98
2025/8/11 9:00,23.67,0.01477,16539.91
2025/8/11 10:00,25.83,0.01503,46309.46
2025/8/11 11:00,27.77,0.01474,66937.54
2025/8/11 12:00,29.16,0.013859999999999999,83166.21
2025/8/11 13:00,29.7,0.012580000000000001,93491.69
2025/8/11 14:00,29.0,0.011179999999999999,108937.51
2025/8/11 15:00,27.76,0.01046,126250.77
2025/8/11 16:00,26.36,0.010369999999999999,96531.76
2025/8/11 17:00,24.91,0.01063,88570.44
2025/8/11 18:00,23.51,0.01105,69758.71
2025/8/11 19:00,22.27,0.01148,24314.7
2025/8/11 20:00,21.3,0.011890000000000001,4149.06
2025/8/11 21:00,20.68,0.01227,1501.12
2025/8/11 22:00,20.31,0.01259,252.09
2025/8/11 23:00,20.09,0.01281,24.05
2025/8/12 0:00,19.9,0.01287,0.0
2025/8/12 1:00,19.6,0.01269,0.0
2025/8/12 2:00,19.1,0.01221,0.0
2025/8/12 3:00,18.34,0.011460000000000001,0.0
2025/8/12 4:00,17.62,0.01067,0.0
2025/8/12 5:00,17.3,0.01011,0.0
2025/8/12 6:00,17.96,0.01013,0.0
2025/8/12 7:00,19.49,0.01063,0.0
2025/8/12 8:00,21.2,0.01117,0.0
2025/8/12 9:00,22.55,0.01139,6265.96
2025/8/12 10:00,23.57,0.01133,29339.78
2025/8/12 11:00,24.47,0.01119,52294.96
2025/8/12 12:00,25.43,0.011179999999999999,71583.62
2025/8/12 13:00,26.64,0.01151,89658.06
2025/8/12 14:00,28.3,0.01247,103553.43
2025/8/12 15:00,29.7,0.013699999999999999,107417.71
2025/8/12 16:00,29.46,0.01401,97715.13
2025/8/12 17:00,28.84,0.01425,86435.43
2025/8/12 18:00,27.96,0.014410000000000001,85399.99
2025/8/12 19:00,26.97,0.01451,44516.46
2025/8/12 20:00,26.0,0.01458,23632.91
2025/8/12 21:00,25.16,0.01466,12957.05
2025/8/12 22:00,24.42,0.01474,6969.34
2025/8/12 23:00,23.75,0.01478,3363.36
2025/8/13 0:00,23.09,0.01483,1551.61
2025/8/13 1:00,22.39,0.01468,320.69
2025/8/13 2:00,21.6,0.014369999999999999,0.0
2025/8/13 3:00,20.73,0.01392,0.0
2025/8/13 4:00,20.0,0.01351,0.0
2025/8/13 5:00,19.7,0.01334,0.0
2025/8/13 6:00,20.17,0.01368,0.0
2025/8/13 7:00,21.31,0.01444,0.0
2025/8/13 8:00,22.7,0.015210000000000001,1999.87
2025/8/13 9:00,24.01,0.01563,15427.9
2025/8/13 10:00,25.23,0.01568,35564.48
2025/8/13 11:00,26.4,0.01548,65586.44
2025/8/13 12:00,27.58,0.0152,74611.52
2025/8/13 13:00,28.83,0.015009999999999999,97851.56
2025/8/13 14:00,30.2,0.01514,155244.12
2025/8/13 15:00,31.2,0.01534,131939.17
2025/8/13 16:00,30.95,0.01487,96305.84
2025/8/13 17:00,30.31,0.01444,91152.89
2025/8/13 18:00,29.42,0.01411,84740.9
2025/8/13 19:00,28.43,0.01391,52083.34
2025/8/13 20:00,27.5,0.013859999999999999,43974.88
2025/8/13 21:00,26.73,0.01401,32845.01
2025/8/13 22:00,26.09,0.01426,23575.12
2025/8/13 23:00,25.5,0.01452,15212.62
2025/8/14 0:00,24.87,0.01471,8137.2
2025/8/14 1:00,24.13,0.01469,3391.01
2025/8/14 2:00,23.2,0.0144,1017.35
2025/8/14 3:00,22.09,0.01383,93.43
2025/8/14 4:00,21.12,0.013269999999999999,16.63
2025/8/14 5:00,20.7,0.01306,0.0
2025/8/14 6:00,21.13,0.01342,0.0
2025/8/14 7:00,22.14,0.014150000000000001,0.0
2025/8/14 8:00,23.3,0.01486,6060.05
2025/8/14 9:00,24.29,0.01525,23774.59
2025/8/14 10:00,25.14,0.01534,41129.19
2025/8/14 11:00,25.96,0.01533,56756.03
2025/8/14 12:00,26.88,0.0154,117027.4
2025/8/14 13:00,28.02,0.01578,100617.04
2025/8/14 14:00,29.5,0.01672,92894.65
2025/8/14 15:00,30.7,0.01778,139540.16
2025/8/14 16:00,30.39,0.01763,103103.96
2025/8/14 17:00,29.61,0.01724,106452.44
2025/8/14 18:00,28.53,0.016730000000000002,71209.23
2025/8/14 19:00,27.36,0.01622,44645.97
2025/8/14 20:00,26.3,0.01583,34284.66
2025/8/14 21:00,25.49,0.01566,22547.84
2025/8/14 22:00,24.91,0.01566,13628.9
2025/8/14 23:00,24.48,0.01577,7990.08
2025/8/15 0:00,24.13,0.01592,4701.64
2025/8/15 1:00,23.8,0.016050000000000002,2605.48
2025/8/15 2:00,23.4,0.01609,1422.96
2025/8/15 3:00,22.91,0.01599,474.5
2025/8/15 4:00,22.49,0.01586,56.26
2025/8/15 5:00,22.3,0.01584,26.11
2025/8/15 6:00,22.47,0.01598,15.21
2025/8/15 7:00,22.95,0.0162,152.9
2025/8/15 8:00,23.7,0.016390000000000002,10212.85
2025/8/15 9:00,24.68,0.01643,39298.5
2025/8/15 10:00,25.83,0.016309999999999998,49072.04
2025/8/15 11:00,27.09,0.0161,61504.66
2025/8/15 12:00,28.38,0.01586,101042.5
2025/8/15 13:00,29.64,0.01575,125317.6
2025/8/15 14:00,30.8,0.01599,106861.37
2025/8/15 15:00,31.5,0.01647,122538.71
2025/8/15 16:00,31.15,0.016579999999999998,98265.83
2025/8/15 17:00,30.24,0.01659,94543.87
2025/8/15 18:00,28.98,0.01647,87456.64
2025/8/15 19:00,27.6,0.01627,51563.46
2025/8/15 20:00,26.3,0.016050000000000002,35586.17
2025/8/15 21:00,25.26,0.01591,21562.37
2025/8/15 22:00,24.48,0.01585,11061.7
2025/8/15 23:00,23.91,0.01587,5750.07
2025/8/16 0:00,23.48,0.01595,2827.2
2025/8/16 1:00,23.16,0.016050000000000002,1605.72
2025/8/16 2:00,22.9,0.01614,755.01
2025/8/16 3:00,22.66,0.016210000000000002,191.24
2025/8/16 4:00,22.47,0.01625,43.44
2025/8/16 5:00,22.4,0.01627,17.57
2025/8/16 6:00,22.7,0.016489999999999998,8.52
2025/8/16 7:00,23.45,0.01694,160.26
2025/8/16 8:00,24.4,0.01731,16064.49
2025/8/16 9:00,25.38,0.017329999999999998,35202.39
2025/8/16 10:00,26.38,0.01706,54324.3
2025/8/16 11:00,27.48,0.016649999999999998,84668.87
2025/8/16 12:00,28.73,0.016300000000000002,114664.16
2025/8/16 13:00,30.18,0.01623,136282.81
2025/8/16 14:00,31.9,0.016730000000000002,149831.79
2025/8/16 15:00,33.2,0.017410000000000002,143867.46
2025/8/16 16:00,32.74,0.01696,115232.61
2025/8/16 17:00,31.56,0.016300000000000002,93489.23
2025/8/16 18:00,29.96,0.0156,75101.65
2025/8/16 19:00,28.24,0.01498,51897.53
2025/8/16 20:00,26.7,0.0146,40945.67
2025/8/16 21:00,25.57,0.01455,25934.9
2025/8/16 22:00,24.79,0.01476,14760.39
2025/8/16 23:00,24.25,0.01511,8166.64
2025/8/17 0:00,23.84,0.015470000000000001,4772.82
2025/8/17 1:00,23.43,0.01574,2742.07
2025/8/17 2:00,22.9,0.01576,1293.95
2025/8/17 3:00,22.21,0.015460000000000002,192.98
2025/8/17 4:00,21.58,0.01508,45.79
2025/8/17 5:00,21.3,0.01489,12.6
2025/8/17 6:00,21.83,0.015300000000000001,3.38
2025/8/17 7:00,23.02,0.016190000000000003,26.83
2025/8/17 8:00,24.3,0.016980000000000002,12038.94
2025/8/17 9:00,25.2,0.01715,29237.27
2025/8/17 10:00,25.81,0.016829999999999998,44927.18
2025/8/17 11:00,26.31,0.016329999999999997,82745.04
2025/8/17 12:00,26.93,0.01597,106288.57
2025/8/17 13:00,27.86,0.016079999999999997,92467.13
2025/8/17 14:00,29.3,0.01703,119755.4
2025/8/17 15:00,30.6,0.01837,129016.92
2025/8/17 16:00,30.3,0.018449999999999998,120075.71
2025/8/17 17:00,29.52,0.0183,86757.79
2025/8/17 18:00,28.49,0.018,85927.62
2025/8/17 19:00,27.41,0.01765,53433.66
2025/8/17 20:00,26.5,0.01736,42378.93
2025/8/17 21:00,25.9,0.01725,30818.15
2025/8/17 22:00,25.55,0.01723,23585.63
2025/8/17 23:00,25.28,0.01723,17819.29
2025/8/18 0:00,24.98,0.017079999999999998,11030.37
2025/8/18 1:00,24.5,0.01677,5912.49
2025/8/18 2:00,23.7,0.01614,2342.21
2025/8/18 3:00,22.55,0.01523,539.47
2025/8/18 4:00,21.48,0.01442,48.83
2025/8/18 5:00,21.0,0.0141,11.98
2025/8/18 6:00,21.54,0.0146,5.36
2025/8/18 7:00,22.79,0.01563,30.15
2025/8/18 8:00,24.2,0.016649999999999998,12457.19
2025/8/18 9:00,25.34,0.01713,61102.64
2025/8/18 10:00,26.24,0.01712,103275.26
2025/8/18 11:00,27.03,0.01688,86517.74
2025/8/18 12:00,27.86,0.01668,86144.6
2025/8/18 13:00,28.87,0.01682,95077.5
2025/8/18 14:00,30.2,0.01764,100915.54
2025/8/18 15:00,31.3,0.01882,106164.54
2025/8/18 16:00,30.9,0.018850000000000002,136709.43
2025/8/18 17:00,29.88,0.01853,96779.23
2025/8/18 18:00,28.55,0.01801,68358.0
2025/8/18 19:00,27.19,0.01748,46121.87
2025/8/18 20:00,26.1,0.01714,34550.64
2025/8/18 21:00,25.48,0.01712,24245.33
2025/8/18 22:00,25.22,0.017329999999999998,21598.5
2025/8/18 23:00,25.1,0.01758,20742.49
2025/8/19 0:00,24.93,0.01761,18454.29
2025/8/19 1:00,24.5,0.01735,7843.67
2025/8/19 2:00,23.6,0.01656,2320.74
2025/8/19 3:00,22.19,0.01526,235.43
2025/8/19 4:00,20.82,0.014039999999999999,37.33
2025/8/19 5:00,20.2,0.013470000000000001,0.0
2025/8/19 6:00,20.21,0.013359999999999999,0.0
2025/8/19 7:00,20.24,0.01316,0.0
2025/8/19 8:00,20.3,0.01285,0.0
2025/8/19 9:00,20.4,0.01243,645.57
2025/8/19 10:00,20.63,0.01202,7836.15
2025/8/19 11:00,21.09,0.01173,18718.47
2025/8/19 12:00,21.88,0.011689999999999999,28772.3
2025/8/19 13:00,23.12,0.01205,37768.03
2025/8/19 14:00,24.9,0.013,45504.35
2025/8/19 15:00,26.4,0.01405,48949.7
2025/8/19 16:00,26.18,0.01393,42598.44
2025/8/19 17:00,25.6,0.013730000000000001,31506.34
2025/8/19 18:00,24.82,0.0135,19574.0
2025/8/19 19:00,23.97,0.013300000000000001,6632.72
2025/8/19 20:00,23.2,0.01319,840.11
2025/8/19 21:00,22.61,0.013210000000000001,67.65
2025/8/19 22:00,22.17,0.01334,35.74
2025/8/19 23:00,21.83,0.01349,4.94
2025/8/20 0:00,21.51,0.013630000000000001,0.0
2025/8/20 1:00,21.16,0.01365,0.0
2025/8/20 2:00,20.7,0.01351,0.0
2025/8/20 3:00,20.13,0.013179999999999999,0.0
2025/8/20 4:00,19.62,0.01283,0.0
2025/8/20 5:00,19.4,0.01263,0.0
2025/8/20 6:00,19.82,0.01285,0.0
2025/8/20 7:00,20.8,0.01345,0.0
2025/8/20 8:00,21.9,0.01405,0.0
2025/8/20 9:00,22.77,0.01435,852.57
2025/8/20 10:00,23.43,0.01435,11031.27
2025/8/20 11:00,23.98,0.01419,25104.73
2025/8/20 12:00,24.52,0.01401,36376.91
2025/8/20 13:00,25.16,0.01394,44423.95
2025/8/20 14:00,26.0,0.01413,49113.93
2025/8/20 15:00,26.7,0.01434,49108.85
2025/8/20 16:00,26.45,0.01388,41794.41
2025/8/20 17:00,25.8,0.01326,29970.62
2025/8/20 18:00,24.92,0.01262,17585.85
2025/8/20 19:00,24.0,0.01207,4004.24
2025/8/20 20:00,23.2,0.011720000000000001,56.4
2025/8/20 21:00,22.65,0.011630000000000001,28.94
2025/8/20 22:00,22.3,0.01173,2.2
2025/8/20 23:00,22.06,0.01196,0.0
2025/8/21 0:00,21.84,0.0123,0.0
2025/8/21 1:00,21.55,0.01253,0.0
2025/8/21 2:00,21.1,0.01263,0.0
2025/8/21 3:00,20.46,0.01256,0.0
2025/8/21 4:00,19.86,0.01245,0.0
2025/8/21 5:00,19.6,0.01252,0.0
2025/8/21 6:00,19.83,0.01284,0.0
2025/8/21 7:00,20.44,0.01331,0.0
2025/8/21 8:00,21.3,0.013779999999999999,0.0
2025/8/21 9:00,22.32,0.014119999999999999,13908.91
2025/8/21 10:00,23.47,0.01435,24071.1
2025/8/21 11:00,24.74,0.014539999999999999,69201.91
2025/8/21 12:00,26.13,0.0148,69630.65
2025/8/21 13:00,27.62,0.015269999999999999,73742.82
2025/8/21 14:00,29.2,0.016149999999999998,119083.2
2025/8/21 15:00,30.3,0.01712,131646.23
2025/8/21 16:00,30.06,0.01724,92013.29
2025/8/21 17:00,29.43,0.0173,68205.49
2025/8/21 18:00,28.51,0.01728,53358.19
2025/8/21 19:00,27.43,0.01716,34065.55
2025/8/21 20:00,26.3,0.01696,23971.66
2025/8/21 21:00,25.22,0.01671,10605.75
2025/8/21 22:00,24.24,0.016460000000000002,3367.8
2025/8/21 23:00,23.41,0.01625,1015.66
2025/8/22 0:00,22.76,0.01623,141.61
2025/8/22 1:00,22.35,0.016239999999999997,49.48
2025/8/22 2:00,22.2,0.01643,22.03
2025/8/22 3:00,22.21,0.01669,0.0
2025/8/22 4:00,22.27,0.01688,0.0
2025/8/22 5:00,22.42,0.01702,0.0
2025/8/22 6:00,22.7,0.01714,0.0
2025/8/22 7:00,23.15,0.01726,0.0
2025/8/22 8:00,23.8,0.01737,7789.89
2025/8/22 9:00,24.69,0.01748,25286.59
2025/8/22 10:00,25.77,0.01757,46010.41
2025/8/22 11:00,27.01,0.01765,65860.1
2025/8/22 12:00,28.34,0.01774,135532.06
2025/8/22 13:00,29.72,0.01789,119271.99
2025/8/22 14:00,31.1,0.018170000000000002,167590.61
2025/8/22 15:00,32.0,0.01824,133974.44
2025/8/22 16:00,31.55,0.01727,103030.2
2025/8/22 17:00,30.39,0.01604,84791.29
2025/8/22 18:00,28.8,0.01485,66039.19
2025/8/22 19:00,27.04,0.01391,43229.42
2025/8/22 20:00,25.4,0.013359999999999999,25346.22
2025/8/22 21:00,24.1,0.01328,9807.49
2025/8/22 22:00,23.13,0.013550000000000001,3718.15
2025/8/22 23:00,22.44,0.01401,1691.63
2025/8/23 0:00,21.98,0.01452,575.9
2025/8/23 1:00,21.68,0.01502,88.84
2025/8/23 2:00,21.5,0.015359999999999999,55.07
2025/8/23 3:00,21.38,0.01543,22.88
2025/8/23 4:00,21.32,0.01526,0.0
2025/8/23 5:00,21.3,0.0149,0.0
2025/8/23 6:00,21.79,0.01483,0.0
2025/8/23 7:00,22.94,0.015210000000000001,0.0
2025/8/23 8:00,24.3,0.01566,10419.9
2025/8/23 9:00,25.49,0.01586,64785.88
2025/8/23 10:00,26.47,0.01583,114099.86
2025/8/23 11:00,27.33,0.015710000000000002,90139.18
2025/8/23 12:00,28.11,0.01566,86903.41
2025/8/23 13:00,28.88,0.01584,95113.1
2025/8/23 14:00,29.7,0.01642,98851.43
2025/8/23 15:00,30.3,0.01724,96815.43
2025/8/23 16:00,30.03,0.01755,87152.07
2025/8/23 17:00,29.36,0.01767,72671.06
2025/8/23 18:00,28.45,0.01763,58271.62
2025/8/23 19:00,27.51,0.01752,41084.94
2025/8/23 20:00,26.7,0.01743,37769.21
2025/8/23 21:00,26.16,0.01746,30174.38
2025/8/23 22:00,25.83,0.01756,25854.3
2025/8/23 23:00,25.59,0.01763,22127.71
2025/8/24 0:00,25.31,0.01751,17320.08
2025/8/24 1:00,24.89,0.01725,7082.89
2025/8/24 2:00,24.2,0.01669,2659.73
2025/8/24 3:00,23.22,0.01584,749.38
2025/8/24 4:00,22.3,0.015050000000000001,59.53
2025/8/24 5:00,21.9,0.01468,27.55
2025/8/24 6:00,22.05,0.01472,9.36
2025/8/24 7:00,22.42,0.01483,7.06
2025/8/24 8:00,22.9,0.01485,2348.87
2025/8/24 9:00,23.4,0.01467,13007.12
2025/8/24 10:00,23.94,0.01439,25875.46
2025/8/24 11:00,24.56,0.01413,58781.52
2025/8/24 12:00,25.31,0.014060000000000001,79886.68
2025/8/24 13:00,26.24,0.01434,68728.85
2025/8/24 14:00,27.4,0.015210000000000001,90790.59
2025/8/24 15:00,28.3,0.01641,97981.67
2025/8/24 16:00,27.98,0.016829999999999998,86985.81
2025/8/24 17:00,27.18,0.01693,70671.29
2025/8/24 18:00,26.15,0.01677,54439.21
2025/8/24 19:00,25.14,0.01645,29294.99
2025/8/24 20:00,24.4,0.01609,10886.25
2025/8/24 21:00,24.1,0.01579,6629.9
2025/8/24 22:00,24.12,0.015529999999999999,4838.92
2025/8/24 23:00,24.25,0.01525,3832.56
2025/8/25 0:00,24.31,0.01493,2525.11
2025/8/25 1:00,24.09,0.01446,1536.5
2025/8/25 2:00,23.4,0.01385,441.35
2025/8/25 3:00,22.18,0.01316,27.5
2025/8/25 4:00,20.96,0.01269,0.0
2025/8/25 5:00,20.4,0.0128,0.0
2025/8/25 6:00,20.64,0.01349,0.0
2025/8/25 7:00,21.33,0.01439,0.0
2025/8/25 8:00,22.4,0.01533,1086.77
2025/8/25 9:00,23.78,0.01613,18508.11
2025/8/25 10:00,25.33,0.01667,70814.91
2025/8/25 11:00,26.9,0.016890000000000002,76103.72
2025/8/25 12:00,28.33,0.01675,122330.7
2025/8/25 13:00,29.48,0.01632,113217.49
2025/8/25 14:00,30.2,0.01576,105844.27
2025/8/25 15:00,30.4,0.015269999999999999,139057.55
2025/8/25 16:00,30.24,0.01502,106059.45
2025/8/25 17:00,29.8,0.01499,104964.53
2025/8/25 18:00,29.15,0.01512,74274.66
2025/8/25 19:00,28.36,0.01534,50347.76
2025/8/25 20:00,27.5,0.0156,46586.01
2025/8/25 21:00,26.63,0.01585,34378.6
2025/8/25 22:00,25.78,0.016079999999999997,22940.59
2025/8/25 23:00,25.0,0.01625,12702.72
2025/8/26 0:00,24.3,0.016390000000000002,5860.49
2025/8/26 1:00,23.72,0.01644,2683.58
2025/8/26 2:00,23.3,0.01643,1397.18
2025/8/26 3:00,23.05,0.01635,595.87
2025/8/26 4:00,22.93,0.016210000000000002,140.58
2025/8/26 5:00,22.9,0.01597,41.31
2025/8/26 6:00,22.95,0.01566,23.8
2025/8/26 7:00,23.25,0.015460000000000002,125.77
2025/8/26 8:00,24.0,0.01558,15173.46
2025/8/26 9:00,25.31,0.01614,42550.62
2025/8/26 10:00,26.93,0.016980000000000002,74315.62
2025/8/26 11:00,28.52,0.01785,102989.28
2025/8/26 12:00,29.72,0.01844,126699.39
2025/8/26 13:00,30.2,0.01848,143794.29
2025/8/26 14:00,28.7,0.01678,139850.38
2025/8/26 15:00,26.91,0.015300000000000001,129090.82
2025/8/26 16:00,25.65,0.01465,106434.03
2025/8/26 17:00,24.79,0.01452,69473.58
2025/8/26 18:00,24.22,0.01474,60770.57
2025/8/26 19:00,23.83,0.01511,34291.13
2025/8/26 20:00,23.5,0.01548,13255.2
2025/8/26 21:00,23.13,0.015710000000000002,8018.24
2025/8/26 22:00,22.71,0.01579,4275.79
2025/8/26 23:00,22.25,0.01575,2258.05
2025/8/27 0:00,21.76,0.01559,1002.25
2025/8/27 1:00,21.24,0.015359999999999999,235.64
2025/8/27 2:00,20.7,0.01508,36.02
2025/8/27 3:00,20.17,0.01478,0.0
2025/8/27 4:00,19.76,0.01453,0.0
2025/8/27 5:00,19.6,0.014410000000000001,0.0
2025/8/27 6:00,20.08,0.01476,0.0
2025/8/27 7:00,21.16,0.015519999999999999,0.0
2025/8/27 8:00,22.3,0.01614,7598.52
2025/8/27 9:00,23.08,0.01613,13589.88
2025/8/27 10:00,23.61,0.01565,24085.18
2025/8/27 11:00,24.15,0.01506,37793.58
2025/8/27 12:00,24.92,0.01469,49703.29
2025/8/27 13:00,26.19,0.01487,107047.15
2025/8/27 14:00,28.2,0.016030000000000003,89152.66
2025/8/27 15:00,30.0,0.01754,119577.04
2025/8/27 16:00,29.8,0.01752,88123.81
2025/8/27 17:00,29.29,0.01752,87775.4
2025/8/27 18:00,28.58,0.01752,59317.78
2025/8/27 19:00,27.78,0.01752,39477.14
2025/8/27 20:00,27.0,0.01751,39115.27
2025/8/27 21:00,26.33,0.01752,30708.62
2025/8/27 22:00,25.78,0.01756,23838.58
2025/8/27 23:00,25.31,0.01759,16937.25
2025/8/28 0:00,24.91,0.01759,10005.25
2025/8/28 1:00,24.55,0.01759,5841.18
2025/8/28 2:00,24.2,0.01753,2486.62
2025/8/28 3:00,23.87,0.01743,1296.9
2025/8/28 4:00,23.6,0.01732,522.43
2025/8/28 5:00,23.5,0.01727,160.56
2025/8/28 6:00,23.71,0.01743,124.59
2025/8/28 7:00,24.21,0.01776,1753.05
2025/8/28 8:00,24.8,0.01799,22499.61
2025/8/28 9:00,25.33,0.017929999999999998,25195.62
2025/8/28 10:00,25.84,0.0177,48344.07
2025/8/28 11:00,26.42,0.01748,48453.95
2025/8/28 12:00,27.16,0.01746,72176.35
2025/8/28 13:00,28.16,0.01785,90562.37
2025/8/28 14:00,29.5,0.01893,82204.48
2025/8/28 15:00,30.6,0.02022,100365.4
2025/8/28 16:00,30.38,0.02036,84531.17
2025/8/28 17:00,29.85,0.02036,79776.77
2025/8/28 18:00,29.18,0.020309999999999998,70551.49
2025/8/28 19:00,28.53,0.020300000000000002,52981.88
2025/8/28 20:00,28.1,0.020460000000000002,96091.47
2025/8/28 21:00,27.99,0.02086,98818.79
2025/8/28 22:00,28.06,0.02135,105137.69
2025/8/28 23:00,28.12,0.02171,109673.89
2025/8/29 0:00,27.98,0.02164,105063.78
2025/8/29 1:00,27.44,0.02104,87862.76
2025/8/29 2:00,26.3,0.01966,53705.64
2025/8/29 3:00,24.54,0.01763,1718.64
2025/8/29 4:00,22.85,0.01578,76.4
2025/8/29 5:00,22.1,0.01481,12.48
2025/8/29 6:00,22.38,0.01464,0.0
2025/8/29 7:00,23.15,0.01463,5.57
2025/8/29 8:00,24.3,0.01459,13968.36
2025/8/29 9:00,25.71,0.0143,45961.74
2025/8/29 10:00,27.28,0.01368,67268.4
2025/8/29 11:00,28.88,0.01276,105777.6
2025/8/29 12:00,30.42,0.011640000000000001,139461.31
2025/8/29 13:00,31.76,0.010539999999999999,157818.5
2025/8/29 14:00,32.8,0.009810000000000001,172769.2
2025/8/29 15:00,33.3,0.00967,171973.21
2025/8/29 16:00,32.9,0.00994,155692.57
2025/8/29 17:00,31.85,0.01051,134723.09
2025/8/29 18:00,30.39,0.01122,105543.2
2025/8/29 19:00,28.76,0.011949999999999999,66768.24
2025/8/29 20:00,27.2,0.01267,53692.4
2025/8/29 21:00,25.9,0.01343,35834.97
2025/8/29 22:00,24.84,0.01418,21073.86
2025/8/29 23:00,23.95,0.01482,11480.14
2025/8/30 0:00,23.18,0.01524,6174.48
2025/8/30 1:00,22.45,0.015380000000000001,2715.42
2025/8/30 2:00,21.7,0.015130000000000001,850.54
2025/8/30 3:00,20.91,0.01447,100.02
2025/8/30 4:00,20.27,0.01366,26.57
2025/8/30 5:00,20.0,0.013,0.0
2025/8/30 6:00,20.45,0.01278,0.0
2025/8/30 7:00,21.54,0.01299,0.0
2025/8/30 8:00,22.9,0.013380000000000001,3921.2
2025/8/30 9:00,24.21,0.013779999999999999,36023.49
2025/8/30 10:00,25.44,0.01419,68914.49
2025/8/30 11:00,26.59,0.01464,95922.98
2025/8/30 12:00,27.69,0.015179999999999999,116947.24
2025/8/30 13:00,28.75,0.01585,134152.92
2025/8/30 14:00,29.8,0.01671,112092.92
2025/8/30 15:00,30.5,0.01744,100559.95
2025/8/30 16:00,30.26,0.01742,112838.68
2025/8/30 17:00,29.61,0.01718,83680.43
2025/8/30 18:00,28.7,0.01684,72175.22
2025/8/30 19:00,27.65,0.01652,48375.41
2025/8/30 20:00,26.6,0.01632,37897.7
2025/8/30 21:00,25.65,0.01632,24822.13
2025/8/30 22:00,24.84,0.01648,13824.7
2025/8/30 23:00,24.19,0.016739999999999998,7278.52
2025/8/31 0:00,23.71,0.01714,4235.28
2025/8/31 1:00,23.4,0.01752,2739.16
2025/8/31 2:00,23.3,0.017920000000000002,2134.75
2025/8/31 3:00,23.32,0.01823,2046.81
2025/8/31 4:00,23.38,0.018359999999999998,1523.1
2025/8/31 5:00,23.48,0.018359999999999998,954.06
2025/8/31 6:00,23.6,0.01825,628.53
2025/8/31 7:00,23.74,0.01806,684.17
2025/8/31 8:00,23.9,0.01781,7815.48
2025/8/31 9:00,24.08,0.01755,12869.6
2025/8/31 10:00,24.31,0.01734,16983.86
2025/8/31 11:00,24.63,0.01726,23192.99
2025/8/31 12:00,25.09,0.0174,29606.93
2025/8/31 13:00,25.73,0.017839999999999998,36031.8
2025/8/31 14:00,26.6,0.018699999999999998,42822.43
2025/8/31 15:00,27.6,0.01995,49604.74
2025/8/31 16:00,28.1,0.02082,51293.39
2025/8/31 17:00,27.85,0.02089,45436.8
2025/8/31 18:00,27.24,0.020550000000000002,35717.91
2025/8/31 19:00,26.46,0.02001,25406.54
2025/8/31 20:00,25.7,0.01946,42018.72
2025/8/31 21:00,25.12,0.019059999999999997,8720.89
2025/8/31 22:00,24.71,0.0188,3067.68
2025/8/31 23:00,24.41,0.01863,1417.23
2025/9/1 0:00,24.17,0.01858,83.28
2025/9/1 1:00,23.91,0.01847,62.85
2025/9/1 2:00,23.6,0.01833,0.0
2025/9/1 3:00,23.21,0.01813,0.0
2025/9/1 4:00,22.85,0.01794,0.0
2025/9/1 5:00,22.7,0.01786,0.0
2025/9/1 6:00,23.06,0.01815,0.0
2025/9/1 7:00,23.97,0.01878,0.0
2025/9/1 8:00,25.2,0.019370000000000002,25735.27
2025/9/1 9:00,26.56,0.019559999999999998,78895.53
2025/9/1 10:00,27.98,0.01933,77787.11
2025/9/1 11:00,29.46,0.0188,86465.11
2025/9/1 12:00,30.96,0.018170000000000002,102224.6
2025/9/1 13:00,32.49,0.01775,114589.51
2025/9/1 14:00,34.0,0.01795,123619.63
2025/9/1 15:00,35.0,0.018670000000000003,184403.12
2025/9/1 16:00,34.58,0.018879999999999997,140131.12
2025/9/1 17:00,33.5,0.019,141747.18
2025/9/1 18:00,32.05,0.01898,119973.65
2025/9/1 19:00,30.49,0.0188,77111.99
2025/9/1 20:00,29.1,0.01857,89212.32
2025/9/1 21:00,28.1,0.01841,72474.51
2025/9/1 22:00,27.46,0.018269999999999998,60087.12
2025/9/1 23:00,27.06,0.0181,50041.51
2025/9/2 0:00,26.82,0.01761,42039.17
2025/9/2 1:00,26.63,0.01704,28031.87
2025/9/2 2:00,26.4,0.01611,23643.6
2025/9/2 3:00,26.06,0.01481,18466.25
2025/9/2 4:00,25.71,0.01334,13257.85
2025/9/2 5:00,25.5,0.01191,9409.75
2025/9/2 6:00,25.57,0.01069,9118.62
2025/9/2 7:00,26.06,0.009789999999999998,19035.25
2025/9/2 8:00,27.1,0.00933,32447.78
2025/9/2 9:00,28.71,0.00936,50383.98
2025/9/2 10:00,30.37,0.00966,69220.01
2025/9/2 11:00,31.42,0.009880000000000002,84457.79
2025/9/2 12:00,31.2,0.00965,91654.49
2025/9/2 13:00,29.58,0.0089,88806.73
2025/9/2 14:00,28.5,0.00863,82361.43
2025/9/2 15:00,28.2,0.0089,74966.87
2025/9/2 16:00,27.39,0.00905,62889.91
2025/9/2 17:00,26.23,0.009130000000000001,47073.17
2025/9/2 18:00,24.87,0.0092,30378.4
2025/9/2 19:00,23.44,0.009349999999999999,14221.2
2025/9/2 20:00,22.1,0.00962,1658.33
2025/9/2 21:00,20.97,0.01007,179.57
2025/9/2 22:00,20.05,0.01063,65.55
2025/9/2 23:00,19.32,0.011210000000000001,15.89
2025/9/3 0:00,18.75,0.011630000000000001,0.0
2025/9/3 1:00,18.32,0.012039999999999999,0.0
2025/9/3 2:00,18.0,0.01225,0.0
2025/9/3 3:00,17.78,0.01221,0.0
2025/9/3 4:00,17.64,0.011980000000000001,0.0
2025/9/3 5:00,17.6,0.011609999999999999,0.0
2025/9/3 6:00,17.81,0.01129,0.0
2025/9/3 7:00,18.29,0.01105,0.0
2025/9/3 8:00,18.8,0.0108,0.0
2025/9/3 9:00,19.17,0.01045,0.0
2025/9/3 10:00,19.42,0.01009,0.0
2025/9/3 11:00,19.64,0.009800000000000001,0.0
2025/9/3 12:00,19.91,0.00967,0.0
2025/9/3 13:00,20.3,0.009800000000000001,0.0
2025/9/3 14:00,20.9,0.01027,0.0
2025/9/3 15:00,21.72,0.01116,0.0
2025/9/3 16:00,22.47,0.012240000000000001,0.0
2025/9/3 17:00,22.8,0.01314,0.0
2025/9/3 18:00,22.2,0.013269999999999999,0.0
2025/9/3 19:00,20.84,0.01265,0.0
2025/9/3 20:00,19.4,0.011800000000000001,0.0
2025/9/3 21:00,18.43,0.0111,0.0
2025/9/3 22:00,17.98,0.01065,0.0
2025/9/3 23:00,17.98,0.01043,0.0
2025/9/4 0:00,18.35,0.01045,0.0
2025/9/4 1:00,19.01,0.01077,0.0
2025/9/4 2:00,19.9,0.01143,0.0
2025/9/4 3:00,20.88,0.01245,0.0
2025/9/4 4:00,21.61,0.013529999999999999,0.0
2025/9/4 5:00,21.7,0.01417,0.0
2025/9/4 6:00,20.94,0.013980000000000001,0.0
2025/9/4 7:00,19.91,0.013380000000000001,0.0
2025/9/4 8:00,19.4,0.01295,0.0
2025/9/4 9:00,19.35,0.012580000000000001,0.0
2025/9/4 10:00,19.22,0.0119,0.0
2025/9/4 11:00,19.05,0.0111,0.0
2025/9/4 12:00,18.88,0.01033,0.0
2025/9/4 13:00,18.75,0.00975,0.0
2025/9/4 14:00,18.7,0.00949,0.0
2025/9/4 15:00,18.44,0.00945,0.0
2025/9/4 16:00,17.82,0.00948,0.0
2025/9/4 17:00,17.09,0.00959,0.0
2025/9/4 18:00,16.47,0.00983,0.0
2025/9/4 19:00,16.2,0.01026,0.0
2025/9/4 20:00,16.4,0.01092,74.41
2025/9/4 21:00,16.74,0.011550000000000001,209.12
2025/9/4 22:00,17.03,0.012,311.27
2025/9/4 23:00,17.15,0.01219,366.47
2025/9/5 0:00,16.98,0.01202,4198.69
2025/9/5 1:00,16.41,0.011470000000000001,3060.31
2025/9/5 2:00,15.3,0.010490000000000001,3582.4
2025/9/5 3:00,13.69,0.00924,0.0
2025/9/5 4:00,12.17,0.00811,0.0
2025/9/5 5:00,11.5,0.00747,0.0
2025/9/5 6:00,12.46,0.00758,0.0
2025/9/5 7:00,14.75,0.00825,0.0
2025/9/5 8:00,17.5,0.00903,0.0
2025/9/5 9:00,19.97,0.00943,0.0
2025/9/5 10:00,22.07,0.00937,6709.51
2025/9/5 11:00,23.85,0.00895,36093.59
2025/9/5 12:00,25.36,0.008400000000000001,58840.18
2025/9/5 13:00,26.66,0.00796,80298.75
2025/9/5 14:00,27.8,0.00796,60313.41
2025/9/5 15:00,28.5,0.00851,79814.02
2025/9/5 16:00,27.99,0.00911,76536.71
2025/9/5 17:00,26.7,0.00965,60418.69
2025/9/5 18:00,24.95,0.01001,36947.05
2025/9/5 19:00,23.07,0.01019,8805.26
2025/9/5 20:00,21.4,0.01026,91.96
2025/9/5 21:00,20.18,0.01035,0.0
2025/9/5 22:00,19.34,0.01046,0.0
2025/9/5 23:00,18.69,0.01052,0.0
2025/9/6 0:00,18.08,0.0105,0.0
2025/9/6 1:00,17.34,0.010230000000000001,0.0
2025/9/6 2:00,16.3,0.009689999999999999,0.0
2025/9/6 3:00,14.92,0.00888,0.0
2025/9/6 4:00,13.65,0.008119999999999999,0.0
2025/9/6 5:00,13.1,0.00766,0.0
2025/9/6 6:00,14.19,0.00792,0.0
2025/9/6 7:00,16.74,0.00879,0.0
2025/9/6 8:00,19.7,0.009689999999999999,0.0
2025/9/6 9:00,22.2,0.00993,3395.1
2025/9/6 10:00,24.14,0.00943,30120.36
2025/9/6 11:00,25.64,0.00842,58780.29
2025/9/6 12:00,26.79,0.00723,80373.46
2025/9/6 13:00,27.71,0.00624,99583.27
2025/9/6 14:00,28.5,0.005849999999999999,110874.61
2025/9/6 15:00,29.0,0.00628,109929.58
2025/9/6 16:00,28.39,0.00707,94783.59
2025/9/6 17:00,26.84,0.00785,75563.48
2025/9/6 18:00,24.78,0.00841,46592.53
2025/9/6 19:00,22.62,0.00869,14055.92
2025/9/6 20:00,20.8,0.00881,822.21
2025/9/6 21:00,19.62,0.00891,0.0
2025/9/6 22:00,18.94,0.00904,0.0
2025/9/6 23:00,18.54,0.00914,0.0
2025/9/7 0:00,18.16,0.00916,0.0
2025/9/7 1:00,17.56,0.00897,0.0
2025/9/7 2:00,16.5,0.00852,0.0
2025/9/7 3:00,14.91,0.00782,0.0
2025/9/7 4:00,13.38,0.00719,0.0
2025/9/7 5:00,12.7,0.0069299999999999995,0.0
2025/9/7 6:00,13.5,0.00726,0.0
2025/9/7 7:00,15.38,0.008,0.0
2025/9/7 8:00,17.6,0.00876,0.0
2025/9/7 9:00,19.55,0.00907,4310.78
2025/9/7 10:00,21.21,0.00891,26506.04
2025/9/7 11:00,22.7,0.00842,27106.66
2025/9/7 12:00,24.15,0.00782,62455.05
2025/9/7 13:00,25.67,0.00736,60195.79
2025/9/7 14:00,27.4,0.00736,92389.84
2025/9/7 15:00,28.7,0.00782,129986.58
2025/9/7 16:00,28.34,0.00817,100845.53
2025/9/7 17:00,27.39,0.00866,52718.39
2025/9/7 18:00,26.09,0.00917,38343.48
2025/9/7 19:00,24.65,0.0096,15649.37
2025/9/7 20:00,23.3,0.009949999999999999,2454.08
2025/9/7 21:00,22.21,0.01025,80.55
2025/9/7 22:00,21.34,0.0105,0.0
2025/9/7 23:00,20.59,0.01069,0.0
2025/9/8 0:00,19.88,0.0108,0.0
2025/9/8 1:00,19.11,0.01073,0.0
2025/9/8 2:00,18.2,0.01046,0.0
2025/9/8 3:00,17.12,0.01,0.0
2025/9/8 4:00,16.2,0.009550000000000001,0.0
2025/9/8 5:00,15.8,0.00932,0.0
2025/9/8 6:00,16.45,0.00959,0.0
2025/9/8 7:00,18.05,0.01028,0.0
2025/9/8 8:00,20.1,0.01104,148.04
2025/9/8 9:00,22.16,0.01151,3057.09
2025/9/8 10:00,24.13,0.011609999999999999,56812.34
2025/9/8 11:00,25.98,0.01143,107451.97
2025/9/8 12:00,27.7,0.01115,87015.31
2025/9/8 13:00,29.24,0.01103,85876.98
2025/9/8 14:00,30.6,0.011439999999999999,93541.15
2025/9/8 15:00,31.4,0.01245,92741.65
2025/9/8 16:00,30.74,0.01325,122447.43
2025/9/8 17:00,29.05,0.01367,75894.97
2025/9/8 18:00,26.79,0.01368,54988.23
2025/9/8 19:00,24.43,0.0134,21884.46
2025/9/8 20:00,22.4,0.013099999999999999,1911.33
2025/9/8 21:00,21.06,0.01302,63.5
2025/9/8 22:00,20.32,0.013130000000000001,19.61
2025/9/8 23:00,19.98,0.01332,0.0
2025/9/9 0:00,19.83,0.01343,0.0
2025/9/9 1:00,19.67,0.01332,0.0
2025/9/9 2:00,19.3,0.01281,0.0
2025/9/9 3:00,18.62,0.011869999999999999,0.0
2025/9/9 4:00,17.92,0.01081,0.0
2025/9/9 5:00,17.6,0.00994,0.0
2025/9/9 6:00,18.56,0.009789999999999998,0.0
2025/9/9 7:00,20.77,0.010289999999999999,0.0
2025/9/9 8:00,23.2,0.01082,0.0
2025/9/9 9:00,25.03,0.01085,22388.77
2025/9/9 10:00,26.29,0.01048,36886.74
2025/9/9 11:00,27.21,0.00999,54354.1
2025/9/9 12:00,28.05,0.009630000000000001,97194.07
2025/9/9 13:00,29.03,0.009689999999999999,125919.8
2025/9/9 14:00,30.4,0.01046,139743.92
2025/9/9 15:00,31.6,0.011789999999999998,176945.33
2025/9/9 16:00,31.23,0.01262,141180.83
2025/9/9 17:00,30.24,0.01329,131205.07
2025/9/9 18:00,28.87,0.013730000000000001,83612.26
2025/9/9 19:00,27.32,0.01393,47081.65
2025/9/9 20:00,25.8,0.01397,30128.22
2025/9/9 21:00,24.49,0.01396,15427.0
2025/9/9 22:00,23.41,0.01393,7101.41
2025/9/9 23:00,22.51,0.013900000000000001,2762.2
2025/9/10 0:00,21.78,0.013859999999999999,1056.23
2025/9/10 1:00,21.19,0.01385,142.63
2025/9/10 2:00,20.7,0.01383,10.31
2025/9/10 3:00,20.31,0.013800000000000002,0.0
2025/9/10 4:00,20.07,0.013779999999999999,0.0
2025/9/10 5:00,20.04,0.013810000000000001,0.0
2025/9/10 6:00,20.31,0.013900000000000001,0.0
2025/9/10 7:00,20.94,0.014070000000000001,0.0
2025/9/10 8:00,22.0,0.01431,0.0
2025/9/10 9:00,23.49,0.01457,1821.98
2025/9/10 10:00,25.11,0.01461,10785.13
2025/9/10 11:00,26.5,0.01423,23800.44
2025/9/10 12:00,27.29,0.01334,33348.24
2025/9/10 13:00,27.1,0.012,36174.97
2025/9/10 14:00,25.7,0.01045,30608.6
2025/9/10 15:00,23.42,0.00916,17678.56
2025/9/10 16:00,21.04,0.00834,3685.16
2025/9/10 17:00,19.4,0.008140000000000001,99.01
2025/9/10 18:00,19.08,0.00866,0.0
2025/9/10 19:00,19.65,0.009640000000000001,0.0
2025/9/10 20:00,20.4,0.01062,0.0
2025/9/10 21:00,20.78,0.01111,0.0
2025/9/10 22:00,20.83,0.01115,0.0
2025/9/10 23:00,20.7,0.01093,0.0
2025/9/11 0:00,20.55,0.01063,0.0
2025/9/11 1:00,20.44,0.010490000000000001,0.0
2025/9/11 2:00,20.4,0.01057,0.0
2025/9/11 3:00,20.08,0.0107,0.0
2025/9/11 4:00,19.25,0.01066,0.0
2025/9/11 5:00,18.1,0.01047,0.0
2025/9/11 6:00,16.83,0.01018,0.0
2025/9/11 7:00,15.63,0.00985,0.0
2025/9/11 8:00,14.7,0.00957,0.0
2025/9/11 9:00,14.17,0.009380000000000001,0.0
2025/9/11 10:00,13.99,0.00928,0.0
2025/9/11 11:00,14.05,0.00925,0.0
2025/9/11 12:00,14.22,0.009269999999999999,0.0
2025/9/11 13:00,14.41,0.009300000000000001,0.0
2025/9/11 14:00,14.5,0.00934,0.0
2025/9/11 15:00,14.39,0.00934,0.0
2025/9/11 16:00,14.18,0.00934,0.0
2025/9/11 17:00,14.1,0.00945,0.0
2025/9/11 18:00,14.27,0.009710000000000002,0.0
2025/9/11 19:00,14.55,0.00999,0.0
2025/9/11 20:00,14.7,0.0101,0.0
2025/9/11 21:00,14.57,0.00991,0.0
2025/9/11 22:00,14.26,0.00951,0.0
2025/9/11 23:00,13.94,0.00906,0.0
2025/9/12 0:00,13.8,0.00869,0.0
2025/9/12 1:00,14.25,0.00868,0.0
2025/9/12 2:00,15.1,0.00893,0.0
2025/9/12 3:00,15.72,0.00911,0.0
2025/9/12 4:00,16.08,0.00917,0.0
2025/9/12 5:00,16.28,0.00914,0.0
2025/9/12 6:00,16.45,0.00904,0.0
2025/9/12 7:00,16.68,0.00888,0.0
2025/9/12 8:00,17.1,0.00868,0.0
2025/9/12 9:00,17.78,0.00843,0.0
2025/9/12 10:00,18.69,0.008140000000000001,0.0
2025/9/12 11:00,19.75,0.00783,0.0
2025/9/12 12:00,20.9,0.00756,85.57
2025/9/12 13:00,22.07,0.0074,1258.48
2025/9/12 14:00,23.2,0.00747,5278.42
2025/9/12 15:00,23.9,0.00775,6860.28
2025/9/12 16:00,23.64,0.00797,62.99
2025/9/12 17:00,22.96,0.00827,5287.54
2025/9/12 18:00,22.04,0.00863,1282.21
2025/9/12 19:00,21.03,0.00901,0.0
2025/9/12 20:00,20.1,0.00945,0.0
2025/9/12 21:00,19.37,0.009949999999999999,0.0
2025/9/12 22:00,18.8,0.01047,0.0
2025/9/12 23:00,18.3,0.0109,0.0
2025/9/13 0:00,17.79,0.011179999999999999,0.0
2025/9/13 1:00,17.18,0.01117,0.0
2025/9/13 2:00,16.4,0.0108,0.0
2025/9/13 3:00,15.41,0.01008,295.6
2025/9/13 4:00,14.4,0.009179999999999999,0.0
2025/9/13 5:00,13.62,0.008320000000000001,0.0
2025/9/13 6:00,13.3,0.0076100000000000004,0.0
2025/9/13 7:00,15.04,0.00779,0.0
2025/9/13 8:00,18.4,0.00863,0.0
2025/9/13 9:00,21.13,0.0089,0.0
2025/9/13 10:00,22.96,0.00844,0.0
2025/9/13 11:00,24.13,0.007549999999999999,2312.21
2025/9/13 12:00,24.87,0.00658,44448.8
2025/9/13 13:00,25.42,0.005860000000000001,28063.99
2025/9/13 14:00,26.0,0.00567,65707.79
2025/9/13 15:00,26.5,0.00613,35520.93
2025/9/13 16:00,26.17,0.00688,48048.4
2025/9/13 17:00,25.32,0.00777,17307.19
2025/9/13 18:00,24.1,0.0086,11275.31
2025/9/13 19:00,22.7,0.00926,1798.12
2025/9/13 20:00,21.3,0.009710000000000002,0.0
2025/9/13 21:00,20.03,0.00999,0.0
2025/9/13 22:00,18.9,0.01013,0.0
2025/9/13 23:00,17.87,0.01016,0.0
2025/9/14 0:00,16.9,0.01013,0.0
2025/9/14 1:00,15.95,0.00999,0.0
2025/9/14 2:00,15.0,0.00977,0.0
2025/9/14 3:00,14.03,0.00948,0.0
2025/9/14 4:00,13.17,0.00917,0.0
2025/9/14 5:00,12.54,0.00888,0.0
2025/9/14 6:00,12.3,0.00867,0.0
2025/9/14 7:00,13.35,0.00901,0.0
2025/9/14 8:00,15.6,0.00982,0.0
2025/9/14 9:00,17.91,0.010320000000000001,293.37
2025/9/14 10:00,20.05,0.01031,18737.25
2025/9/14 11:00,22.05,0.009859999999999999,45547.99
2025/9/14 12:00,23.9,0.00912,68032.35
2025/9/14 13:00,25.61,0.00836,89297.7
2025/9/14 14:00,27.2,0.007940000000000001,102592.5
2025/9/14 15:00,28.2,0.00801,100140.89
2025/9/14 16:00,27.76,0.00819,56452.0
2025/9/14 17:00,26.6,0.00857,32187.3
2025/9/14 18:00,25.0,0.00898,14659.09
2025/9/14 19:00,23.21,0.00931,3332.84
2025/9/14 20:00,21.5,0.009529999999999999,0.0
2025/9/14 21:00,20.08,0.009699999999999999,0.0
2025/9/14 22:00,18.93,0.00985,0.0
2025/9/14 23:00,17.97,0.009970000000000001,0.0
2025/9/15 0:00,17.13,0.010060000000000001,0.0
2025/9/15 1:00,16.33,0.010039999999999999,0.0
2025/9/15 2:00,15.5,0.0099,0.0
2025/9/15 3:00,14.61,0.009630000000000001,0.0
2025/9/15 4:00,13.77,0.00929,0.0
2025/9/15 5:00,13.14,0.008960000000000001,0.0
2025/9/15 6:00,12.9,0.0087,0.0
2025/9/15 7:00,14.33,0.00923,0.0
2025/9/15 8:00,17.2,0.01042,0.0
2025/9/15 9:00,19.76,0.01107,2543.69
2025/9/15 10:00,21.79,0.01094,32946.0
2025/9/15 11:00,23.43,0.01021,61962.5
2025/9/15 12:00,24.82,0.00917,50626.05
2025/9/15 13:00,26.13,0.00818,90763.79
2025/9/15 14:00,27.5,0.00763,115094.55
2025/9/15 15:00,28.5,0.00766,115644.44
2025/9/15 16:00,28.0,0.00775,74005.37
2025/9/15 17:00,26.7,0.00797,71404.16
2025/9/15 18:00,24.91,0.00819,38780.17
2025/9/15 19:00,22.94,0.008320000000000001,11298.39
2025/9/15 20:00,21.1,0.00836,69.19
2025/9/15 21:00,19.63,0.00839,0.0
2025/9/15 22:00,18.48,0.00843,0.0
2025/9/15 23:00,17.56,0.00846,0.0
2025/9/16 0:00,16.74,0.00847,0.0
2025/9/16 1:00,15.93,0.00842,0.0
2025/9/16 2:00,15.0,0.00827,0.0
2025/9/16 3:00,13.91,0.00801,0.0
2025/9/16 4:00,12.84,0.007690000000000001,0.0
2025/9/16 5:00,12.02,0.00741,0.0
2025/9/16 6:00,11.7,0.00724,0.0
2025/9/16 7:00,13.4,0.0079,0.0
2025/9/16 8:00,16.8,0.009300000000000001,0.0
2025/9/16 9:00,19.78,0.01016,4240.28
2025/9/16 10:00,22.04,0.010150000000000001,31830.97
2025/9/16 11:00,23.72,0.00945,60078.15
2025/9/16 12:00,25.0,0.00839,81696.37
2025/9/16 13:00,26.0,0.0074,101342.78
2025/9/16 14:00,26.9,0.00692,112313.17
2025/9/16 15:00,27.5,0.0071600000000000006,108463.37
2025/9/16 16:00,27.02,0.00771,63229.26
2025/9/16 17:00,25.81,0.00833,37907.95
2025/9/16 18:00,24.19,0.00884,25616.69
2025/9/16 19:00,22.48,0.00914,8190.21
2025/9/16 20:00,21.0,0.00926,87.87
2025/9/16 21:00,19.99,0.00931,0.0
2025/9/16 22:00,19.36,0.00933,0.0
2025/9/16 23:00,18.94,0.009300000000000001,0.0
2025/9/17 0:00,18.54,0.0092,0.0
2025/9/17 1:00,17.98,0.00902,0.0
2025/9/17 2:00,17.1,0.00871,0.0
2025/9/17 3:00,15.81,0.00828,0.0
2025/9/17 4:00,14.4,0.00783,0.0
2025/9/17 5:00,13.26,0.0075,0.0
2025/9/17 6:00,12.8,0.00741,0.0
2025/9/17 7:00,14.3,0.00819,0.0
2025/9/17 8:00,17.3,0.009710000000000002,0.0
2025/9/17 9:00,19.98,0.01086,2057.57
2025/9/17 10:00,22.07,0.01134,3681.1
2025/9/17 11:00,23.69,0.01125,12484.87
2025/9/17 12:00,24.95,0.01083,25863.24
2025/9/17 13:00,25.98,0.01039,36048.34
2025/9/17 14:00,26.9,0.010289999999999999,74182.46
2025/9/17 15:00,27.5,0.01065,127237.91
2025/9/17 16:00,27.01,0.01089,87246.33
2025/9/17 17:00,25.78,0.01098,54203.98
2025/9/17 18:00,24.14,0.0109,22486.43
2025/9/17 19:00,22.43,0.01071,5385.78
2025/9/17 20:00,21.0,0.01052,0.0
2025/9/17 21:00,20.1,0.01043,0.0
2025/9/17 22:00,19.61,0.01045,0.0
2025/9/17 23:00,19.35,0.0105,0.0
2025/9/18 0:00,19.11,0.010490000000000001,0.0
2025/9/18 1:00,18.69,0.01038,0.0
2025/9/18 2:00,17.9,0.01007,0.0
2025/9/18 3:00,16.64,0.00954,0.0
2025/9/18 4:00,15.23,0.00895,0.0
2025/9/18 5:00,14.08,0.00847,0.0
2025/9/18 6:00,13.6,0.00827,0.0
2025/9/18 7:00,14.83,0.00884,0.0
2025/9/18 8:00,17.5,0.01008,45.12
2025/9/18 9:00,20.29,0.01111,7144.91
2025/9/18 10:00,22.85,0.011619999999999998,61007.82
2025/9/18 11:00,25.05,0.01156,73056.64
2025/9/18 12:00,26.77,0.01099,57592.69
2025/9/18 13:00,27.9,0.01017,94322.08
2025/9/18 14:00,28.3,0.00945,79010.82
2025/9/18 15:00,27.94,0.00912,62714.58
2025/9/18 16:00,27.02,0.00914,48799.54
2025/9/18 17:00,25.81,0.00932,51792.73
2025/9/18 18:00,24.56,0.00954,25213.89
2025/9/18 19:00,23.54,0.00973,7167.62
2025/9/18 20:00,23.0,0.00991,205.4
2025/9/18 21:00,23.05,0.010039999999999999,59.71
2025/9/18 22:00,23.2,0.00991,4.03
2025/9/18 23:00,22.96,0.00933,0.0
2025/9/19 0:00,22.44,0.00848,0.0
2025/9/19 1:00,21.93,0.00774,0.0
2025/9/19 2:00,21.7,0.00728,0.0
2025/9/19 3:00,21.51,0.00705,0.0
2025/9/19 4:00,20.99,0.006860000000000001,0.0
2025/9/19 5:00,20.25,0.0067,0.0
2025/9/19 6:00,19.36,0.00657,0.0
2025/9/19 7:00,18.41,0.00645,0.0
2025/9/19 8:00,17.5,0.00635,0.0
2025/9/19 9:00,16.7,0.0062699999999999995,0.0
2025/9/19 10:00,16.03,0.00623,0.0
2025/9/19 11:00,15.5,0.00625,0.0
2025/9/19 12:00,15.12,0.00636,0.0
2025/9/19 13:00,14.88,0.00658,0.0
2025/9/19 14:00,14.8,0.00692,0.0
2025/9/19 15:00,14.52,0.00724,0.0
2025/9/19 16:00,13.89,0.0074199999999999995,0.0
2025/9/19 17:00,13.21,0.00757,0.0
2025/9/19 18:00,12.8,0.0078,0.0
2025/9/19 19:00,12.84,0.008199999999999999,0.0
2025/9/19 20:00,13.0,0.0086,0.0
2025/9/19 21:00,12.97,0.00879,0.0
2025/9/19 22:00,12.9,0.00887,0.0
2025/9/19 23:00,12.96,0.00897,0.0
2025/9/20 0:00,13.11,0.00912,0.0
2025/9/20 1:00,13.27,0.009269999999999999,0.0
2025/9/20 2:00,13.4,0.00943,0.0
2025/9/20 3:00,13.45,0.009460000000000001,0.0
2025/9/20 4:00,13.46,0.009550000000000001,0.0
2025/9/20 5:00,13.49,0.00968,0.0
2025/9/20 6:00,13.6,0.00954,0.0
2025/9/20 7:00,13.85,0.00977,0.0
2025/9/20 8:00,14.3,0.00991,0.0
2025/9/20 9:00,14.99,0.009699999999999999,0.0
2025/9/20 10:00,15.91,0.00939,5934.77
2025/9/20 11:00,17.01,0.00904,651.24
2025/9/20 12:00,18.27,0.00873,0.0
2025/9/20 13:00,19.64,0.00858,925.2
2025/9/20 14:00,21.1,0.00877,3055.56
2025/9/20 15:00,22.1,0.00922,3349.91
2025/9/20 16:00,21.77,0.00941,1955.67
2025/9/20 17:00,20.92,0.009609999999999999,39607.97
2025/9/20 18:00,19.73,0.00975,8106.81
2025/9/20 19:00,18.4,0.009800000000000001,0.0
2025/9/20 20:00,17.1,0.00977,0.0
2025/9/20 21:00,16.0,0.009710000000000002,0.0
2025/9/20 22:00,15.07,0.00962,0.0
2025/9/20 23:00,14.28,0.0095,0.0
2025/9/21 0:00,13.57,0.009349999999999999,0.0
2025/9/21 1:00,12.89,0.00912,0.0
2025/9/21 2:00,12.2,0.00881,0.0
2025/9/21 3:00,11.47,0.00843,0.0
2025/9/21 4:00,10.79,0.008,0.0
2025/9/21 5:00,10.29,0.0075899999999999995,0.0
2025/9/21 6:00,10.1,0.00721,0.0
2025/9/21 7:00,11.95,0.007679999999999999,0.0
2025/9/21 8:00,15.6,0.00889,0.0
2025/9/21 9:00,18.68,0.00945,1865.7
2025/9/21 10:00,20.9,0.00907,3872.82
2025/9/21 11:00,22.53,0.00805,11152.45
2025/9/21 12:00,23.79,0.0067800000000000004,65577.5
2025/9/21 13:00,24.93,0.005719999999999999,55473.27
2025/9/21 14:00,26.2,0.0053,98366.77
2025/9/21 15:00,27.2,0.00574,113808.1
2025/9/21 16:00,26.63,0.00644,98955.84
2025/9/21 17:00,25.18,0.0071600000000000006,51196.44
2025/9/21 18:00,23.26,0.00762,20749.08
2025/9/21 19:00,21.3,0.00775,3801.52
2025/9/21 20:00,19.7,0.0076100000000000004,0.0
2025/9/21 21:00,18.77,0.00731,0.0
2025/9/21 22:00,18.38,0.006900000000000001,0.0
2025/9/21 23:00,18.29,0.0064,0.0
2025/9/22 0:00,18.29,0.00583,0.0
2025/9/22 1:00,18.14,0.00518,0.0
2025/9/22 2:00,17.6,0.00453,0.0
2025/9/22 3:00,16.55,0.00396,0.0
2025/9/22 4:00,15.3,0.0035299999999999997,0.0
2025/9/22 5:00,14.24,0.00325,0.0
2025/9/22 6:00,13.8,0.00313,0.0
2025/9/22 7:00,15.63,0.00347,0.0
2025/9/22 8:00,19.2,0.00417,0.0
2025/9/22 9:00,22.16,0.00461,4235.66
2025/9/22 10:00,24.22,0.0046500000000000005,37699.07
2025/9/22 11:00,25.63,0.0044,68246.44
2025/9/22 12:00,26.62,0.00408,90686.57
2025/9/22 13:00,27.43,0.0039,111457.53
2025/9/22 14:00,28.3,0.00409,123639.52
2025/9/22 15:00,29.0,0.0047599999999999995,123271.45
2025/9/22 16:00,28.44,0.00547,109026.9
2025/9/22 17:00,27.05,0.00605,89595.93
2025/9/22 18:00,25.2,0.0064,40425.28
2025/9/22 19:00,23.32,0.00654,14297.86
2025/9/22 20:00,21.8,0.00656,1543.82
2025/9/22 21:00,20.93,0.00657,26.11
2025/9/22 22:00,20.57,0.0066,0.0
2025/9/22 23:00,20.47,0.0066,0.0
2025/9/23 0:00,20.37,0.00656,0.0
2025/9/23 1:00,20.03,0.00637,0.0
2025/9/23 2:00,19.2,0.006019999999999999,0.0
2025/9/23 3:00,17.75,0.00553,0.0
2025/9/23 4:00,16.07,0.005019999999999999,0.0
2025/9/23 5:00,14.68,0.00462,0.0
2025/9/23 6:00,14.1,0.00442,0.0
2025/9/23 7:00,16.49,0.005019999999999999,0.0
2025/9/23 8:00,21.1,0.00631,885.63
2025/9/23 9:00,24.75,0.00709,26545.9
2025/9/23 10:00,27.11,0.007030000000000001,33848.68
2025/9/23 11:00,28.52,0.00638,83435.74
2025/9/23 12:00,29.35,0.00551,132514.34
2025/9/23 13:00,29.96,0.00484,147886.64
2025/9/23 14:00,30.7,0.004719999999999999,112714.03
2025/9/23 15:00,31.4,0.00533,137395.09
2025/9/23 16:00,30.83,0.0062,146963.29
2025/9/23 17:00,29.33,0.00709,125891.27
2025/9/23 18:00,27.25,0.007809999999999999,63083.36
2025/9/23 19:00,24.93,0.00828,29068.82
2025/9/23 20:00,22.7,0.00855,8113.76
2025/9/23 21:00,20.83,0.00875,1002.85
2025/9/23 22:00,19.31,0.00891,12.41
2025/9/23 23:00,18.05,0.009,0.0
2025/9/24 0:00,16.95,0.00901,0.0
2025/9/24 1:00,15.93,0.00888,0.0
2025/9/24 2:00,14.9,0.00857,0.0
2025/9/24 3:00,13.82,0.00809,0.0
2025/9/24 4:00,12.82,0.00754,0.0
2025/9/24 5:00,12.08,0.007030000000000001,0.0
2025/9/24 6:00,11.8,0.00664,0.0
2025/9/24 7:00,13.71,0.00713,0.0
2025/9/24 8:00,17.4,0.00842,0.0
2025/9/24 9:00,20.36,0.00925,4250.72
2025/9/24 10:00,22.37,0.00941,33823.91
2025/9/24 11:00,23.77,0.00916,58351.85
2025/9/24 12:00,24.93,0.00884,79826.63
2025/9/24 13:00,26.19,0.00883,99929.55
2025/9/24 14:00,27.9,0.009529999999999999,114588.98
2025/9/24 15:00,29.4,0.01085,114786.1
2025/9/24 16:00,28.79,0.011460000000000001,103606.0
2025/9/24 17:00,27.24,0.011699999999999999,76099.26
2025/9/24 18:00,25.12,0.01157,30635.14
2025/9/24 19:00,22.85,0.0112,11872.59
2025/9/24 20:00,20.8,0.01076,4298.54
2025/9/24 21:00,19.29,0.01044,1275.43
2025/9/24 22:00,18.25,0.01026,263.37
2025/9/24 23:00,17.53,0.01017,24.39
2025/9/25 0:00,17.0,0.010119999999999999,0.0
2025/9/25 1:00,16.51,0.01007,0.0
2025/9/25 2:00,15.9,0.009949999999999999,0.0
2025/9/25 3:00,15.09,0.009720000000000001,0.0
2025/9/25 4:00,14.24,0.009439999999999999,0.0
2025/9/25 5:00,13.57,0.0092,0.0
2025/9/25 6:00,13.3,0.00907,0.0
2025/9/25 7:00,14.42,0.009630000000000001,0.0
2025/9/25 8:00,16.7,0.01072,0.0
2025/9/25 9:00,18.79,0.0114,4608.77
2025/9/25 10:00,20.52,0.01149,2972.15
2025/9/25 11:00,21.99,0.011179999999999999,6232.36
2025/9/25 12:00,23.33,0.01074,65832.1
2025/9/25 13:00,24.62,0.0105,103368.82
2025/9/25 14:00,26.0,0.01087,62173.67
2025/9/25 15:00,27.0,0.01188,45320.88
2025/9/25 16:00,26.42,0.0125,35178.07
2025/9/25 17:00,24.95,0.01279,22231.59
2025/9/25 18:00,22.99,0.0127,4776.9
2025/9/25 19:00,20.94,0.01233,598.51
2025/9/25 20:00,19.2,0.011869999999999999,28.35
2025/9/25 21:00,18.07,0.0115,0.0
2025/9/25 22:00,17.47,0.01124,0.0
2025/9/25 23:00,17.22,0.01105,0.0
2025/9/26 0:00,17.13,0.01087,0.0
2025/9/26 1:00,17.01,0.01065,0.0
2025/9/26 2:00,16.7,0.01034,0.0
2025/9/26 3:00,16.07,0.00993,0.0
2025/9/26 4:00,15.31,0.0095,0.0
2025/9/26 5:00,14.67,0.009130000000000001,0.0
2025/9/26 6:00,14.4,0.008919999999999999,0.0
2025/9/26 7:00,15.19,0.009210000000000001,0.0
2025/9/26 8:00,17.0,0.00992,0.0
2025/9/26 9:00,19.08,0.010539999999999999,0.0
2025/9/26 10:00,21.19,0.01089,14087.81
2025/9/26 11:00,23.17,0.01091,12517.24
2025/9/26 12:00,24.89,0.01063,16604.16
2025/9/26 13:00,26.22,0.01016,71027.62
2025/9/26 14:00,27.0,0.009699999999999999,94517.38
2025/9/26 15:00,27.2,0.00948,91804.11
2025/9/26 16:00,26.9,0.00954,78361.97
2025/9/26 17:00,26.09,0.00973,36751.75
2025/9/26 18:00,24.94,0.00996,11009.01
2025/9/26 19:00,23.59,0.01017,3461.16
2025/9/26 20:00,22.2,0.01033,731.84
2025/9/26 21:00,20.9,0.01045,77.13
2025/9/26 22:00,19.71,0.01051,0.0
2025/9/26 23:00,18.63,0.01053,0.0
2025/9/27 0:00,17.65,0.01052,0.0
2025/9/27 1:00,16.78,0.01043,0.0
2025/9/27 2:00,16.0,0.01027,0.0
2025/9/27 3:00,15.32,0.01005,0.0
2025/9/27 4:00,14.78,0.009800000000000001,0.0
2025/9/27 5:00,14.43,0.00956,0.0
2025/9/27 6:00,14.3,0.009349999999999999,0.0
2025/9/27 7:00,14.67,0.00934,0.0
2025/9/27 8:00,15.4,0.00942,0.0
2025/9/27 9:00,16.05,0.00932,258.08
2025/9/27 10:00,16.63,0.00906,0.0
2025/9/27 11:00,17.28,0.00876,19946.88
2025/9/27 12:00,18.14,0.00855,7390.33
2025/9/27 13:00,19.33,0.00852,2378.24
2025/9/27 14:00,21.0,0.00882,5015.23
2025/9/27 15:00,22.4,0.00911,42020.12
2025/9/27 16:00,22.04,0.0086,43752.52
2025/9/27 17:00,21.13,0.00797,9167.06
2025/9/27 18:00,19.91,0.00735,0.0
2025/9/27 19:00,18.62,0.006809999999999999,0.0
2025/9/27 20:00,17.5,0.00643,0.0
2025/9/27 21:00,16.74,0.00624,0.0
2025/9/27 22:00,16.31,0.00619,0.0
2025/9/27 23:00,16.09,0.00624,0.0
2025/9/28 0:00,16.0,0.00633,0.0
2025/9/28 1:00,15.94,0.00646,0.0
2025/9/28 2:00,15.8,0.006549999999999999,0.0
2025/9/28 3:00,15.53,0.00657,0.0
2025/9/28 4:00,15.2,0.006549999999999999,0.0
2025/9/28 5:00,14.92,0.00652,0.0
2025/9/28 6:00,14.8,0.00652,0.0
2025/9/28 7:00,15.67,0.006900000000000001,0.0
2025/9/28 8:00,17.4,0.00764,0.0
2025/9/28 9:00,18.87,0.00822,0.0
2025/9/28 10:00,19.94,0.00856,0.0
2025/9/28 11:00,20.66,0.00871,453.06
2025/9/28 12:00,21.13,0.00876,0.0
2025/9/28 13:00,21.42,0.00881,9828.7
2025/9/28 14:00,21.6,0.008960000000000001,497.17
2025/9/28 15:00,21.7,0.00926,8886.07
2025/9/28 16:00,21.4,0.0095,9460.98
2025/9/28 17:00,20.65,0.00957,9377.29
2025/9/28 18:00,19.61,0.009519999999999999,0.0
2025/9/28 19:00,18.5,0.00942,0.0
2025/9/28 20:00,17.5,0.009349999999999999,0.0
2025/9/28 21:00,16.75,0.00936,0.0
2025/9/28 22:00,16.22,0.00943,0.0
2025/9/28 23:00,15.83,0.00948,0.0
2025/9/29 0:00,15.48,0.00945,0.0
2025/9/29 1:00,15.1,0.00928,0.0
2025/9/29 2:00,14.6,0.00891,0.0
2025/9/29 3:00,13.94,0.008320000000000001,0.0
2025/9/29 4:00,13.26,0.00763,0.0
2025/9/29 5:00,12.72,0.0069500000000000004,0.0
2025/9/29 6:00,12.5,0.00637,0.0
2025/9/29 7:00,14.77,0.0067800000000000004,0.0
2025/9/29 8:00,19.1,0.00808,0.0
2025/9/29 9:00,22.46,0.00886,0.0
2025/9/29 10:00,24.52,0.00887,19105.96
2025/9/29 11:00,25.63,0.00838,53295.68
2025/9/29 12:00,26.13,0.00777,37870.27
2025/9/29 13:00,26.37,0.00738,75814.37
2025/9/29 14:00,26.7,0.0075,54390.3
2025/9/29 15:00,27.1,0.00822,38788.82
2025/9/29 16:00,26.61,0.008960000000000001,62582.77
2025/9/29 17:00,25.34,0.0095,93710.02
2025/9/29 18:00,23.6,0.00977,22654.75
2025/9/29 19:00,21.72,0.00982,1942.92
2025/9/29 20:00,20.0,0.00975,0.0
2025/9/29 21:00,18.69,0.009689999999999999,0.0
2025/9/29 22:00,17.73,0.00968,0.0
2025/9/29 23:00,16.99,0.009689999999999999,0.0
2025/9/30 0:00,16.36,0.009720000000000001,0.0
2025/9/30 1:00,15.71,0.00965,0.0
2025/9/30 2:00,14.9,0.009460000000000001,0.0
2025/9/30 3:00,13.88,0.009130000000000001,0.0
2025/9/30 4:00,12.84,0.00876,0.0
2025/9/30 5:00,12.03,0.00843,0.0
2025/9/30 6:00,11.7,0.00827,0.0
2025/9/30 7:00,12.96,0.00882,0.0
2025/9/30 8:00,15.5,0.009949999999999999,0.0
2025/9/30 9:00,17.76,0.01062,102.29
2025/9/30 10:00,19.58,0.01064,18005.95
2025/9/30 11:00,21.12,0.010199999999999999,41677.78
2025/9/30 12:00,22.54,0.00956,62187.94
2025/9/30 13:00,24.01,0.00904,39375.76
2025/9/30 14:00,25.7,0.00901,74398.28
2025/9/30 15:00,27.0,0.00945,50312.58
2025/9/30 16:00,26.61,0.009630000000000001,61319.29
2025/9/30 17:00,25.58,0.00991,48379.33
2025/9/30 18:00,24.1,0.01014,11574.33
2025/9/30 19:00,22.37,0.01024,1309.35
2025/9/30 20:00,20.6,0.01018,131.21
2025/9/30 21:00,18.95,0.01,0.0
2025/9/30 22:00,17.48,0.00976,0.0
2025/9/30 23:00,16.2,0.009519999999999999,0.0
2025/10/1 0:00,15.13,0.00922,0.0
2025/10/1 1:00,14.29,0.00906,0.0
2025/10/1 2:00,13.7,0.00897,0.0
2025/10/1 3:00,13.36,0.008960000000000001,0.0
2025/10/1 4:00,13.22,0.009,0.0
2025/10/1 5:00,13.19,0.00903,0.0
2025/10/1 6:00,13.2,0.00902,0.0
2025/10/1 7:00,13.54,0.00914,0.0
2025/10/1 8:00,14.3,0.00943,0.0
2025/10/1 9:00,15.19,0.009720000000000001,0.0
2025/10/1 10:00,16.14,0.00993,13544.26
2025/10/1 11:00,17.15,0.01005,3019.83
2025/10/1 12:00,18.22,0.010029999999999999,118.71
2025/10/1 13:00,19.33,0.00983,3439.02
2025/10/1 14:00,20.5,0.00941,66077.19
2025/10/1 15:00,21.3,0.008490000000000001,83913.55
2025/10/1 16:00,21.03,0.006889999999999999,24703.18
2025/10/1 17:00,20.33,0.00522,6020.47
2025/10/1 18:00,19.36,0.0037400000000000003,0.0
2025/10/1 19:00,18.3,0.00259,0.0
2025/10/1 20:00,17.3,0.00184,0.0
2025/10/1 21:00,16.5,0.00148,0.0
2025/10/1 22:00,15.85,0.0014199999999999998,0.0
2025/10/1 23:00,15.28,0.0015400000000000001,0.0
2025/10/2 0:00,14.7,0.00176,0.0
2025/10/2 1:00,14.04,0.00202,0.0
2025/10/2 2:00,13.2,0.00225,0.0
2025/10/2 3:00,12.17,0.0023799999999999997,0.0
2025/10/2 4:00,11.13,0.0024300000000000003,0.0
2025/10/2 5:00,10.32,0.0024500000000000004,0.0
2025/10/2 6:00,10.0,0.00249,0.0
2025/10/2 7:00,10.54,0.00259,0.0
2025/10/2 8:00,11.7,0.00272,0.0
2025/10/2 9:00,12.9,0.00275,429.9
2025/10/2 10:00,14.05,0.0027,20936.03
2025/10/2 11:00,15.14,0.00262,49180.28
2025/10/2 12:00,16.21,0.0025800000000000003,70436.4
2025/10/2 13:00,17.26,0.00266,88067.62
2025/10/2 14:00,18.3,0.00299,101336.61
2025/10/2 15:00,19.0,0.0035800000000000003,100707.97
2025/10/2 16:00,18.6,0.00414,88522.31
2025/10/2 17:00,17.51,0.00455,62933.36
2025/10/2 18:00,15.92,0.0047,9884.95
2025/10/2 19:00,13.99,0.00455,282.93
2025/10/2 20:00,11.9,0.00414,0.0
2025/10/2 21:00,9.97,0.0035800000000000003,0.0
2025/10/2 22:00,9.1,0.00317,0.0
2025/10/2 23:00,9.48,0.0029500000000000004,0.0
2025/10/3 0:00,10.37,0.00279,0.0
2025/10/3 1:00,11.43,0.00268,0.0
2025/10/3 2:00,12.3,0.00265,0.0
2025/10/3 3:00,12.71,0.00271,0.0
2025/10/3 4:00,12.73,0.0028599999999999997,0.0
2025/10/3 5:00,12.53,0.00304,0.0
2025/10/3 6:00,12.29,0.00322,0.0
2025/10/3 7:00,12.15,0.0033599999999999997,0.0
2025/10/3 8:00,12.3,0.00344,0.0
2025/10/3 9:00,12.85,0.00344,487.56
2025/10/3 10:00,13.74,0.0033599999999999997,19929.69
2025/10/3 11:00,14.88,0.0032400000000000003,47193.47
2025/10/3 12:00,16.17,0.00311,68211.19
2025/10/3 13:00,17.51,0.00302,86739.26
2025/10/3 14:00,18.8,0.0030800000000000003,100447.9
2025/10/3 15:00,19.6,0.00331,100272.63
2025/10/3 16:00,19.2,0.00354,88553.62
2025/10/3 17:00,18.15,0.0038,62482.5
2025/10/3 18:00,16.71,0.00404,10866.52
2025/10/3 19:00,15.11,0.00424,634.98
2025/10/3 20:00,13.6,0.00443,108.96
2025/10/3 21:00,12.37,0.00463,0.0
2025/10/3 22:00,11.39,0.00484,0.0
2025/10/3 23:00,10.58,0.005030000000000001,0.0
2025/10/4 0:00,9.87,0.00522,0.0
2025/10/4 1:00,9.17,0.0053,0.0
2025/10/4 2:00,8.4,0.00528,0.0
2025/10/4 3:00,7.53,0.00514,0.0
2025/10/4 4:00,6.69,0.00495,0.0
2025/10/4 5:00,6.05,0.0047599999999999995,0.0
2025/10/4 6:00,5.8,0.00464,0.0
2025/10/4 7:00,6.96,0.00491,0.0
2025/10/4 8:00,9.3,0.00554,0.0
2025/10/4 9:00,11.38,0.006019999999999999,0.0
2025/10/4 10:00,12.97,0.00624,0.0
2025/10/4 11:00,14.14,0.00623,0.0
2025/10/4 12:00,14.94,0.00608,0.0
2025/10/4 13:00,15.44,0.005889999999999999,0.0
2025/10/4 14:00,15.7,0.00578,0.0
2025/10/4 15:00,15.79,0.0058200000000000005,0.0
2025/10/4 16:00,15.8,0.006030000000000001,0.0
2025/10/4 17:00,15.58,0.00632,0.0
2025/10/4 18:00,15.02,0.00656,0.0
2025/10/4 19:00,14.22,0.00674,0.0
2025/10/4 20:00,13.3,0.006860000000000001,0.0
2025/10/4 21:00,12.37,0.00694,0.0
2025/10/4 22:00,11.48,0.00697,0.0
2025/10/4 23:00,10.66,0.00698,0.0
2025/10/5 0:00,9.93,0.0069900000000000006,0.0
2025/10/5 1:00,9.33,0.00696,0.0
2025/10/5 2:00,8.9,0.00692,0.0
2025/10/5 3:00,8.64,0.006889999999999999,0.0
2025/10/5 4:00,8.53,0.006849999999999999,0.0
2025/10/5 5:00,8.5,0.0067800000000000004,0.0
2025/10/5 6:00,8.5,0.00667,0.0
2025/10/5 7:00,8.96,0.006719999999999999,0.0
2025/10/5 8:00,9.9,0.0069500000000000004,0.0
2025/10/5 9:00,10.76,0.0070999999999999995,0.0
2025/10/5 10:00,11.47,0.00715,0.0
2025/10/5 11:00,12.08,0.0071600000000000006,0.0
2025/10/5 12:00,12.62,0.00717,0.0
2025/10/5 13:00,13.15,0.00725,0.0
2025/10/5 14:00,13.7,0.00746,0.0
2025/10/5 15:00,14.1,0.00774,0.0
2025/10/5 16:00,13.88,0.00783,0.0
2025/10/5 17:00,13.35,0.007809999999999999,0.0
2025/10/5 18:00,12.66,0.007719999999999999,0.0
2025/10/5 19:00,11.98,0.00763,0.0
2025/10/5 20:00,11.5,0.00757,0.0
2025/10/5 21:00,11.32,0.00758,0.0
2025/10/5 22:00,11.38,0.00766,0.0
2025/10/5 23:00,11.56,0.00777,0.0
2025/10/6 0:00,11.74,0.00792,0.0
2025/10/6 1:00,11.79,0.00799,0.0
2025/10/6 2:00,11.6,0.008,0.0
2025/10/6 3:00,11.11,0.00787,0.0
2025/10/6 4:00,10.47,0.007730000000000001,0.0
2025/10/6 5:00,9.93,0.0076100000000000004,0.0
2025/10/6 6:00,9.7,0.00753,0.0
2025/10/6 7:00,10.02,0.007690000000000001,0.0
2025/10/6 8:00,10.9,0.00796,0.0
2025/10/6 9:00,12.22,0.008199999999999999,0.0
2025/10/6 10:00,13.87,0.00839,0.0
2025/10/6 11:00,15.71,0.00851,0.0
2025/10/6 12:00,17.63,0.00858,0.0
2025/10/6 13:00,19.5,0.00867,19198.7
2025/10/6 14:00,21.2,0.00889,7313.03
2025/10/6 15:00,22.2,0.00919,2598.67
2025/10/6 16:00,21.85,0.00916,2159.61
2025/10/6 17:00,20.96,0.00914,3272.64
2025/10/6 18:00,19.75,0.009089999999999999,0.0
2025/10/6 19:00,18.45,0.00902,0.0
2025/10/6 20:00,17.3,0.00897,0.0
2025/10/6 21:00,16.46,0.00897,0.0
2025/10/6 22:00,15.86,0.009,0.0
2025/10/6 23:00,15.36,0.00902,0.0
2025/10/7 0:00,14.84,0.00898,0.0
2025/10/7 1:00,14.17,0.0088,0.0
2025/10/7 2:00,13.2,0.00843,0.0
2025/10/7 3:00,11.89,0.00787,0.0
2025/10/7 4:00,10.52,0.0072699999999999996,0.0
2025/10/7 5:00,9.44,0.0067599999999999995,0.0
2025/10/7 6:00,9.0,0.00647,0.0
2025/10/7 7:00,10.5,0.00691,0.0
2025/10/7 8:00,13.7,0.00801,0.0
2025/10/7 9:00,16.98,0.00893,178.44
2025/10/7 10:00,19.95,0.00934,14891.72
2025/10/7 11:00,22.5,0.00915,45022.16
2025/10/7 12:00,24.54,0.00845,69130.29
2025/10/7 13:00,25.97,0.0074800000000000005,93421.43
2025/10/7 14:00,26.7,0.00662,106903.86
2025/10/7 15:00,26.8,0.00625,106543.45
2025/10/7 16:00,26.3,0.00635,67362.81
2025/10/7 17:00,24.99,0.00663,57163.49
2025/10/7 18:00,23.17,0.00692,13173.36
2025/10/7 19:00,21.14,0.00714,346.3
2025/10/7 20:00,19.2,0.00729,0.0
2025/10/7 21:00,17.59,0.0074199999999999995,0.0
2025/10/7 22:00,16.29,0.00753,0.0
2025/10/7 23:00,15.24,0.0076,0.0
2025/10/8 0:00,14.35,0.0076,0.0
2025/10/8 1:00,13.56,0.00753,0.0
2025/10/8 2:00,12.8,0.00733,0.0
2025/10/8 3:00,12.02,0.00701,0.0
2025/10/8 4:00,11.31,0.00662,0.0
2025/10/8 5:00,10.8,0.00626,0.0
2025/10/8 6:00,10.6,0.0059900000000000005,0.0
2025/10/8 7:00,11.93,0.0063,0.0
2025/10/8 8:00,14.5,0.00715,0.0
2025/10/8 9:00,16.6,0.00785,0.0
2025/10/8 10:00,18.04,0.00824,13315.53
2025/10/8 11:00,19.0,0.00842,758.11
2025/10/8 12:00,19.69,0.00848,34838.47
2025/10/8 13:00,20.29,0.00856,63990.93
2025/10/8 14:00,21.0,0.00877,23873.12
2025/10/8 15:00,21.6,0.00902,7939.26
2025/10/8 16:00,21.25,0.00884,36520.87
2025/10/8 17:00,20.36,0.00846,9931.41
2025/10/8 18:00,19.13,0.00799,0.0
2025/10/8 19:00,17.77,0.00754,0.0
2025/10/8 20:00,16.5,0.00719,0.0
2025/10/8 21:00,15.48,0.007,0.0
2025/10/8 22:00,14.72,0.0069299999999999995,0.0
2025/10/8 23:00,14.16,0.0069299999999999995,0.0
2025/10/9 0:00,13.75,0.0069500000000000004,0.0
2025/10/9 1:00,13.45,0.00697,0.0
2025/10/9 2:00,13.2,0.00694,0.0
2025/10/9 3:00,12.97,0.00683,0.0
2025/10/9 4:00,12.78,0.00667,0.0
2025/10/9 5:00,12.65,0.0065,0.0
2025/10/9 6:00,12.6,0.00636,0.0
2025/10/9 7:00,13.23,0.00653,0.0
2025/10/9 8:00,14.5,0.00704,0.0
2025/10/9 9:00,15.61,0.00758,0.0
2025/10/9 10:00,16.34,0.008039999999999999,0.0
2025/10/9 11:00,16.6,0.008320000000000001,0.0
2025/10/9 12:00,16.26,0.008320000000000001,0.0
2025/10/9 13:00,15.49,0.00811,0.0
2025/10/9 14:00,14.7,0.00787,0.0
2025/10/9 15:00,14.19,0.00777,0.0
2025/10/9 16:00,13.97,0.00779,0.0
2025/10/9 17:00,13.95,0.00791,0.0
2025/10/9 18:00,14.06,0.00809,0.0
2025/10/9 19:00,14.2,0.0083,0.0
2025/10/9 20:00,14.3,0.0085,0.0
2025/10/9 21:00,14.3,0.00865,0.0
2025/10/9 22:00,14.2,0.00876,0.0
2025/10/9 23:00,14.03,0.00884,0.0
2025/10/10 0:00,13.83,0.008919999999999999,0.0
2025/10/10 1:00,13.61,0.00897,0.0
2025/10/10 2:00,13.4,0.00902,0.0
2025/10/10 3:00,13.23,0.00908,0.0
2025/10/10 4:00,13.1,0.00914,0.0
2025/10/10 5:00,13.03,0.00917,0.0
2025/10/10 6:00,13.0,0.00915,0.0
2025/10/10 7:00,13.28,0.0092,0.0
2025/10/10 8:00,14.0,0.009380000000000001,0.0
2025/10/10 9:00,14.95,0.00954,0.0
2025/10/10 10:00,16.01,0.009640000000000001,0.0
2025/10/10 11:00,17.05,0.009689999999999999,0.0
2025/10/10 12:00,17.94,0.009699999999999999,0.0
2025/10/10 13:00,18.56,0.00974,336.59
2025/10/10 14:00,18.8,0.009869999999999999,0.0
2025/10/10 15:00,18.69,0.01019,0.0
2025/10/10 16:00,18.35,0.01061,3026.37
2025/10/10 17:00,17.77,0.01094,3164.57
2025/10/10 18:00,16.94,0.010960000000000001,0.0
2025/10/10 19:00,15.85,0.010539999999999999,0.0
2025/10/10 20:00,14.5,0.00959,0.0
2025/10/10 21:00,12.96,0.00822,0.0
2025/10/10 22:00,11.65,0.00684,0.0
2025/10/10 23:00,11.1,0.00577,0.0
2025/10/11 0:00,12.21,0.00525,0.0
2025/10/11 1:00,14.6,0.0050999999999999995,0.0
2025/10/11 2:00,16.9,0.004940000000000001,0.0
2025/10/11 3:00,18.01,0.00464,0.0
2025/10/11 4:00,18.03,0.0043,0.0
2025/10/11 5:00,17.38,0.00401,0.0
2025/10/11 6:00,16.43,0.00377,0.0
2025/10/11 7:00,15.61,0.0036,0.0
2025/10/11 8:00,15.3,0.00348,0.0
2025/10/11 9:00,15.8,0.0034,0.0
2025/10/11 10:00,16.95,0.00335,0.0
2025/10/11 11:00,18.48,0.0033,11041.33
2025/10/11 12:00,20.13,0.00322,54066.52
2025/10/11 13:00,21.63,0.00314,70256.1
2025/10/11 14:00,22.7,0.0031,93103.64
2025/10/11 15:00,23.1,0.00317,98277.19
2025/10/11 16:00,22.68,0.0033,90754.11
2025/10/11 17:00,21.59,0.00347,55826.01
2025/10/11 18:00,20.1,0.00366,7586.89
2025/10/11 19:00,18.45,0.0038599999999999997,0.0
2025/10/11 20:00,16.9,0.00409,0.0
2025/10/11 21:00,15.66,0.00438,0.0
2025/10/11 22:00,14.7,0.004719999999999999,0.0
2025/10/11 23:00,13.96,0.00509,0.0
2025/10/12 0:00,13.36,0.00546,0.0
2025/10/12 1:00,12.83,0.005809999999999999,0.0
2025/10/12 2:00,12.3,0.00609,0.0
2025/10/12 3:00,11.72,0.00628,0.0
2025/10/12 4:00,11.17,0.00639,0.0
2025/10/12 5:00,10.76,0.00645,0.0
2025/10/12 6:00,10.6,0.00649,0.0
2025/10/12 7:00,10.93,0.0066,0.0
2025/10/12 8:00,11.9,0.006809999999999999,0.0
2025/10/12 9:00,13.46,0.00709,0.0
2025/10/12 10:00,15.41,0.00734,0.0
2025/10/12 11:00,17.48,0.0075,11027.26
2025/10/12 12:00,19.42,0.00752,45558.71
2025/10/12 13:00,20.98,0.00741,10773.62
2025/10/12 14:00,21.9,0.00726,1277.34
2025/10/12 15:00,22.1,0.00722,716.32
2025/10/12 16:00,21.8,0.00735,101.55
2025/10/12 17:00,21.02,0.00753,0.0
2025/10/12 18:00,19.95,0.007719999999999999,0.0
2025/10/12 19:00,18.78,0.00788,0.0
2025/10/12 20:00,17.7,0.00802,0.0
2025/10/12 21:00,16.86,0.00816,0.0
2025/10/12 22:00,16.22,0.00831,0.0
2025/10/12 23:00,15.74,0.00846,0.0
2025/10/13 0:00,15.33,0.00858,0.0
2025/10/13 1:00,14.94,0.00867,0.0
2025/10/13 2:00,14.5,0.0087,0.0
2025/10/13 3:00,13.97,0.00864,0.0
2025/10/13 4:00,13.46,0.00852,0.0
2025/10/13 5:00,13.1,0.00838,0.0
2025/10/13 6:00,13.01,0.008230000000000001,0.0
2025/10/13 7:00,13.33,0.00811,0.0
2025/10/13 8:00,14.2,0.00802,0.0
2025/10/13 9:00,15.67,0.00789,0.0
2025/10/13 10:00,17.49,0.0075899999999999995,0.0
2025/10/13 11:00,19.35,0.007019999999999999,18042.08
2025/10/13 12:00,20.92,0.0061600000000000005,5041.53
2025/10/13 13:00,21.9,0.00515,839.63
2025/10/13 14:00,21.8,0.00423,51435.46
2025/10/13 15:00,19.92,0.0035299999999999997,62605.71
2025/10/13 16:00,17.0,0.00312,45952.91
2025/10/13 17:00,14.15,0.00298,5382.83
2025/10/13 18:00,12.5,0.00313,0.0
2025/10/13 19:00,12.73,0.00368,0.0
2025/10/13 20:00,13.8,0.00442,0.0
2025/10/13 21:00,14.48,0.00498,0.0
2025/10/13 22:00,14.6,0.00526,0.0
2025/10/13 23:00,14.29,0.00529,0.0
2025/10/14 0:00,13.63,0.00513,0.0
2025/10/14 1:00,12.73,0.00488,0.0
2025/10/14 2:00,11.7,0.00461,0.0
2025/10/14 3:00,10.65,0.00437,0.0
2025/10/14 4:00,9.72,0.00419,0.0
2025/10/14 5:00,9.05,0.00408,0.0
2025/10/14 6:00,8.8,0.004070000000000001,0.0
2025/10/14 7:00,9.33,0.00425,0.0
2025/10/14 8:00,10.5,0.00457,0.0
2025/10/14 9:00,11.76,0.00488,0.0
2025/10/14 10:00,12.97,0.00514,0.0
2025/10/14 11:00,14.07,0.00535,221.06
2025/10/14 12:00,15.03,0.00553,0.0
2025/10/14 13:00,15.79,0.005690000000000001,430.1
2025/10/14 14:00,16.3,0.00588,0.0
2025/10/14 15:00,16.54,0.0061200000000000004,0.0
2025/10/14 16:00,16.6,0.00642,0.0
2025/10/14 17:00,16.1,0.0066,0.0
2025/10/14 18:00,14.99,0.00658,0.0
2025/10/14 19:00,13.8,0.00656,0.0
2025/10/14 20:00,13.1,0.0067599999999999995,0.0
2025/10/14 21:00,13.0,0.00723,0.0
2025/10/14 22:00,12.29,0.00735,0.0
2025/10/14 23:00,10.97,0.0070599999999999994,0.0
2025/10/15 0:00,9.5,0.00651,0.0
2025/10/15 1:00,8.3,0.00596,0.0
2025/10/15 2:00,7.8,0.0055,0.0
2025/10/15 3:00,7.53,0.00491,0.0
2025/10/15 4:00,7.05,0.0040999999999999995,0.0
2025/10/15 5:00,6.85,0.00331,0.0
2025/10/15 6:00,7.4,0.00265,0.0
2025/10/15 7:00,8.96,0.00214,0.0
2025/10/15 8:00,10.8,0.0016699999999999998,0.0
2025/10/15 9:00,12.15,0.00128,0.0
2025/10/15 10:00,12.94,0.00102,2137.63
2025/10/15 11:00,13.27,0.00091,428.96
2025/10/15 12:00,13.24,0.00093,21450.19
2025/10/15 13:00,12.95,0.00103,40071.02
2025/10/15 14:00,12.5,0.00116,48507.15
2025/10/15 15:00,11.98,0.00128,45937.08
2025/10/15 16:00,11.44,0.00138,13477.78
2025/10/15 17:00,10.89,0.00147,14834.43
2025/10/15 18:00,10.37,0.0015400000000000001,0.0
2025/10/15 19:00,9.9,0.00161,0.0
2025/10/15 20:00,9.5,0.0016799999999999999,0.0
2025/10/15 21:00,9.19,0.00175,0.0
2025/10/15 22:00,8.89,0.00181,0.0
2025/10/15 23:00,8.5,0.00185,0.0
2025/10/16 0:00,7.94,0.00185,0.0
2025/10/16 1:00,7.1,0.00181,0.0
2025/10/16 2:00,5.9,0.00171,0.0
2025/10/16 3:00,4.32,0.00156,0.0
2025/10/16 4:00,2.69,0.0014,0.0
2025/10/16 5:00,1.42,0.00127,0.0
2025/10/16 6:00,0.9,0.0011899999999999999,0.0
2025/10/16 7:00,3.11,0.00133,0.0
2025/10/16 8:00,7.3,0.00163,0.0
2025/10/16 9:00,10.5,0.0017800000000000001,0.0
2025/10/16 10:00,12.39,0.0016899999999999999,6070.88
2025/10/16 11:00,13.32,0.0014399999999999999,31420.1
2025/10/16 12:00,13.65,0.00114,52570.81
2025/10/16 13:00,13.73,0.0009,65039.57
2025/10/16 14:00,13.9,0.00078,77980.55
2025/10/16 15:00,14.2,0.00082,79465.47
2025/10/16 16:00,13.9,0.0009599999999999999,76423.53
2025/10/16 17:00,13.12,0.00116,37392.06
2025/10/16 18:00,12.09,0.0013700000000000001,222.9
2025/10/16 19:00,11.02,0.00157,0.0
2025/10/16 20:00,10.1,0.00174,0.0
2025/10/16 21:00,9.5,0.00191,0.0
2025/10/16 22:00,9.15,0.0020800000000000003,0.0
2025/10/16 23:00,8.91,0.0022400000000000002,0.0
2025/10/17 0:00,8.68,0.0024,0.0
2025/10/17 1:00,8.32,0.00252,0.0
2025/10/17 2:00,7.7,0.0026,0.0
2025/10/17 3:00,6.77,0.00262,0.0
2025/10/17 4:00,5.76,0.0026,0.0
2025/10/17 5:00,4.94,0.00257,0.0
2025/10/17 6:00,4.6,0.00257,0.0
2025/10/17 7:00,5.5,0.00273,0.0
2025/10/17 8:00,7.6,0.0030299999999999997,0.0
2025/10/17 9:00,10.08,0.00329,0.0
2025/10/17 10:00,12.64,0.0034300000000000003,3505.66
2025/10/17 11:00,15.09,0.00342,36063.78
2025/10/17 12:00,17.26,0.00328,61147.21
2025/10/17 13:00,18.95,0.00311,81747.35
2025/10/17 14:00,20.0,0.00304,97378.82
2025/10/17 15:00,20.3,0.00321,99526.27
2025/10/17 16:00,19.78,0.0035600000000000002,95978.71
2025/10/17 17:00,18.43,0.0038900000000000002,50977.3
2025/10/17 18:00,16.59,0.00414,4283.38
2025/10/17 19:00,14.61,0.00426,75.62
2025/10/17 20:00,12.8,0.00431,0.0
2025/10/17 21:00,11.43,0.00433,0.0
2025/10/17 22:00,10.44,0.00437,0.0
2025/10/17 23:00,9.7,0.00442,0.0
2025/10/18 0:00,9.05,0.00447,0.0
2025/10/18 1:00,8.36,0.0044800000000000005,0.0
2025/10/18 2:00,7.5,0.00444,0.0
2025/10/18 3:00,6.39,0.00434,0.0
2025/10/18 4:00,5.25,0.00421,0.0
2025/10/18 5:00,4.36,0.00409,0.0
2025/10/18 6:00,4.0,0.00405,0.0
2025/10/18 7:00,4.97,0.0042699999999999995,0.0
2025/10/18 8:00,7.2,0.004730000000000001,0.0
2025/10/18 9:00,9.83,0.00511,0.0
2025/10/18 10:00,12.54,0.00526,1549.09
2025/10/18 11:00,15.14,0.00509,0.0
2025/10/18 12:00,17.46,0.00463,24334.49
2025/10/18 13:00,19.3,0.0039900000000000005,10496.81
2025/10/18 14:00,20.5,0.00344,3304.6
2025/10/18 15:00,20.9,0.0032400000000000003,41624.42
2025/10/18 16:00,20.42,0.00337,106121.13
2025/10/18 17:00,19.18,0.00366,36822.83
2025/10/18 18:00,17.49,0.0039700000000000004,182.12
2025/10/18 19:00,15.66,0.00421,0.0
2025/10/18 20:00,14.0,0.00437,0.0
2025/10/18 21:00,12.74,0.0044800000000000005,0.0
2025/10/18 22:00,11.82,0.00458,0.0
2025/10/18 23:00,11.1,0.00467,0.0
2025/10/19 0:00,10.43,0.0047599999999999995,0.0
2025/10/19 1:00,9.68,0.0048,0.0
2025/10/19 2:00,8.7,0.00478,0.0
2025/10/19 3:00,7.44,0.004690000000000001,0.0
2025/10/19 4:00,6.13,0.00456,0.0
2025/10/19 5:00,5.11,0.00445,0.0
2025/10/19 6:00,4.7,0.00445,0.0
2025/10/19 7:00,5.53,0.00471,0.0
2025/10/19 8:00,7.5,0.00519,0.0
2025/10/19 9:00,9.92,0.0056,0.0
2025/10/19 10:00,12.54,0.00583,10559.72
2025/10/19 11:00,15.18,0.005809999999999999,114.51
2025/10/19 12:00,17.69,0.00556,43980.13
2025/10/19 13:00,19.92,0.00522,18245.8
2025/10/19 14:00,21.7,0.00504,5659.49
2025/10/19 15:00,22.6,0.00522,5604.0
2025/10/19 16:00,22.01,0.00549,3745.05
2025/10/19 17:00,20.52,0.00574,15218.91
2025/10/19 18:00,18.57,0.00584,0.0
2025/10/19 19:00,16.62,0.00577,0.0
2025/10/19 20:00,15.1,0.0055899999999999995,0.0
2025/10/19 21:00,14.33,0.00537,0.0
2025/10/19 22:00,14.13,0.00513,0.0
2025/10/19 23:00,14.19,0.00484,0.0
2025/10/20 0:00,14.21,0.00447,0.0
2025/10/20 1:00,13.88,0.00405,0.0
2025/10/20 2:00,12.9,0.00361,0.0
2025/10/20 3:00,11.12,0.0032,0.0
2025/10/20 4:00,9.05,0.0028599999999999997,0.0
2025/10/20 5:00,7.32,0.00264,0.0
2025/10/20 6:00,6.6,0.00259,0.0
2025/10/20 7:00,8.96,0.0030499999999999998,0.0
2025/10/20 8:00,13.5,0.00395,0.0
2025/10/20 9:00,17.09,0.00447,373.79
2025/10/20 10:00,19.38,0.00433,22723.51
2025/10/20 11:00,20.72,0.00372,53472.42
2025/10/20 12:00,21.48,0.0029300000000000003,76306.98
2025/10/20 13:00,21.98,0.00228,97037.66
2025/10/20 14:00,22.6,0.00204,111409.32
2025/10/20 15:00,23.2,0.0023799999999999997,114652.03
2025/10/20 16:00,22.57,0.0030099999999999997,112459.71
2025/10/20 17:00,20.96,0.00366,61561.22
2025/10/20 18:00,18.77,0.00415,8663.42
2025/10/20 19:00,16.38,0.00439,503.03
2025/10/20 20:00,14.2,0.00444,4.0
2025/10/20 21:00,12.54,0.00441,0.0
2025/10/20 22:00,11.33,0.00436,0.0
2025/10/20 23:00,10.44,0.00431,0.0
2025/10/21 0:00,9.72,0.00428,0.0
2025/10/21 1:00,9.02,0.00425,0.0
2025/10/21 2:00,8.2,0.00421,0.0
2025/10/21 3:00,7.18,0.0041600000000000005,0.0
2025/10/21 4:00,6.13,0.00409,0.0
2025/10/21 5:00,5.33,0.00405,0.0
2025/10/21 6:00,5.0,0.004059999999999999,0.0
2025/10/21 7:00,5.86,0.0043,0.0
2025/10/21 8:00,8.0,0.0047599999999999995,0.0
2025/10/21 9:00,10.81,0.00521,0.0
2025/10/21 10:00,13.93,0.0055,12338.57
2025/10/21 11:00,17.09,0.0055,1510.77
2025/10/21 12:00,20.0,0.00515,2245.94
2025/10/21 13:00,22.36,0.00458,65605.33
2025/10/21 14:00,23.9,0.00408,120459.57
2025/10/21 15:00,24.4,0.004,131624.61
2025/10/21 16:00,23.71,0.00429,129286.29
2025/10/21 17:00,21.93,0.00467,70095.92
2025/10/21 18:00,19.54,0.00496,11186.89
2025/10/21 19:00,16.97,0.0050999999999999995,510.49
2025/10/21 20:00,14.7,0.00513,15.47
2025/10/21 21:00,13.07,0.0051600000000000005,0.0
2025/10/21 22:00,12.01,0.00522,0.0
2025/10/21 23:00,11.34,0.00529,0.0
2025/10/22 0:00,10.88,0.00532,0.0
2025/10/22 1:00,10.46,0.0053,0.0
2025/10/22 2:00,9.9,0.0051600000000000005,0.0
2025/10/22 3:00,9.09,0.004889999999999999,0.0
2025/10/22 4:00,8.2,0.00456,0.0
2025/10/22 5:00,7.49,0.00426,0.0
2025/10/22 6:00,7.2,0.004070000000000001,0.0
2025/10/22 7:00,8.44,0.00429,0.0
2025/10/22 8:00,11.0,0.004900000000000001,0.0
2025/10/22 9:00,13.46,0.00552,0.0
2025/10/22 10:00,15.55,0.006030000000000001,3513.92
2025/10/22 11:00,17.25,0.00644,54334.59
2025/10/22 12:00,18.57,0.00675,67598.47
2025/10/22 13:00,19.52,0.0069900000000000006,102888.53
2025/10/22 14:00,20.1,0.0072,101991.44
2025/10/22 15:00,20.3,0.0074199999999999995,39277.25
2025/10/22 16:00,19.77,0.00745,17281.64
2025/10/22 17:00,18.38,0.0072,20424.22
2025/10/22 18:00,16.47,0.0068200000000000005,396.93
2025/10/22 19:00,14.37,0.00641,0.0
2025/10/22 20:00,12.4,0.00611,0.0
2025/10/22 21:00,10.82,0.00596,0.0
2025/10/22 22:00,9.64,0.0059299999999999995,0.0
2025/10/22 23:00,8.79,0.00595,0.0
2025/10/23 0:00,8.19,0.0059299999999999995,0.0
2025/10/23 1:00,7.78,0.005860000000000001,0.0
2025/10/23 2:00,7.5,0.00567,0.0
2025/10/23 3:00,7.28,0.0053,0.0
2025/10/23 4:00,7.13,0.0048200000000000005,0.0
2025/10/23 5:00,7.03,0.00428,0.0
2025/10/23 6:00,7.0,0.00375,0.0
2025/10/23 7:00,7.67,0.0034300000000000003,0.0
2025/10/23 8:00,9.1,0.0033599999999999997,0.0
2025/10/23 9:00,10.59,0.00346,0.0
2025/10/23 10:00,11.97,0.0037,0.0
2025/10/23 11:00,13.22,0.00409,0.0
2025/10/23 12:00,14.29,0.00457,0.0
2025/10/23 13:00,15.16,0.00509,208.6
2025/10/23 14:00,15.8,0.00558,4670.44
2025/10/23 15:00,16.1,0.00591,6451.81
2025/10/23 16:00,15.81,0.00598,8204.51
2025/10/23 17:00,15.04,0.005860000000000001,0.0
2025/10/23 18:00,13.99,0.0056500000000000005,0.0
2025/10/23 19:00,12.81,0.00543,0.0
2025/10/23 20:00,11.7,0.00529,0.0
2025/10/23 21:00,10.79,0.00528,0.0
2025/10/23 22:00,10.07,0.00537,0.0
2025/10/23 23:00,9.5,0.00553,0.0
2025/10/24 0:00,9.05,0.00575,0.0
2025/10/24 1:00,8.66,0.00594,0.0
2025/10/24 2:00,8.3,0.00609,0.0
2025/10/24 3:00,7.94,0.00619,0.0
2025/10/24 4:00,7.62,0.00623,0.0
2025/10/24 5:00,7.39,0.00623,0.0
2025/10/24 6:00,7.3,0.00618,0.0
2025/10/24 7:00,8.17,0.00644,0.0
2025/10/24 8:00,10.0,0.007,0.0
2025/10/24 9:00,11.79,0.00737,0.0
2025/10/24 10:00,13.35,0.0074800000000000005,0.0
2025/10/24 11:00,14.7,0.00738,0.0
2025/10/24 12:00,15.83,0.00719,0.0
2025/10/24 13:00,16.76,0.00705,0.0
2025/10/24 14:00,17.5,0.00714,0.0
2025/10/24 15:00,17.9,0.00753,0.0
2025/10/24 16:00,17.49,0.0079,0.0
2025/10/24 17:00,16.43,0.008119999999999999,0.0
2025/10/24 18:00,14.99,0.00816,0.0
2025/10/24 19:00,13.42,0.008039999999999999,0.0
2025/10/24 20:00,12.0,0.00783,0.0
2025/10/24 21:00,10.92,0.0076,0.0
2025/10/24 22:00,10.18,0.00739,0.0
2025/10/24 23:00,9.69,0.00721,0.0
2025/10/25 0:00,9.38,0.00708,0.0
2025/10/25 1:00,9.17,0.00698,0.0
2025/10/25 2:00,9.0,0.00691,0.0
2025/10/25 3:00,8.8,0.00688,0.0
2025/10/25 4:00,8.61,0.006860000000000001,0.0
2025/10/25 5:00,8.46,0.006860000000000001,0.0
2025/10/25 6:00,8.4,0.006849999999999999,0.0
2025/10/25 7:00,8.73,0.0069500000000000004,0.0
2025/10/25 8:00,9.6,0.0072,0.0
2025/10/25 9:00,10.85,0.00749,0.0
2025/10/25 10:00,12.33,0.0077800000000000005,0.0
2025/10/25 11:00,13.88,0.008029999999999999,0.0
2025/10/25 12:00,15.34,0.00824,0.0
2025/10/25 13:00,16.57,0.00843,466.56
2025/10/25 14:00,17.4,0.00862,0.0
2025/10/25 15:00,17.7,0.00886,7161.12
2025/10/25 16:00,17.32,0.00899,12124.61
2025/10/25 17:00,16.37,0.00897,0.0
2025/10/25 18:00,15.09,0.00884,0.0
2025/10/25 19:00,13.75,0.00866,0.0
2025/10/25 20:00,12.6,0.00853,0.0
2025/10/25 21:00,11.84,0.008289999999999999,0.0
2025/10/25 22:00,11.43,0.00834,0.0
2025/10/25 23:00,11.27,0.00818,0.0
2025/10/26 0:00,11.26,0.008369999999999999,0.0
2025/10/26 1:00,11.3,0.00819,0.0
2025/10/26 2:00,11.3,0.007980000000000001,0.0
2025/10/26 3:00,11.18,0.00726,0.0
2025/10/26 4:00,10.98,0.00635,0.0
2025/10/26 5:00,10.75,0.00537,0.0
2025/10/26 6:00,10.57,0.00441,0.0
2025/10/26 7:00,10.5,0.0035499999999999998,0.0
2025/10/26 8:00,14.3,0.00366,0.0
2025/10/26 9:00,18.23,0.0038399999999999997,0.0
2025/10/26 10:00,20.24,0.00372,0.0
2025/10/26 11:00,20.88,0.00354,0.0
2025/10/26 12:00,20.72,0.00346,0.0
2025/10/26 13:00,20.31,0.0035800000000000003,11853.06
2025/10/26 14:00,20.2,0.0039900000000000005,737.03
2025/10/26 15:00,20.5,0.004690000000000001,17054.38
2025/10/26 16:00,19.9,0.0052699999999999995,83398.21
2025/10/26 17:00,18.46,0.00557,16949.92
2025/10/26 18:00,16.7,0.005690000000000001,0.0
2025/10/26 19:00,15.14,0.00577,0.0
2025/10/26 20:00,14.3,0.006019999999999999,0.0
2025/10/26 21:00,14.3,0.00649,0.0
2025/10/26 22:00,13.99,0.00675,0.0
2025/10/26 23:00,13.27,0.00675,0.0
2025/10/27 0:00,12.41,0.00667,0.0
2025/10/27 1:00,11.7,0.00657,0.0
2025/10/27 2:00,11.4,0.00663,0.0
2025/10/27 3:00,11.16,0.006690000000000001,0.0
2025/10/27 4:00,10.62,0.00658,0.0
2025/10/27 5:00,10.03,0.00642,0.0
2025/10/27 6:00,9.64,0.00631,0.0
2025/10/27 7:00,9.7,0.00634,0.0
2025/10/27 8:00,10.3,0.006549999999999999,0.0
2025/10/27 9:00,10.97,0.006730000000000001,0.0
2025/10/27 10:00,11.55,0.00684,0.0
2025/10/27 11:00,12.02,0.00691,0.0
2025/10/27 12:00,12.34,0.00696,0.0
2025/10/27 13:00,12.47,0.00704,0.0
2025/10/27 14:00,12.4,0.00718,0.0
2025/10/27 15:00,12.11,0.00738,0.0
2025/10/27 16:00,11.71,0.0076,0.0
2025/10/27 17:00,11.33,0.00779,0.0
2025/10/27 18:00,11.12,0.00791,0.0
2025/10/27 19:00,11.19,0.00793,0.0
2025/10/27 20:00,11.7,0.007809999999999999,0.0
2025/10/27 21:00,12.69,0.00746,0.0
2025/10/27 22:00,13.88,0.006730000000000001,0.0
2025/10/27 23:00,14.91,0.00555,0.0
2025/10/28 0:00,15.44,0.0039700000000000004,0.0
2025/10/28 1:00,15.1,0.0023599999999999997,0.0
2025/10/28 2:00,14.3,0.00111,0.0
2025/10/28 3:00,13.63,0.00041999999999999996,0.0
2025/10/28 4:00,11.94,0.00013000000000000002,0.0
2025/10/28 5:00,9.75,0.0001,0.0
2025/10/28 6:00,7.56,0.00019,0.0
2025/10/28 7:00,5.87,0.0003,0.0
2025/10/28 8:00,5.2,0.00038,0.0
2025/10/28 9:00,5.0,0.00041,0.0
2025/10/28 10:00,5.16,0.00039,813.77
2025/10/28 11:00,5.75,0.00035,14665.59
2025/10/28 12:00,6.57,0.0003,35869.27
2025/10/28 13:00,7.39,0.00026000000000000003,50064.36
2025/10/28 14:00,8.0,0.00027,62404.14
2025/10/28 15:00,8.24,0.00034,67785.4
2025/10/28 16:00,8.15,0.00046,70133.73
2025/10/28 17:00,7.85,0.0005899999999999999,17079.82
2025/10/28 18:00,7.44,0.0007099999999999999,0.0
2025/10/28 19:00,7.02,0.00078,0.0
2025/10/28 20:00,6.7,0.00079,0.0
2025/10/28 21:00,6.55,0.00073,0.0
2025/10/28 22:00,6.51,0.00063,0.0
2025/10/28 23:00,6.45,0.00051,0.0
2025/10/29 0:00,6.29,0.00041,0.0
2025/10/29 1:00,5.91,0.00035999999999999997,0.0
2025/10/29 2:00,5.2,0.00038,0.0
2025/10/29 3:00,4.12,0.00049,0.0
2025/10/29 4:00,2.86,0.00063,0.0
2025/10/29 5:00,1.66,0.0007700000000000001,0.0
2025/10/29 6:00,0.75,0.0008900000000000001,0.0
2025/10/29 7:00,0.4,0.001,0.0
2025/10/29 8:00,3.9,0.00135,0.0
2025/10/29 9:00,7.86,0.00172,0.0
2025/10/29 10:00,10.37,0.00182,4042.19
2025/10/29 11:00,11.78,0.00166,28997.81
2025/10/29 12:00,12.42,0.00136,52368.63
2025/10/29 13:00,12.65,0.0010400000000000001,65552.85
2025/10/29 14:00,12.8,0.00082,79395.2
2025/10/29 15:00,13.0,0.00076,84022.14
2025/10/29 16:00,12.57,0.00082,84662.62
2025/10/29 17:00,11.46,0.00094,24206.02
2025/10/29 18:00,9.94,0.00108,0.0
2025/10/29 19:00,8.3,0.00122,0.0
2025/10/29 20:00,6.8,0.00135,0.0
2025/10/29 21:00,5.66,0.00147,0.0
2025/10/29 22:00,4.84,0.00161,0.0
2025/10/29 23:00,4.22,0.00175,0.0
2025/10/30 0:00,3.7,0.00191,0.0
2025/10/30 1:00,3.16,0.00207,0.0
2025/10/30 2:00,2.5,0.00222,0.0
2025/10/30 3:00,1.65,0.00233,0.0
2025/10/30 4:00,0.72,0.0024100000000000002,0.0
2025/10/30 5:00,-0.13,0.0024100000000000002,0.0
2025/10/30 6:00,-0.76,0.00239,0.0
2025/10/30 7:00,-1.0,0.0023599999999999997,0.0
2025/10/30 8:00,2.5,0.00299,0.0
2025/10/30 9:00,6.69,0.00363,0.0
2025/10/30 10:00,9.66,0.00379,443.79
2025/10/30 11:00,11.63,0.0034500000000000004,0.0
2025/10/30 12:00,12.84,0.00279,11688.62
2025/10/30 13:00,13.51,0.0020499999999999997,46636.97
2025/10/30 14:00,13.9,0.00147,51382.33
2025/10/30 15:00,14.1,0.0012,62505.97
2025/10/30 16:00,13.78,0.00121,46630.48
2025/10/30 17:00,12.99,0.0014,8605.5
2025/10/30 18:00,11.92,0.0016899999999999999,0.0
2025/10/30 19:00,10.82,0.00202,0.0
2025/10/30 20:00,9.9,0.00234,0.0
2025/10/30 21:00,9.32,0.00266,0.0
2025/10/30 22:00,9.02,0.003,0.0
2025/10/30 23:00,8.87,0.00335,0.0
2025/10/31 0:00,8.75,0.0037099999999999998,0.0
2025/10/31 1:00,8.54,0.004059999999999999,0.0
2025/10/31 2:00,8.1,0.00436,0.0
2025/10/31 3:00,7.37,0.00458,0.0
2025/10/31 4:00,6.48,0.0047,0.0
2025/10/31 5:00,5.61,0.00475,0.0
2025/10/31 6:00,4.96,0.00477,0.0
2025/10/31 7:00,4.7,0.00478,0.0
2025/10/31 8:00,5.1,0.004860000000000001,0.0
2025/10/31 9:00,6.04,0.00492,0.0
2025/10/31 10:00,7.28,0.0049299999999999995,0.0
2025/10/31 11:00,8.66,0.004860000000000001,0.0
2025/10/31 12:00,9.99,0.00475,25153.32
2025/10/31 13:00,11.1,0.00464,22634.83
2025/10/31 14:00,11.8,0.00464,0.0
2025/10/31 15:00,12.0,0.00484,7125.08
2025/10/31 16:00,11.7,0.00512,35137.6
2025/10/31 17:00,10.96,0.00534,3478.72
2025/10/31 18:00,9.99,0.00541,0.0
2025/10/31 19:00,9.03,0.00531,0.0
2025/10/31 20:00,8.3,0.00504,0.0
2025/10/31 21:00,7.96,0.0045899999999999995,0.0
2025/10/31 22:00,7.88,0.00401,0.0
2025/10/31 23:00,7.89,0.00333,0.0
2025/11/1 0:00,7.81,0.0026,0.0
2025/11/1 1:00,7.44,0.00196,0.0
2025/11/1 2:00,6.6,0.0015,0.0
2025/11/1 3:00,5.2,0.00127,0.0
2025/11/1 4:00,3.5,0.00122,0.0
2025/11/1 5:00,1.84,0.00126,0.0
2025/11/1 6:00,0.59,0.00133,0.0
2025/11/1 7:00,0.1,0.0014399999999999999,0.0
2025/11/1 8:00,4.6,0.00209,0.0
2025/11/1 9:00,9.35,0.00282,0.0
2025/11/1 10:00,11.89,0.0030600000000000002,3116.37
2025/11/1 11:00,12.82,0.00285,25128.6
2025/11/1 12:00,12.73,0.00242,46521.17
2025/11/1 13:00,12.23,0.00204,57979.65
2025/11/1 14:00,11.9,0.00189,69322.24
2025/11/1 15:00,12.0,0.0020499999999999997,73817.04
2025/11/1 16:00,11.43,0.00232,32607.41
2025/11/1 17:00,10.01,0.0025499999999999997,6434.11
2025/11/1 18:00,8.12,0.00268,0.0
2025/11/1 19:00,6.19,0.00272,0.0
2025/11/1 20:00,4.6,0.00272,0.0
2025/11/1 21:00,3.67,0.00273,0.0
2025/11/1 22:00,3.31,0.00279,0.0
2025/11/1 23:00,3.35,0.00287,0.0
2025/11/2 0:00,3.59,0.00299,0.0
2025/11/2 1:00,3.87,0.00311,0.0
2025/11/2 2:00,4.0,0.00323,0.0
2025/11/2 3:00,3.85,0.00332,0.0
2025/11/2 4:00,3.5,0.00337,0.0
2025/11/2 5:00,3.09,0.0033900000000000002,0.0
2025/11/2 6:00,2.74,0.0033799999999999998,0.0
2025/11/2 7:00,2.6,0.0033399999999999997,0.0
2025/11/2 8:00,4.7,0.00376,0.0
2025/11/2 9:00,6.9,0.0040999999999999995,0.0
2025/11/2 10:00,8.13,0.004030000000000001,0.0
2025/11/2 11:00,8.74,0.0037099999999999998,0.0
2025/11/2 12:00,9.1,0.0033399999999999997,0.0
2025/11/2 13:00,9.56,0.0031,0.0
2025/11/2 14:00,10.5,0.00315,0.0
2025/11/2 15:00,11.5,0.0035099999999999997,0.0
2025/11/2 16:00,11.06,0.00379,0.0
2025/11/2 17:00,9.92,0.004019999999999999,0.0
2025/11/2 18:00,8.37,0.0041600000000000005,0.0
2025/11/2 19:00,6.7,0.004200000000000001,0.0
2025/11/2 20:00,5.2,0.00417,0.0
2025/11/2 21:00,4.08,0.00415,0.0
2025/11/2 22:00,3.33,0.00413,0.0
2025/11/2 23:00,2.84,0.00412,0.0
2025/11/3 0:00,2.53,0.00409,0.0
2025/11/3 1:00,2.32,0.004059999999999999,0.0
2025/11/3 2:00,2.1,0.004,0.0
2025/11/3 3:00,1.82,0.0039,0.0
2025/11/3 4:00,1.5,0.00376,0.0
2025/11/3 5:00,1.2,0.00361,0.0
2025/11/3 6:00,0.99,0.00344,0.0
2025/11/3 7:00,0.9,0.00328,0.0
2025/11/3 8:00,3.3,0.00368,0.0
2025/11/3 9:00,5.9,0.00411,0.0
2025/11/3 10:00,7.39,0.00417,0.0
2025/11/3 11:00,8.08,0.00396,0.0
2025/11/3 12:00,8.27,0.00362,0.0
2025/11/3 13:00,8.24,0.00328,0.0
2025/11/3 14:00,8.3,0.00304,0.0
2025/11/3 15:00,8.5,0.0029500000000000004,0.0
2025/11/3 16:00,8.31,0.00289,1516.21
2025/11/3 17:00,7.87,0.00287,0.0
2025/11/3 18:00,7.37,0.00292,0.0
2025/11/3 19:00,6.98,0.0030600000000000002,0.0
2025/11/3 20:00,6.9,0.00332,0.0
2025/11/3 21:00,7.1,0.00369,0.0
2025/11/3 22:00,6.95,0.004,0.0
2025/11/3 23:00,6.46,0.00422,0.0
2025/11/4 0:00,5.85,0.00438,0.0
2025/11/4 1:00,5.32,0.00451,0.0
2025/11/4 2:00,5.1,0.004690000000000001,0.0
2025/11/4 3:00,4.95,0.00483,0.0
2025/11/4 4:00,4.58,0.00484,0.0
2025/11/4 5:00,4.1,0.00477,0.0
2025/11/4 6:00,3.62,0.00466,0.0
2025/11/4 7:00,3.25,0.00455,0.0
2025/11/4 8:00,3.1,0.0045,0.0
2025/11/4 9:00,2.6,0.00431,0.0
2025/11/4 10:00,2.25,0.00417,0.0
2025/11/4 11:00,2.34,0.0041600000000000005,0.0
2025/11/4 12:00,2.74,0.00426,0.0
2025/11/4 13:00,3.33,0.00444,0.0
2025/11/4 14:00,4.0,0.004690000000000001,0.0
2025/11/4 15:00,4.62,0.00498,0.0
2025/11/4 16:00,5.13,0.00526,0.0
2025/11/4 17:00,5.46,0.00545,0.0
2025/11/4 18:00,5.54,0.00547,0.0
2025/11/4 19:00,5.31,0.00526,0.0
2025/11/4 20:00,4.7,0.00477,0.0
2025/11/4 21:00,3.74,0.00405,0.0
2025/11/4 22:00,2.81,0.0033,0.0
2025/11/4 23:00,2.4,0.00268,0.0
2025/11/5 0:00,3.3,0.00231,0.0
2025/11/5 1:00,5.26,0.00212,0.0
2025/11/5 2:00,7.2,0.002,0.0
2025/11/5 3:00,8.24,0.0019399999999999999,0.0
2025/11/5 4:00,8.44,0.00197,0.0
2025/11/5 5:00,8.08,0.0020499999999999997,0.0
2025/11/5 6:00,7.43,0.00215,0.0
2025/11/5 7:00,6.78,0.00222,0.0
2025/11/5 8:00,6.4,0.00225,0.0
2025/11/5 9:00,6.51,0.0022400000000000002,0.0
2025/11/5 10:00,7.02,0.00219,312.44
2025/11/5 11:00,7.79,0.00211,8534.11
2025/11/5 12:00,8.68,0.00202,26327.93
2025/11/5 13:00,9.53,0.0019399999999999999,40757.3
2025/11/5 14:00,10.2,0.0019199999999999998,52439.86
2025/11/5 15:00,10.5,0.00198,60096.46
2025/11/5 16:00,10.27,0.00209,60082.75
2025/11/5 17:00,9.66,0.0022400000000000002,0.0
2025/11/5 18:00,8.78,0.00239,0.0
2025/11/5 19:00,7.76,0.00254,0.0
2025/11/5 20:00,6.7,0.00266,0.0
2025/11/5 21:00,5.7,0.00276,0.0
2025/11/5 22:00,4.76,0.00285,0.0
2025/11/5 23:00,3.87,0.00292,0.0
2025/11/6 0:00,3.01,0.00297,0.0
2025/11/6 1:00,2.16,0.003,0.0
2025/11/6 2:00,1.3,0.00302,0.0
2025/11/6 3:00,0.43,0.0030099999999999997,0.0
2025/11/6 4:00,-0.38,0.00294,0.0
2025/11/6 5:00,-1.06,0.0028599999999999997,0.0
2025/11/6 6:00,-1.53,0.00278,0.0
2025/11/6 7:00,-1.7,0.0027,0.0
2025/11/6 8:00,0.9,0.00317,0.0
2025/11/6 9:00,4.09,0.0036,0.0
2025/11/6 10:00,6.48,0.00369,227.81
2025/11/6 11:00,8.23,0.00349,8632.37
2025/11/6 12:00,9.52,0.00316,27132.37
2025/11/6 13:00,10.51,0.0029,40375.87
2025/11/6 14:00,11.4,0.0029,45678.89
2025/11/6 15:00,12.0,0.0033,49006.83
2025/11/6 16:00,11.44,0.00378,6659.34
2025/11/6 17:00,10.01,0.00418,0.0
2025/11/6 18:00,8.13,0.00437,0.0
2025/11/6 19:00,6.19,0.00439,0.0
2025/11/6 20:00,4.6,0.00429,0.0
2025/11/6 21:00,3.66,0.00418,0.0
2025/11/6 22:00,3.27,0.004070000000000001,0.0
2025/11/6 23:00,3.21,0.00396,0.0
2025/11/7 0:00,3.29,0.00387,0.0
2025/11/7 1:00,3.29,0.00375,0.0
2025/11/7 2:00,3.0,0.00362,0.0
2025/11/7 3:00,2.3,0.00348,0.0
2025/11/7 4:00,1.34,0.00335,0.0
2025/11/7 5:00,0.36,0.00323,0.0
2025/11/7 6:00,-0.39,0.0031,0.0
2025/11/7 7:00,-0.7,0.0030499999999999998,0.0
2025/11/7 8:00,1.8,0.00367,0.0
2025/11/7 9:00,5.04,0.00438,0.0
2025/11/7 10:00,7.63,0.0048200000000000005,0.0
2025/11/7 11:00,9.58,0.00495,0.0
2025/11/7 12:00,10.95,0.0048200000000000005,0.0
2025/11/7 13:00,11.74,0.00457,1718.68
2025/11/7 14:00,12.0,0.00435,0.0
2025/11/7 15:00,11.77,0.00428,6141.96
2025/11/7 16:00,11.14,0.00434,12296.14
2025/11/7 17:00,10.24,0.0044800000000000005,0.0
2025/11/7 18:00,9.15,0.00462,0.0
2025/11/7 19:00,8.01,0.00474,0.0
2025/11/7 20:00,6.9,0.0048200000000000005,0.0
2025/11/7 21:00,5.92,0.004860000000000001,0.0
2025/11/7 22:00,5.07,0.004849999999999999,0.0
2025/11/7 23:00,4.33,0.00481,0.0
2025/11/8 0:00,3.67,0.004719999999999999,0.0
2025/11/8 1:00,3.07,0.0046,0.0
2025/11/8 2:00,2.5,0.00443,0.0
2025/11/8 3:00,1.96,0.00423,0.0
2025/11/8 4:00,1.47,0.0039900000000000005,0.0
2025/11/8 5:00,1.07,0.00373,0.0
2025/11/8 6:00,0.8,0.00347,0.0
2025/11/8 7:00,0.7,0.0032,0.0
2025/11/8 8:00,5.3,0.004019999999999999,0.0
2025/11/8 9:00,10.17,0.004940000000000001,0.0
2025/11/8 10:00,12.81,0.00504,0.0
2025/11/8 11:00,13.82,0.0045,0.0
2025/11/8 12:00,13.82,0.00372,0.0
2025/11/8 13:00,13.41,0.0030600000000000002,0.0
2025/11/8 14:00,13.2,0.00272,0.0
2025/11/8 15:00,13.4,0.00276,0.0
2025/11/8 16:00,13.03,0.00297,0.0
2025/11/8 17:00,12.06,0.00323,0.0
2025/11/8 18:00,10.72,0.00346,0.0
2025/11/8 19:00,9.23,0.00362,0.0
2025/11/8 20:00,7.8,0.00373,0.0
2025/11/8 21:00,6.62,0.00379,0.0
2025/11/8 22:00,5.65,0.00382,0.0
2025/11/8 23:00,4.81,0.00382,0.0
2025/11/9 0:00,4.05,0.00376,0.0
2025/11/9 1:00,3.27,0.00365,0.0
2025/11/9 2:00,2.4,0.00349,0.0
2025/11/9 3:00,1.41,0.00326,0.0
2025/11/9 4:00,0.39,0.003,0.0
2025/11/9 5:00,-0.51,0.00269,0.0
2025/11/9 6:00,-1.15,0.00244,0.0
2025/11/9 7:00,-1.4,0.0022299999999999998,0.0
2025/11/9 8:00,2.7,0.00278,0.0
2025/11/9 9:00,7.27,0.00333,0.0
2025/11/9 10:00,10.1,0.00337,0.0
2025/11/9 11:00,11.64,0.0030099999999999997,644.94
2025/11/9 12:00,12.35,0.00248,29015.48
2025/11/9 13:00,12.68,0.0020299999999999997,47291.4
2025/11/9 14:00,13.1,0.00185,62661.05
2025/11/9 15:00,13.6,0.0020099999999999996,71892.14
2025/11/9 16:00,13.08,0.00232,54904.45
2025/11/9 17:00,11.75,0.00266,0.0
2025/11/9 18:00,9.93,0.0029300000000000003,0.0
2025/11/9 19:00,7.94,0.0031,0.0
2025/11/9 20:00,6.1,0.00319,0.0
2025/11/9 21:00,4.67,0.0032400000000000003,0.0
2025/11/9 22:00,3.62,0.0033,0.0
2025/11/9 23:00,2.84,0.00335,0.0
2025/11/10 0:00,2.23,0.00344,0.0
2025/11/10 1:00,1.68,0.00348,0.0
2025/11/10 2:00,1.1,0.00349,0.0
2025/11/10 3:00,0.41,0.00347,0.0
2025/11/10 4:00,-0.31,0.0033599999999999997,0.0
2025/11/10 5:00,-0.95,0.00326,0.0
2025/11/10 6:00,-1.42,0.00315,0.0
2025/11/10 7:00,-1.6,0.0030600000000000002,0.0
2025/11/10 8:00,-0.6,0.00318,0.0
2025/11/10 9:00,1.36,0.00344,0.0
2025/11/10 10:00,3.72,0.00364,0.0
2025/11/10 11:00,6.18,0.00378,0.0
2025/11/10 12:00,8.46,0.0038399999999999997,0.0
2025/11/10 13:00,10.26,0.00383,851.59
2025/11/10 14:00,11.3,0.00383,0.0
2025/11/10 15:00,11.5,0.00395,5103.22
2025/11/10 16:00,11.06,0.00418,10500.16
2025/11/10 17:00,9.95,0.00438,0.0
2025/11/10 18:00,8.46,0.0045,0.0
2025/11/10 19:00,6.91,0.00453,0.0
2025/11/10 20:00,5.6,0.00453,0.0
2025/11/10 21:00,4.76,0.00454,0.0
2025/11/10 22:00,4.32,0.00457,0.0
2025/11/10 23:00,4.14,0.0045899999999999995,0.0
2025/11/11 0:00,4.07,0.00458,0.0
2025/11/11 1:00,3.97,0.00452,0.0
2025/11/11 2:00,3.7,0.00436,0.0
2025/11/11 3:00,3.16,0.00409,0.0
2025/11/11 4:00,2.45,0.00377,0.0
2025/11/11 5:00,1.75,0.00344,0.0
2025/11/11 6:00,1.22,0.00314,0.0
2025/11/11 7:00,1.0,0.00289,0.0
2025/11/11 8:00,4.8,0.00347,0.0
2025/11/11 9:00,9.02,0.0041600000000000005,0.0
2025/11/11 10:00,11.59,0.00433,204.2
2025/11/11 11:00,12.93,0.00409,12542.21
2025/11/11 12:00,13.47,0.00365,33425.79
2025/11/11 13:00,13.62,0.0032400000000000003,46302.18
2025/11/11 14:00,13.8,0.0030299999999999997,57771.66
2025/11/11 15:00,14.1,0.0031,22438.22
2025/11/11 16:00,13.71,0.00325,41026.61
2025/11/11 17:00,12.66,0.0034,0.0
2025/11/11 18:00,11.19,0.0035,0.0
2025/11/11 19:00,9.5,0.0035499999999999998,0.0
2025/11/11 20:00,7.8,0.0035499999999999998,0.0
2025/11/11 21:00,6.27,0.00352,0.0
2025/11/11 22:00,4.95,0.00348,0.0
2025/11/11 23:00,3.81,0.00344,0.0
2025/11/12 0:00,2.84,0.0034100000000000003,0.0
2025/11/12 1:00,2.04,0.0033900000000000002,0.0
2025/11/12 2:00,1.4,0.0033900000000000002,0.0
2025/11/12 3:00,0.9,0.0034,0.0
2025/11/12 4:00,0.53,0.00342,0.0
2025/11/12 5:00,0.28,0.00344,0.0
2025/11/12 6:00,0.14,0.0034500000000000004,0.0
2025/11/12 7:00,0.1,0.00344,0.0
2025/11/12 8:00,1.7,0.00381,0.0
2025/11/12 9:00,3.65,0.00424,0.0
2025/11/12 10:00,5.11,0.0044800000000000005,0.0
2025/11/12 11:00,6.19,0.00455,0.0
2025/11/12 12:00,7.02,0.0045,0.0
2025/11/12 13:00,7.71,0.0044,0.0
2025/11/12 14:00,8.4,0.0043,0.0
2025/11/12 15:00,8.9,0.004200000000000001,0.0
2025/11/12 16:00,8.64,0.00396,0.0
2025/11/12 17:00,7.97,0.00369,0.0
2025/11/12 18:00,7.02,0.00346,0.0
2025/11/12 19:00,5.95,0.00329,0.0
2025/11/12 20:00,4.9,0.00322,0.0
2025/11/12 21:00,3.99,0.0032400000000000003,0.0
2025/11/12 22:00,3.23,0.00333,0.0
2025/11/12 23:00,2.59,0.00347,0.0
2025/11/13 0:00,2.05,0.00361,0.0
2025/11/13 1:00,1.6,0.00375,0.0
2025/11/13 2:00,1.2,0.00387,0.0
2025/11/13 3:00,0.85,0.00387,0.0
2025/11/13 4:00,0.54,0.0038900000000000002,0.0
2025/11/13 5:00,0.31,0.00379,0.0
2025/11/13 6:00,0.15,0.00377,0.0
2025/11/13 7:00,0.1,0.00363,0.0
2025/11/13 8:00,1.9,0.00394,0.0
2025/11/13 9:00,3.94,0.00411,0.0
2025/11/13 10:00,5.25,0.00392,0.0
2025/11/13 11:00,6.01,0.00347,334.77
2025/11/13 12:00,6.4,0.0029100000000000003,0.0
2025/11/13 13:00,6.6,0.0023599999999999997,4263.21
2025/11/13 14:00,6.8,0.00195,0.0
2025/11/13 15:00,7.0,0.00172,7354.13
2025/11/13 16:00,6.72,0.00161,0.0
2025/11/13 17:00,6.0,0.00158,0.0
2025/11/13 18:00,5.01,0.00159,0.0
2025/11/13 19:00,3.92,0.00161,0.0
2025/11/13 20:00,2.9,0.0016200000000000001,0.0
2025/11/13 21:00,2.09,0.0016200000000000001,0.0
2025/11/13 22:00,1.46,0.00161,0.0
2025/11/13 23:00,0.94,0.0016200000000000001,0.0
2025/11/14 0:00,0.47,0.00163,0.0
2025/11/14 1:00,-0.02,0.00165,0.0
2025/11/14 2:00,-0.6,0.0017,0.0
2025/11/14 3:00,-1.3,0.00177,0.0
2025/11/14 4:00,-2.05,0.00183,0.0
2025/11/14 5:00,-2.72,0.00189,0.0
2025/11/14 6:00,-3.21,0.00195,0.0
2025/11/14 7:00,-3.4,0.002,0.0
2025/11/14 8:00,-1.5,0.00237,0.0
2025/11/14 9:00,0.74,0.00279,0.0
2025/11/14 10:00,2.33,0.00294,0.0
2025/11/14 11:00,3.45,0.0029300000000000003,1564.5
2025/11/14 12:00,4.29,0.00283,1088.56
2025/11/14 13:00,5.04,0.0027400000000000002,475.41
2025/11/14 14:00,5.9,0.00275,0.0
2025/11/14 15:00,6.6,0.0028799999999999997,0.0
2025/11/14 16:00,6.36,0.00294,0.0
2025/11/14 17:00,5.73,0.00299,0.0
2025/11/14 18:00,4.9,0.0030099999999999997,0.0
2025/11/14 19:00,4.04,0.00298,0.0
2025/11/14 20:00,3.3,0.00292,0.0
2025/11/14 21:00,2.82,0.00282,0.0
2025/11/14 22:00,2.55,0.00271,0.0
2025/11/14 23:00,2.41,0.00259,0.0
2025/11/15 0:00,2.29,0.00248,0.0
2025/11/15 1:00,2.12,0.0023799999999999997,0.0
2025/11/15 2:00,1.8,0.00232,0.0
2025/11/15 3:00,1.28,0.0023,0.0
2025/11/15 4:00,0.65,0.0023,0.0
2025/11/15 5:00,0.04,0.00232,0.0
2025/11/15 6:00,-0.42,0.0023,0.0
2025/11/15 7:00,-0.6,0.00231,0.0
2025/11/15 8:00,1.4,0.00268,0.0
2025/11/15 9:00,3.84,0.0030099999999999997,0.0
2025/11/15 10:00,5.66,0.0031,0.0
2025/11/15 11:00,7.0,0.00299,403.62
2025/11/15 12:00,8.02,0.00276,9850.59
2025/11/15 13:00,8.87,0.00249,19966.38
2025/11/15 14:00,9.7,0.00231,26543.87
2025/11/15 15:00,10.3,0.0022400000000000002,34058.32
2025/11/15 16:00,9.99,0.0022,27235.01
2025/11/15 17:00,9.19,0.0022299999999999998,0.0
2025/11/15 18:00,8.07,0.00229,0.0
2025/11/15 19:00,6.82,0.0023799999999999997,0.0
2025/11/15 20:00,5.6,0.0024700000000000004,0.0
2025/11/15 21:00,4.56,0.00259,0.0
2025/11/15 22:00,3.69,0.00271,0.0
2025/11/15 23:00,2.95,0.00282,0.0
2025/11/16 0:00,2.28,0.0029100000000000003,0.0
2025/11/16 1:00,1.65,0.00297,0.0
2025/11/16 2:00,1.0,0.00297,0.0
2025/11/16 3:00,0.31,0.0029100000000000003,0.0
2025/11/16 4:00,-0.36,0.00276,0.0
2025/11/16 5:00,-0.94,0.00262,0.0
2025/11/16 6:00,-1.35,0.00246,0.0
2025/11/16 7:00,-1.5,0.0023,0.0
2025/11/16 8:00,3.0,0.003,0.0
2025/11/16 9:00,8.06,0.00377,0.0
2025/11/16 10:00,11.23,0.0039700000000000004,2419.34
2025/11/16 11:00,12.96,0.00366,26007.09
2025/11/16 12:00,13.73,0.00309,51194.51
2025/11/16 13:00,13.99,0.00257,58391.65
2025/11/16 14:00,14.2,0.0023,6768.95
2025/11/16 15:00,14.5,0.00239,45250.24
2025/11/16 16:00,14.11,0.00266,64701.21
2025/11/16 17:00,13.12,0.00298,0.0
2025/11/16 18:00,11.78,0.0032400000000000003,0.0
2025/11/16 19:00,10.35,0.00342,0.0
2025/11/16 20:00,9.1,0.0035099999999999997,0.0
2025/11/16 21:00,8.22,0.0035299999999999997,0.0
2025/11/16 22:00,7.64,0.00352,0.0
2025/11/16 23:00,7.22,0.00347,0.0
2025/11/17 0:00,6.83,0.0033799999999999998,0.0
2025/11/17 1:00,6.34,0.00328,0.0
2025/11/17 2:00,5.6,0.00314,0.0
2025/11/17 3:00,4.54,0.00298,0.0
2025/11/17 4:00,3.33,0.0028,0.0
2025/11/17 5:00,2.18,0.00263,0.0
2025/11/17 6:00,1.33,0.00248,0.0
2025/11/17 7:00,1.0,0.0023799999999999997,0.0
2025/11/17 8:00,5.2,0.0030600000000000002,0.0
2025/11/17 9:00,9.77,0.00381,0.0
2025/11/17 10:00,12.43,0.00398,3073.41
2025/11/17 11:00,13.74,0.00367,0.0
2025/11/17 12:00,14.21,0.00315,21819.85
2025/11/17 13:00,14.39,0.00269,65253.94
2025/11/17 14:00,14.8,0.00249,86118.32
2025/11/17 15:00,15.4,0.00264,77226.06
2025/11/17 16:00,14.97,0.0028799999999999997,17774.99
2025/11/17 17:00,13.86,0.00316,0.0
2025/11/17 18:00,12.33,0.0033799999999999998,0.0
2025/11/17 19:00,10.66,0.0035099999999999997,0.0
2025/11/17 20:00,9.1,0.00357,0.0
2025/11/17 21:00,7.87,0.00359,0.0
2025/11/17 22:00,6.92,0.0036,0.0
2025/11/17 23:00,6.17,0.00362,0.0
2025/11/18 0:00,5.51,0.00365,0.0
2025/11/18 1:00,4.86,0.00368,0.0
2025/11/18 2:00,4.1,0.0037,0.0
2025/11/18 3:00,3.19,0.0037099999999999998,0.0
2025/11/18 4:00,2.23,0.0037,0.0
2025/11/18 5:00,1.37,0.00365,0.0
2025/11/18 6:00,0.74,0.0035800000000000003,0.0
2025/11/18 7:00,0.5,0.0035,0.0
2025/11/18 8:00,1.6,0.00361,0.0
2025/11/18 9:00,3.87,0.00381,0.0
2025/11/18 10:00,6.67,0.00393,7456.55
2025/11/18 11:00,9.63,0.0038599999999999997,15668.82
2025/11/18 12:00,12.39,0.0035499999999999998,0.0
2025/11/18 13:00,14.57,0.00311,19414.25
2025/11/18 14:00,15.8,0.00278,944.0
2025/11/18 15:00,16.0,0.00285,27138.91
2025/11/18 16:00,15.35,0.00325,28033.78
2025/11/18 17:00,13.7,0.00366,0.0
2025/11/18 18:00,11.53,0.00392,0.0
2025/11/18 19:00,9.31,0.00398,0.0
2025/11/18 20:00,7.5,0.00392,0.0
2025/11/18 21:00,6.46,0.00381,0.0
2025/11/18 22:00,6.07,0.0037099999999999998,0.0
2025/11/18 23:00,6.11,0.0036,0.0
2025/11/19 0:00,6.37,0.00348,0.0
2025/11/19 1:00,6.6,0.0033399999999999997,0.0
2025/11/19 2:00,6.6,0.0032,0.0
2025/11/19 3:00,6.2,0.0030600000000000002,0.0
2025/11/19 4:00,5.54,0.0029300000000000003,0.0
2025/11/19 5:00,4.82,0.00282,0.0
2025/11/19 6:00,4.24,0.00272,0.0
2025/11/19 7:00,4.0,0.00264,0.0
2025/11/19 8:00,6.8,0.0030600000000000002,0.0
2025/11/19 9:00,10.23,0.00352,0.0
2025/11/19 10:00,12.75,0.00362,0.0
2025/11/19 11:00,14.5,0.0034100000000000003,407.02
2025/11/19 12:00,15.63,0.00304,43958.91
2025/11/19 13:00,16.28,0.0027,74562.44
2025/11/19 14:00,16.6,0.00257,93015.97
2025/11/19 15:00,16.7,0.00279,102418.37
2025/11/19 16:00,16.21,0.00321,86838.86
2025/11/19 17:00,14.94,0.00362,2596.55
2025/11/19 18:00,13.19,0.00392,0.0
2025/11/19 19:00,11.24,0.004070000000000001,0.0
2025/11/19 20:00,9.4,0.0040999999999999995,0.0
2025/11/19 21:00,7.89,0.004070000000000001,0.0
2025/11/19 22:00,6.71,0.004019999999999999,0.0
2025/11/19 23:00,5.79,0.00398,0.0
2025/11/20 0:00,5.06,0.00395,0.0
2025/11/20 1:00,4.45,0.00392,0.0
2025/11/20 2:00,3.9,0.00391,0.0
2025/11/20 3:00,3.35,0.0039,0.0
2025/11/20 4:00,2.83,0.0038900000000000002,0.0
2025/11/20 5:00,2.4,0.00385,0.0
2025/11/20 6:00,2.11,0.00378,0.0
2025/11/20 7:00,2.0,0.00366,0.0
2025/11/20 8:00,4.7,0.00419,0.0
2025/11/20 9:00,8.15,0.00481,0.0
2025/11/20 10:00,10.91,0.005,366.18
2025/11/20 11:00,13.08,0.0048,13021.86
2025/11/20 12:00,14.79,0.00433,29106.25
2025/11/20 13:00,16.15,0.00383,45751.88
2025/11/20 14:00,17.3,0.0035600000000000002,59424.9
2025/11/20 15:00,18.0,0.00367,58494.13
2025/11/20 16:00,17.44,0.00393,9993.89
2025/11/20 17:00,16.0,0.00424,0.0
2025/11/20 18:00,14.01,0.0044599999999999996,0.0
2025/11/20 19:00,11.83,0.00454,0.0
2025/11/20 20:00,9.8,0.00452,0.0
2025/11/20 21:00,8.19,0.0044599999999999996,0.0
2025/11/20 22:00,6.96,0.00441,0.0
2025/11/20 23:00,6.02,0.00437,0.0
2025/11/21 0:00,5.27,0.00434,0.0
2025/11/21 1:00,4.6,0.00431,0.0
2025/11/21 2:00,3.9,0.0042699999999999995,0.0
2025/11/21 3:00,3.11,0.004200000000000001,0.0
2025/11/21 4:00,2.31,0.0040999999999999995,0.0
2025/11/21 5:00,1.6,0.0039700000000000004,0.0
2025/11/21 6:00,1.09,0.00383,0.0
2025/11/21 7:00,0.9,0.00368,0.0
2025/11/21 8:00,3.5,0.00415,0.0
2025/11/21 9:00,7.14,0.0047599999999999995,0.0
2025/11/21 10:00,10.36,0.00501,0.0
2025/11/21 11:00,13.1,0.004849999999999999,407.6
2025/11/21 12:00,15.25,0.00437,55654.51
2025/11/21 13:00,16.75,0.0038,49314.72
2025/11/21 14:00,17.5,0.00348,2241.79
2025/11/21 15:00,17.6,0.00369,0.0
2025/11/21 16:00,16.94,0.0042699999999999995,9370.1
2025/11/21 17:00,15.23,0.0048200000000000005,0.0
2025/11/21 18:00,12.89,0.00513,0.0
2025/11/21 19:00,10.35,0.0051600000000000005,0.0
2025/11/21 20:00,8.0,0.00501,0.0
2025/11/21 21:00,6.19,0.00479,0.0
2025/11/21 22:00,4.88,0.00458,0.0
2025/11/21 23:00,3.96,0.00439,0.0
2025/11/22 0:00,3.32,0.00423,0.0
2025/11/22 1:00,2.84,0.004070000000000001,0.0
2025/11/22 2:00,2.4,0.00393,0.0
2025/11/22 3:00,1.92,0.00379,0.0
2025/11/22 4:00,1.44,0.00365,0.0
2025/11/22 5:00,1.02,0.00352,0.0
2025/11/22 6:00,0.71,0.0033799999999999998,0.0
2025/11/22 7:00,0.6,0.0032400000000000003,0.0
2025/11/22 8:00,2.4,0.00348,0.0
2025/11/22 9:00,5.05,0.0038399999999999997,0.0
2025/11/22 10:00,7.51,0.004059999999999999,0.0
2025/11/22 11:00,9.67,0.00413,0.0
2025/11/22 12:00,11.37,0.004070000000000001,0.0
2025/11/22 13:00,12.5,0.0039900000000000005,0.0
2025/11/22 14:00,12.9,0.00398,14677.21
2025/11/22 15:00,12.53,0.00414,0.0
2025/11/22 16:00,11.57,0.00439,0.0
2025/11/22 17:00,10.22,0.00463,0.0
2025/11/22 18:00,8.69,0.00481,0.0
2025/11/22 19:00,7.18,0.004900000000000001,0.0
2025/11/22 20:00,5.9,0.00492,0.0
2025/11/22 21:00,5.0,0.00491,0.0
2025/11/22 22:00,4.41,0.004889999999999999,0.0
2025/11/22 23:00,4.0,0.004849999999999999,0.0
2025/11/23 0:00,3.63,0.00477,0.0
2025/11/23 1:00,3.17,0.00462,0.0
2025/11/23 2:00,2.5,0.00439,0.0
2025/11/23 3:00,1.54,0.00408,0.0
2025/11/23 4:00,0.43,0.0037400000000000003,0.0
2025/11/23 5:00,-0.62,0.0033799999999999998,0.0
2025/11/23 6:00,-1.4,0.00312,0.0
2025/11/23 7:00,-1.7,0.00296,0.0
2025/11/23 8:00,1.9,0.00381,0.0
2025/11/23 9:00,6.03,0.0048200000000000005,0.0
2025/11/23 10:00,8.72,0.00543,0.0
2025/11/23 11:00,10.27,0.00563,0.0
2025/11/23 12:00,10.99,0.00556,0.0
2025/11/23 13:00,11.2,0.00542,0.0
2025/11/23 14:00,11.2,0.00541,0.0
2025/11/23 15:00,10.87,0.00552,0.0
2025/11/23 16:00,10.02,0.00556,0.0
2025/11/23 17:00,8.88,0.00551,0.0
2025/11/23 18:00,7.66,0.00535,0.0
2025/11/23 19:00,6.6,0.00509,0.0
2025/11/23 20:00,5.9,0.0047599999999999995,0.0
2025/11/23 21:00,5.75,0.00437,0.0
2025/11/23 22:00,6.09,0.00392,0.0
2025/11/23 23:00,6.84,0.0034300000000000003,0.0
2025/11/24 0:00,7.91,0.00292,0.0
2025/11/24 1:00,9.19,0.0024300000000000003,0.0
2025/11/24 2:00,10.6,0.00207,0.0
2025/11/24 3:00,11.93,0.0019199999999999998,0.0
2025/11/24 4:00,12.5,0.0019399999999999999,0.0
2025/11/24 5:00,11.79,0.00198,0.0
2025/11/24 6:00,10.32,0.002,0.0
2025/11/24 7:00,8.86,0.002,0.0
2025/11/24 8:00,8.2,0.0020299999999999997,0.0
2025/11/24 9:00,8.33,0.00204,0.0
2025/11/24 10:00,8.64,0.00198,466.15
2025/11/24 11:00,9.05,0.0018700000000000001,11018.98
2025/11/24 12:00,9.46,0.00172,30607.14
2025/11/24 13:00,9.77,0.00156,44091.48
2025/11/24 14:00,9.9,0.0014399999999999999,52866.78
2025/11/24 15:00,9.25,0.00133,16620.0
2025/11/24 16:00,7.74,0.00123,24190.33
2025/11/24 17:00,5.98,0.00115,0.0
2025/11/24 18:00,4.62,0.00113,0.0
2025/11/24 19:00,4.3,0.0012,0.0
2025/11/24 20:00,5.1,0.00136,0.0
2025/11/24 21:00,5.42,0.00147,0.0
2025/11/24 22:00,5.0,0.00148,0.0
2025/11/24 23:00,4.07,0.0014299999999999998,0.0
2025/11/25 0:00,2.83,0.00132,0.0
2025/11/25 1:00,1.5,0.00121,0.0
2025/11/25 2:00,0.3,0.00111,0.0
2025/11/25 3:00,-0.6,0.00103,0.0
2025/11/25 4:00,-1.2,0.0009699999999999999,0.0
2025/11/25 5:00,-1.57,0.00092,0.0
2025/11/25 6:00,-1.75,0.00087,0.0
2025/11/25 7:00,-1.8,0.0008100000000000001,0.0
2025/11/25 8:00,-0.6,0.0008100000000000001,0.0
2025/11/25 9:00,0.7,0.00079,0.0
2025/11/25 10:00,1.54,0.0007,51.89
2025/11/25 11:00,2.15,0.0005899999999999999,5697.01
2025/11/25 12:00,2.78,0.00051,22554.43
2025/11/25 13:00,3.68,0.00047,35199.51
2025/11/25 14:00,5.1,0.00054,42194.15
2025/11/25 15:00,6.4,0.0007199999999999999,54125.53
2025/11/25 16:00,5.92,0.00091,37183.96
2025/11/25 17:00,4.75,0.00107,0.0
2025/11/25 18:00,3.27,0.0011799999999999998,0.0
2025/11/25 19:00,1.89,0.00123,0.0
2025/11/25 20:00,1.0,0.00125,0.0
2025/11/25 21:00,0.87,0.00127,0.0
2025/11/25 22:00,1.33,0.00128,0.0
2025/11/25 23:00,2.06,0.00127,0.0
2025/11/26 0:00,2.79,0.00123,0.0
2025/11/26 1:00,3.2,0.00116,0.0
2025/11/26 2:00,3.0,0.00107,0.0
2025/11/26 3:00,2.01,0.0009699999999999999,0.0
2025/11/26 4:00,0.52,0.00088,0.0
2025/11/26 5:00,-1.05,0.00079,0.0
2025/11/26 6:00,-2.29,0.00074,0.0
2025/11/26 7:00,-2.8,0.00074,0.0
2025/11/26 8:00,0.1,0.00098,0.0
2025/11/26 9:00,2.94,0.00122,0.0
2025/11/26 10:00,4.17,0.00133,281.2
2025/11/26 11:00,4.34,0.00134,9125.74
2025/11/26 12:00,3.98,0.00132,27037.59
2025/11/26 13:00,3.62,0.00131,37711.06
2025/11/26 14:00,3.8,0.00138,41829.02
2025/11/26 15:00,4.4,0.0015400000000000001,51170.37
2025/11/26 16:00,4.06,0.0016200000000000001,33689.48
2025/11/26 17:00,3.2,0.00165,0.0
2025/11/26 18:00,2.08,0.0016200000000000001,0.0
2025/11/26 19:00,0.96,0.00155,0.0
2025/11/26 20:00,0.1,0.00148,0.0
2025/11/26 21:00,-0.33,0.00138,0.0
2025/11/26 22:00,-0.43,0.00131,0.0
2025/11/26 23:00,-0.39,0.00126,0.0
2025/11/27 0:00,-0.4,0.00123,0.0
2025/11/27 1:00,-0.64,0.00122,0.0
2025/11/27 2:00,-1.3,0.00124,0.0
2025/11/27 3:00,-2.48,0.00128,0.0
2025/11/27 4:00,-3.94,0.00131,0.0
2025/11/27 5:00,-5.37,0.00132,0.0
2025/11/27 6:00,-6.47,0.00133,0.0
2025/11/27 7:00,-6.9,0.00136,0.0
2025/11/27 8:00,-4.8,0.00165,0.0
2025/11/27 9:00,-2.0,0.00198,0.0
2025/11/27 10:00,0.34,0.00216,4567.97
2025/11/27 11:00,2.22,0.0021000000000000003,6787.51
2025/11/27 12:00,3.67,0.0019,0.0
2025/11/27 13:00,4.69,0.00164,5107.91
2025/11/27 14:00,5.3,0.0014299999999999998,0.0
2025/11/27 15:00,5.5,0.0013700000000000001,0.0
2025/11/27 16:00,5.11,0.00141,307.16
2025/11/27 17:00,4.12,0.0015,0.0
2025/11/27 18:00,2.79,0.0016,0.0
2025/11/27 19:00,1.4,0.0016699999999999998,0.0
2025/11/27 20:00,0.2,0.00172,0.0
2025/11/27 21:00,-0.6,0.00174,0.0
2025/11/27 22:00,-1.06,0.00176,0.0
2025/11/27 23:00,-1.29,0.0017900000000000001,0.0
2025/11/28 0:00,-1.43,0.00183,0.0
2025/11/28 1:00,-1.59,0.00183,0.0
2025/11/28 2:00,-1.9,0.0018,0.0
2025/11/28 3:00,-2.43,0.00174,0.0
2025/11/28 4:00,-3.08,0.00166,0.0
2025/11/28 5:00,-3.72,0.00158,0.0
2025/11/28 6:00,-4.21,0.0015,0.0
2025/11/28 7:00,-4.4,0.0014399999999999999,0.0
2025/11/28 8:00,-1.2,0.00181,0.0
2025/11/28 9:00,2.25,0.00222,0.0
2025/11/28 10:00,4.24,0.00234,0.0
2025/11/28 11:00,5.16,0.00227,0.0
2025/11/28 12:00,5.43,0.00211,0.0
2025/11/28 13:00,5.48,0.00199,0.0
2025/11/28 14:00,5.7,0.002,0.0
2025/11/28 15:00,6.1,0.00216,1245.41
2025/11/28 16:00,5.85,0.00233,0.0
2025/11/28 17:00,5.18,0.00248,0.0
2025/11/28 18:00,4.18,0.00257,0.0
2025/11/28 19:00,2.95,0.00257,0.0
2025/11/28 20:00,1.6,0.00248,0.0
2025/11/28 21:00,0.26,0.00232,0.0
2025/11/28 22:00,-0.78,0.00213,0.0
2025/11/28 23:00,-1.2,0.00204,0.0
2025/11/29 0:00,-0.53,0.00211,0.0
2025/11/29 1:00,0.89,0.00233,0.0
2025/11/29 2:00,2.2,0.0025299999999999997,0.0
2025/11/29 3:00,2.74,0.00264,0.0
2025/11/29 4:00,2.64,0.00264,0.0
2025/11/29 5:00,2.23,0.0025800000000000003,0.0
2025/11/29 6:00,1.84,0.00249,0.0
2025/11/29 7:00,1.78,0.0024,0.0
2025/11/29 8:00,2.4,0.00235,0.0
2025/11/29 9:00,3.88,0.00232,0.0
2025/11/29 10:00,5.87,0.00226,0.0
2025/11/29 11:00,7.9,0.00213,1061.85
2025/11/29 12:00,9.47,0.00191,13109.6
2025/11/29 13:00,10.1,0.0016799999999999999,26126.78
2025/11/29 14:00,9.2,0.00152,21985.44
2025/11/29 15:00,7.75,0.00157,0.0
2025/11/29 16:00,6.26,0.00176,273.96
2025/11/29 17:00,4.84,0.00198,0.0
2025/11/29 18:00,3.61,0.00217,0.0
2025/11/29 19:00,2.69,0.00228,0.0
2025/11/29 20:00,2.2,0.00231,0.0
2025/11/29 21:00,2.19,0.0022299999999999998,0.0
2025/11/29 22:00,2.51,0.00207,0.0
2025/11/29 23:00,2.95,0.00183,0.0
2025/11/30 0:00,3.29,0.00156,0.0
2025/11/30 1:00,3.31,0.00131,0.0
2025/11/30 2:00,2.8,0.00115,0.0
2025/11/30 3:00,1.65,0.00113,0.0
2025/11/30 4:00,0.12,0.00117,0.0
2025/11/30 5:00,-1.43,0.00122,0.0
2025/11/30 6:00,-2.62,0.00128,0.0
2025/11/30 7:00,-3.1,0.00136,0.0
2025/11/30 8:00,-2.1,0.0015400000000000001,0.0
2025/11/30 9:00,-0.57,0.0016799999999999999,0.0
2025/11/30 10:00,0.94,0.00172,0.0
2025/11/30 11:00,2.37,0.00163,0.0
2025/11/30 12:00,3.67,0.00146,15947.84
2025/11/30 13:00,4.77,0.0012900000000000001,9354.08
2025/11/30 14:00,5.6,0.0011799999999999998,0.0
2025/11/30 15:00,6.0,0.00121,0.0
2025/11/30 16:00,5.52,0.00133,0.0
2025/11/30 17:00,4.32,0.00146,0.0
2025/11/30 18:00,2.74,0.00156,0.0
2025/11/30 19:00,1.12,0.00163,0.0
2025/11/30 20:00,-0.2,0.00166,0.0
2025/11/30 21:00,-0.95,0.0016899999999999999,0.0
2025/11/30 22:00,-1.24,0.00175,0.0
2025/11/30 23:00,-1.22,0.00183,0.0
2025/12/1 0:00,-1.1,0.0019199999999999998,0.0
2025/12/1 1:00,-1.03,0.00202,0.0
2025/12/1 2:00,-1.2,0.00212,0.0
2025/12/1 3:00,-1.73,0.0022,0.0
2025/12/1 4:00,-2.47,0.0022299999999999998,0.0
2025/12/1 5:00,-3.25,0.0022400000000000002,0.0
2025/12/1 6:00,-3.85,0.00222,0.0
2025/12/1 7:00,-4.1,0.00222,0.0
2025/12/1 8:00,-4.0,0.00219,0.0
2025/12/1 9:00,-3.0,0.00221,0.0
2025/12/1 10:00,-1.17,0.0023,0.0
2025/12/1 11:00,1.13,0.0023799999999999997,0.0
2025/12/1 12:00,3.53,0.00237,0.0
2025/12/1 13:00,5.64,0.00232,712.18
2025/12/1 14:00,7.1,0.0023,0.0
2025/12/1 15:00,7.6,0.0023799999999999997,0.0
2025/12/1 16:00,7.12,0.00252,0.0
2025/12/1 17:00,5.89,0.00267,0.0
2025/12/1 18:00,4.21,0.00275,0.0
2025/12/1 19:00,2.38,0.00277,0.0
2025/12/1 20:00,0.7,0.00273,0.0
2025/12/1 21:00,-0.58,0.00264,0.0
2025/12/1 22:00,-1.48,0.00257,0.0
2025/12/1 23:00,-2.06,0.0025,0.0
2025/12/2 0:00,-2.41,0.00242,0.0
2025/12/2 1:00,-2.6,0.00234,0.0
2025/12/2 2:00,-2.7,0.0022400000000000002,0.0
2025/12/2 3:00,-2.77,0.00212,0.0
2025/12/2 4:00,-2.83,0.00197,0.0
2025/12/2 5:00,-2.87,0.00181,0.0
2025/12/2 6:00,-2.89,0.00165,0.0
2025/12/2 7:00,-2.9,0.00151,0.0
2025/12/2 8:00,0.3,0.00183,0.0
2025/12/2 9:00,3.68,0.00219,0.0
2025/12/2 10:00,5.5,0.00239,0.0
2025/12/2 11:00,6.18,0.00246,0.0
2025/12/2 12:00,6.14,0.00246,0.0
2025/12/2 13:00,5.81,0.0024500000000000004,0.0
2025/12/2 14:00,5.6,0.0025,1359.66
2025/12/2 15:00,5.4,0.0025800000000000003,0.0
2025/12/2 16:00,4.91,0.00263,0.0
2025/12/2 17:00,4.29,0.00265,0.0
2025/12/2 18:00,3.71,0.00267,0.0
2025/12/2 19:00,3.33,0.00271,0.0
2025/12/2 20:00,3.3,0.00279,0.0
2025/12/2 21:00,3.6,0.00292,0.0
2025/12/2 22:00,3.61,0.00296,0.0
2025/12/2 23:00,3.3,0.00292,0.0
2025/12/3 0:00,2.86,0.0028399999999999996,0.0
2025/12/3 1:00,2.47,0.00276,0.0
2025/12/3 2:00,2.3,0.0027400000000000002,0.0
2025/12/3 3:00,2.24,0.0027400000000000002,0.0
2025/12/3 4:00,2.09,0.00273,0.0
2025/12/3 5:00,1.9,0.00272,0.0
2025/12/3 6:00,1.71,0.00271,0.0
2025/12/3 7:00,1.56,0.00272,0.0
2025/12/3 8:00,1.5,0.00275,0.0
2025/12/3 9:00,1.3,0.00276,0.0
2025/12/3 10:00,1.16,0.00278,0.0
2025/12/3 11:00,1.19,0.00283,0.0
2025/12/3 12:00,1.35,0.0029,0.0
2025/12/3 13:00,1.57,0.00299,0.0
2025/12/3 14:00,1.8,0.00307,0.0
2025/12/3 15:00,2.0,0.00313,0.0
2025/12/3 16:00,2.14,0.00319,0.0
2025/12/3 17:00,2.22,0.0032400000000000003,0.0
2025/12/3 18:00,2.21,0.00329,0.0
2025/12/3 19:00,2.11,0.00335,0.0
2025/12/3 20:00,1.9,0.00344,0.0
2025/12/3 21:00,1.58,0.0035299999999999997,0.0
2025/12/3 22:00,1.18,0.00362,0.0
2025/12/3 23:00,0.74,0.00368,0.0
2025/12/4 0:00,0.3,0.0037,0.0
2025/12/4 1:00,-0.09,0.0036,0.0
2025/12/4 2:00,-0.4,0.0034500000000000004,0.0
2025/12/4 3:00,-0.59,0.00322,0.0
2025/12/4 4:00,-0.69,0.0029300000000000003,0.0
2025/12/4 5:00,-0.71,0.00259,0.0
2025/12/4 6:00,-0.71,0.0022299999999999998,0.0
2025/12/4 7:00,-0.7,0.0018700000000000001,0.0
2025/12/4 8:00,2.1,0.0019199999999999998,0.0
2025/12/4 9:00,5.01,0.0019299999999999999,0.0
2025/12/4 10:00,6.51,0.0017800000000000001,559.15
2025/12/4 11:00,7.0,0.00156,7497.72
2025/12/4 12:00,6.89,0.0013700000000000001,0.0
2025/12/4 13:00,6.59,0.00126,7362.32
2025/12/4 14:00,6.5,0.00124,27454.98
2025/12/4 15:00,6.7,0.00134,52999.79
2025/12/4 16:00,6.46,0.00145,34972.65
2025/12/4 17:00,5.83,0.00155,0.0
2025/12/4 18:00,4.95,0.0016200000000000001,0.0
2025/12/4 19:00,3.96,0.00166,0.0
2025/12/4 20:00,3.0,0.0016699999999999998,0.0
2025/12/4 21:00,2.18,0.00165,0.0
2025/12/4 22:00,1.47,0.0016200000000000001,0.0
2025/12/4 23:00,0.8,0.00159,0.0
2025/12/5 0:00,0.1,0.00156,0.0
2025/12/5 1:00,-0.67,0.0015,0.0
2025/12/5 2:00,-1.6,0.00146,0.0
2025/12/5 3:00,-2.7,0.0014299999999999998,0.0
2025/12/5 4:00,-3.85,0.0014,0.0
2025/12/5 5:00,-4.88,0.0013700000000000001,0.0
2025/12/5 6:00,-5.62,0.00135,0.0
2025/12/5 7:00,-5.9,0.00136,0.0
2025/12/5 8:00,-4.0,0.00159,0.0
2025/12/5 9:00,-1.6,0.00188,0.0
2025/12/5 10:00,0.31,0.00206,0.0
2025/12/5 11:00,1.84,0.0020800000000000003,0.0
2025/12/5 12:00,3.12,0.0020099999999999996,6077.45
2025/12/5 13:00,4.26,0.00189,0.0
2025/12/5 14:00,5.4,0.00176,0.0
2025/12/5 15:00,6.2,0.00163,0.0
2025/12/5 16:00,6.01,0.00145,3614.0
2025/12/5 17:00,5.53,0.00128,0.0
2025/12/5 18:00,4.89,0.00115,0.0
2025/12/5 19:00,4.2,0.0010500000000000002,0.0
2025/12/5 20:00,3.6,0.0009699999999999999,0.0
2025/12/5 21:00,3.17,0.00091,0.0
2025/12/5 22:00,2.85,0.00088,0.0
2025/12/5 23:00,2.53,0.00087,0.0
2025/12/6 0:00,2.12,0.0009,0.0
2025/12/6 1:00,1.51,0.0009599999999999999,0.0
2025/12/6 2:00,0.6,0.0010500000000000002,0.0
2025/12/6 3:00,-0.65,0.00114,0.0
2025/12/6 4:00,-2.05,0.00122,0.0
2025/12/6 5:00,-3.36,0.00127,0.0
2025/12/6 6:00,-4.32,0.0013,0.0
2025/12/6 7:00,-4.7,0.00134,0.0
2025/12/6 8:00,-3.4,0.00151,0.0
2025/12/6 9:00,-1.5,0.00166,0.0
2025/12/6 10:00,0.32,0.00172,0.0
2025/12/6 11:00,2.07,0.00164,1405.07
2025/12/6 12:00,3.71,0.00149,15886.92
2025/12/6 13:00,5.26,0.00134,31638.97
2025/12/6 14:00,6.7,0.00126,30371.17
2025/12/6 15:00,7.6,0.00133,0.0
2025/12/6 16:00,7.15,0.00145,0.0
2025/12/6 17:00,5.99,0.00159,0.0
2025/12/6 18:00,4.44,0.0016899999999999999,0.0
2025/12/6 19:00,2.81,0.00172,0.0
2025/12/6 20:00,1.4,0.0017,0.0
2025/12/6 21:00,0.44,0.00164,0.0
2025/12/6 22:00,-0.13,0.00156,0.0
2025/12/6 23:00,-0.46,0.00149,0.0
2025/12/7 0:00,-0.71,0.00146,0.0
2025/12/7 1:00,-1.0,0.00145,0.0
2025/12/7 2:00,-1.5,0.00148,0.0
2025/12/7 3:00,-2.29,0.0015400000000000001,0.0
2025/12/7 4:00,-3.23,0.0016200000000000001,0.0
2025/12/7 5:00,-4.14,0.0016799999999999999,0.0
2025/12/7 6:00,-4.83,0.00172,0.0
2025/12/7 7:00,-5.1,0.00176,0.0
2025/12/7 8:00,-4.4,0.00186,0.0
2025/12/7 9:00,-2.65,0.002,0.0
2025/12/7 10:00,-0.26,0.00212,0.0
2025/12/7 11:00,2.37,0.00215,0.0
2025/12/7 12:00,4.87,0.00202,0.0
2025/12/7 13:00,6.84,0.00181,4508.37
2025/12/7 14:00,7.9,0.00164,0.0
2025/12/7 15:00,8.0,0.00166,0.0
2025/12/7 16:00,7.46,0.0018700000000000001,0.0
2025/12/7 17:00,6.09,0.00212,0.0
2025/12/7 18:00,4.22,0.00231,0.0
2025/12/7 19:00,2.2,0.0024100000000000002,0.0
2025/12/7 20:00,0.4,0.00244,0.0
2025/12/7 21:00,-0.93,0.0024100000000000002,0.0
2025/12/7 22:00,-1.82,0.0024,0.0
2025/12/7 23:00,-2.39,0.0024,0.0
2025/12/8 0:00,-2.76,0.0024100000000000002,0.0
2025/12/8 1:00,-3.06,0.0024100000000000002,0.0
2025/12/8 2:00,-3.4,0.00237,0.0
2025/12/8 3:00,-3.86,0.00231,0.0
2025/12/8 4:00,-4.39,0.00221,0.0
2025/12/8 5:00,-4.89,0.00211,0.0
2025/12/8 6:00,-5.26,0.00199,0.0
2025/12/8 7:00,-5.4,0.00188,0.0
2025/12/8 8:00,-3.8,0.00199,0.0
2025/12/8 9:00,-1.1,0.00222,0.0
2025/12/8 10:00,1.8,0.0023799999999999997,0.0
2025/12/8 11:00,4.68,0.0023599999999999997,0.0
2025/12/8 12:00,7.3,0.00218,0.0
2025/12/8 13:00,9.42,0.00184,0.0
2025/12/8 14:00,10.8,0.0014399999999999999,0.0
2025/12/8 15:00,11.33,0.0011200000000000001,0.0
2025/12/8 16:00,11.4,0.00095,0.0
2025/12/8 17:00,11.11,0.00091,0.0
2025/12/8 18:00,10.37,0.00095,0.0
2025/12/8 19:00,9.43,0.00102,0.0
2025/12/8 20:00,8.5,0.0011,0.0
2025/12/8 21:00,7.75,0.00117,0.0
2025/12/8 22:00,7.13,0.00123,0.0
2025/12/8 23:00,6.53,0.0013,0.0
2025/12/9 0:00,5.83,0.00138,0.0
2025/12/9 1:00,4.92,0.00146,0.0
2025/12/9 2:00,3.7,0.0015300000000000001,0.0
2025/12/9 3:00,2.12,0.00158,0.0
2025/12/9 4:00,0.39,0.0016,0.0
2025/12/9 5:00,-1.19,0.00156,0.0
2025/12/9 6:00,-2.35,0.00152,0.0
2025/12/9 7:00,-2.8,0.00152,0.0
2025/12/9 8:00,-0.2,0.00185,0.0
2025/12/9 9:00,3.01,0.00216,0.0
2025/12/9 10:00,5.4,0.0022,130.92
2025/12/9 11:00,7.1,0.0020299999999999997,0.0
2025/12/9 12:00,8.21,0.00175,11563.32
2025/12/9 13:00,8.87,0.00151,2931.3
2025/12/9 14:00,9.2,0.0014399999999999999,22435.29
2025/12/9 15:00,9.3,0.00166,43985.56
2025/12/9 16:00,8.91,0.00204,22941.53
2025/12/9 17:00,7.84,0.00239,0.0
2025/12/9 18:00,6.19,0.00259,0.0
2025/12/9 19:00,4.11,0.00257,0.0
2025/12/9 20:00,1.7,0.00232,0.0
2025/12/9 21:00,-0.68,0.0019,0.0
2025/12/9 22:00,-1.8,0.0016200000000000001,0.0
2025/12/9 23:00,-0.61,0.00159,0.0
2025/12/10 0:00,2.21,0.0016899999999999999,0.0
2025/12/10 1:00,5.55,0.0017900000000000001,0.0
2025/12/10 2:00,8.3,0.00183,0.0
2025/12/10 3:00,9.4,0.00177,0.0
2025/12/10 4:00,9.13,0.00166,0.0
2025/12/10 5:00,8.45,0.00159,0.0
2025/12/10 6:00,7.58,0.0015300000000000001,0.0
2025/12/10 7:00,6.73,0.00145,0.0
2025/12/10 8:00,6.1,0.00134,0.0
2025/12/10 9:00,5.85,0.0011799999999999998,0.0
2025/12/10 10:00,5.92,0.001,416.06
2025/12/10 11:00,6.17,0.0008100000000000001,10902.36
2025/12/10 12:00,6.48,0.00063,29973.03
2025/12/10 13:00,6.74,0.00051,42431.1
2025/12/10 14:00,6.8,0.00049,46295.31
2025/12/10 15:00,6.58,0.0005899999999999999,52161.31
2025/12/10 16:00,6.12,0.0007700000000000001,28792.05
2025/12/10 17:00,5.49,0.00098,0.0
2025/12/10 18:00,4.74,0.00116,0.0
2025/12/10 19:00,3.96,0.0012900000000000001,0.0
2025/12/10 20:00,3.2,0.00133,0.0
2025/12/10 21:00,2.52,0.00128,0.0
2025/12/10 22:00,1.88,0.0011799999999999998,0.0
2025/12/10 23:00,1.24,0.00106,0.0
2025/12/11 0:00,0.54,0.0009599999999999999,0.0
2025/12/11 1:00,-0.25,0.0009,0.0
2025/12/11 2:00,-1.2,0.00091,0.0
2025/12/11 3:00,-2.31,0.00098,0.0
2025/12/11 4:00,-3.46,0.00107,0.0
2025/12/11 5:00,-4.49,0.00116,0.0
2025/12/11 6:00,-5.22,0.00123,0.0
2025/12/11 7:00,-5.5,0.0013,0.0
2025/12/11 8:00,-4.6,0.00141,0.0
2025/12/11 9:00,-2.95,0.00152,0.0
2025/12/11 10:00,-1.05,0.0015400000000000001,0.0
2025/12/11 11:00,0.96,0.00147,0.0
2025/12/11 12:00,2.9,0.00126,0.0
2025/12/11 13:00,4.6,0.00101,384.83
2025/12/11 14:00,5.9,0.0008,27046.9
2025/12/11 15:00,6.5,0.00073,46480.65
2025/12/11 16:00,6.03,0.0008,23393.43
2025/12/11 17:00,4.83,0.00095,0.0
2025/12/11 18:00,3.21,0.00111,0.0
2025/12/11 19:00,1.49,0.00125,0.0
2025/12/11 20:00,0.0,0.00135,0.0
2025/12/11 21:00,-1.03,0.00141,0.0
2025/12/11 22:00,-1.66,0.00149,0.0
2025/12/11 23:00,-2.02,0.00157,0.0
2025/12/12 0:00,-2.24,0.00165,0.0
2025/12/12 1:00,-2.46,0.00171,0.0
2025/12/12 2:00,-2.8,0.00175,0.0
2025/12/12 3:00,-3.36,0.00174,0.0
2025/12/12 4:00,-4.04,0.0017,0.0
2025/12/12 5:00,-4.7,0.00164,0.0
2025/12/12 6:00,-5.2,0.00159,0.0
2025/12/12 7:00,-5.4,0.00155,0.0
2025/12/12 8:00,-3.8,0.00171,0.0
2025/12/12 9:00,-1.54,0.00195,0.0
2025/12/12 10:00,0.56,0.00212,0.0
2025/12/12 11:00,2.51,0.00218,0.0
2025/12/12 12:00,4.34,0.00216,0.0
2025/12/12 13:00,6.06,0.00209,0.0
2025/12/12 14:00,7.7,0.0020099999999999996,418.65
2025/12/12 15:00,9.15,0.0019399999999999999,0.0
2025/12/12 16:00,9.8,0.00183,0.0
2025/12/12 17:00,9.16,0.00164,0.0
2025/12/12 18:00,7.79,0.00146,0.0
2025/12/12 19:00,6.47,0.00136,0.0
2025/12/12 20:00,6.0,0.00139,0.0
2025/12/12 21:00,6.72,0.00158,0.0
2025/12/12 22:00,7.1,0.0017800000000000001,0.0
2025/12/12 23:00,5.69,0.0018,0.0
2025/12/13 0:00,3.17,0.0016899999999999999,0.0
2025/12/13 1:00,0.77,0.0016,0.0
2025/12/13 2:00,-0.3,0.00163,0.0
2025/12/13 3:00,-0.36,0.00182,0.0
2025/12/13 4:00,-0.5,0.00199,0.0
2025/12/13 5:00,-0.71,0.00215,0.0
2025/12/13 6:00,-0.93,0.0023,0.0
2025/12/13 7:00,-1.14,0.0024300000000000003,0.0
2025/12/13 8:00,-1.3,0.00254,0.0
2025/12/13 9:00,-1.39,0.00265,0.0
2025/12/13 10:00,-1.41,0.0027400000000000002,0.0
2025/12/13 11:00,-1.39,0.00283,0.0
2025/12/13 12:00,-1.36,0.0029100000000000003,0.0
2025/12/13 13:00,-1.32,0.00297,0.0
2025/12/13 14:00,-1.3,0.00302,0.0
2025/12/13 15:00,-1.49,0.003,0.0
2025/12/13 16:00,-1.95,0.00292,0.0
2025/12/13 17:00,-2.46,0.00282,0.0
2025/12/13 18:00,-2.84,0.0027400000000000002,0.0
2025/12/13 19:00,-2.9,0.00273,0.0
2025/12/13 20:00,-2.6,0.00279,0.0
2025/12/13 21:00,-2.44,0.00282,0.0
2025/12/13 22:00,-2.51,0.00278,0.0
2025/12/13 23:00,-2.78,0.00271,0.0
2025/12/14 0:00,-3.21,0.00262,0.0
2025/12/14 1:00,-3.76,0.0025099999999999996,0.0
2025/12/14 2:00,-4.4,0.0024100000000000002,0.0
2025/12/14 3:00,-5.07,0.00232,0.0
2025/12/14 4:00,-5.72,0.00225,0.0
2025/12/14 5:00,-6.27,0.00218,0.0
2025/12/14 6:00,-6.66,0.00212,0.0
2025/12/14 7:00,-6.8,0.00206,0.0
2025/12/14 8:00,-4.3,0.0024300000000000003,0.0
2025/12/14 9:00,-1.56,0.0028,0.0
2025/12/14 10:00,0.12,0.0028599999999999997,0.0
2025/12/14 11:00,1.1,0.00262,0.0
2025/12/14 12:00,1.77,0.0023,0.0
2025/12/14 13:00,2.48,0.00204,0.0
2025/12/14 14:00,3.6,0.00196,0.0
2025/12/14 15:00,4.7,0.00207,0.0
2025/12/14 16:00,4.38,0.00218,0.0
2025/12/14 17:00,3.52,0.00233,0.0
2025/12/14 18:00,2.3,0.0024700000000000004,0.0
2025/12/14 19:00,0.87,0.0025499999999999997,0.0
2025/12/14 20:00,-0.6,0.0025299999999999997,0.0
2025/12/14 21:00,-1.97,0.00246,0.0
2025/12/14 22:00,-3.2,0.00237,0.0
2025/12/14 23:00,-4.28,0.00227,0.0
2025/12/15 0:00,-5.2,0.00218,0.0
2025/12/15 1:00,-5.94,0.0021000000000000003,0.0
2025/12/15 2:00,-6.5,0.00204,0.0
2025/12/15 3:00,-6.87,0.00199,0.0
2025/12/15 4:00,-7.08,0.00197,0.0
2025/12/15 5:00,-7.17,0.00196,0.0
2025/12/15 6:00,-7.2,0.00195,0.0
2025/12/15 7:00,-7.2,0.0019399999999999999,0.0
2025/12/15 8:00,-5.3,0.00228,0.0
2025/12/15 9:00,-3.54,0.00265,0.0
2025/12/15 10:00,-2.9,0.00279,0.0
2025/12/15 11:00,-2.97,0.00278,0.0
2025/12/15 12:00,-3.34,0.0027,0.0
2025/12/15 13:00,-3.58,0.00267,0.0
2025/12/15 14:00,-3.3,0.00277,0.0
2025/12/15 15:00,-2.27,0.0030499999999999998,0.0
2025/12/15 16:00,-1.07,0.00342,0.0
2025/12/15 17:00,-0.5,0.0035800000000000003,0.0
2025/12/15 18:00,-1.21,0.00337,0.0
2025/12/15 19:00,-2.73,0.0028799999999999997,0.0
2025/12/15 20:00,-4.2,0.0024,0.0
2025/12/15 21:00,-4.89,0.00204,0.0
2025/12/15 22:00,-4.77,0.0017800000000000001,0.0
2025/12/15 23:00,-3.97,0.00158,0.0
2025/12/16 0:00,-2.62,0.00139,0.0
2025/12/16 1:00,-0.85,0.00124,0.0
2025/12/16 2:00,1.2,0.00114,0.0
2025/12/16 3:00,3.21,0.00111,0.0
2025/12/16 4:00,4.1,0.0011,0.0
2025/12/16 5:00,2.99,0.0010400000000000001,0.0
2025/12/16 6:00,0.7,0.00095,0.0
2025/12/16 7:00,-1.57,0.0008399999999999999,0.0
2025/12/16 8:00,-2.6,0.0008100000000000001,0.0
2025/12/16 9:00,-2.37,0.00082,0.0
2025/12/16 10:00,-1.8,0.00082,0.0
2025/12/16 11:00,-1.05,0.00082,330.59
2025/12/16 12:00,-0.3,0.0008100000000000001,981.46
2025/12/16 13:00,0.27,0.00083,1755.35
2025/12/16 14:00,0.5,0.00085,0.0
2025/12/16 15:00,-0.04,0.0008900000000000001,0.0
2025/12/16 16:00,-1.34,0.0009,512.39
2025/12/16 17:00,-2.89,0.00091,0.0
2025/12/16 18:00,-4.21,0.00093,0.0
2025/12/16 19:00,-4.8,0.00098,0.0
2025/12/16 20:00,-4.5,0.00109,0.0
2025/12/16 21:00,-4.22,0.0011799999999999998,0.0
2025/12/16 22:00,-4.19,0.00121,0.0
2025/12/16 23:00,-4.37,0.00121,0.0
2025/12/17 0:00,-4.76,0.0011799999999999998,0.0
2025/12/17 1:00,-5.31,0.00114,0.0
2025/12/17 2:00,-6.0,0.00109,0.0
2025/12/17 3:00,-6.8,0.0010500000000000002,0.0
2025/12/17 4:00,-7.6,0.00102,0.0
2025/12/17 5:00,-8.31,0.00099,0.0
2025/12/17 6:00,-8.81,0.0009699999999999999,0.0
2025/12/17 7:00,-9.0,0.0009699999999999999,0.0
2025/12/17 8:00,-5.5,0.0013,0.0
2025/12/17 9:00,-1.86,0.00172,0.0
2025/12/17 10:00,0.01,0.00191,0.0
2025/12/17 11:00,0.61,0.00184,0.0
2025/12/17 12:00,0.41,0.00165,0.0
2025/12/17 13:00,-0.09,0.00141,0.0
2025/12/17 14:00,-0.4,0.00122,0.0
2025/12/17 15:00,-0.19,0.0011,0.0
2025/12/17 16:00,0.25,0.00103,0.0
2025/12/17 17:00,0.5,0.0009599999999999999,0.0
2025/12/17 18:00,0.3,0.0009,0.0
2025/12/17 19:00,-0.22,0.0008399999999999999,0.0
2025/12/17 20:00,-0.9,0.00082,0.0
2025/12/17 21:00,-1.63,0.0008399999999999999,0.0
2025/12/17 22:00,-2.38,0.00088,0.0
2025/12/17 23:00,-3.13,0.00092,0.0
2025/12/18 0:00,-3.86,0.0009599999999999999,0.0
2025/12/18 1:00,-4.55,0.00098,0.0
2025/12/18 2:00,-5.2,0.00098,0.0
2025/12/18 3:00,-5.78,0.00095,0.0
2025/12/18 4:00,-6.28,0.00091,0.0
2025/12/18 5:00,-6.66,0.00086,0.0
2025/12/18 6:00,-6.91,0.0008,0.0
2025/12/18 7:00,-7.0,0.00075,0.0
2025/12/18 8:00,-6.0,0.00076,0.0
2025/12/18 9:00,-5.01,0.00075,0.0
2025/12/18 10:00,-4.52,0.0007,0.0
2025/12/18 11:00,-4.28,0.00063,9.02
2025/12/18 12:00,-4.08,0.00057,1526.56
2025/12/18 13:00,-3.66,0.0005200000000000001,2907.41
2025/12/18 14:00,-2.8,0.0005,4434.26
2025/12/18 15:00,-1.51,0.00051,3881.78
2025/12/18 16:00,-0.8,0.00051,780.34
2025/12/18 17:00,-1.28,0.00049,0.0
2025/12/18 18:00,-2.47,0.00046,0.0
2025/12/18 19:00,-3.97,0.00043,0.0
2025/12/18 20:00,-5.4,0.00041999999999999996,0.0
2025/12/18 21:00,-6.46,0.00043,0.0
2025/12/18 22:00,-7.17,0.00045,0.0
2025/12/18 23:00,-7.67,0.00047999999999999996,0.0
2025/12/19 0:00,-8.06,0.0005,0.0
2025/12/19 1:00,-8.46,0.0005200000000000001,0.0
2025/12/19 2:00,-9.0,0.00051,0.0
2025/12/19 3:00,-9.75,0.00047999999999999996,0.0
2025/12/19 4:00,-10.59,0.00044,0.0
2025/12/19 5:00,-11.38,0.00039,0.0
2025/12/19 6:00,-11.97,0.00035,0.0
2025/12/19 7:00,-12.2,0.00031,0.0
2025/12/19 8:00,-9.4,0.00035999999999999997,0.0
2025/12/19 9:00,-6.5,0.00041,0.0
2025/12/19 10:00,-5.02,0.00041,0.0
2025/12/19 11:00,-4.55,0.00035999999999999997,254.64
2025/12/19 12:00,-4.69,0.00031,2653.23
2025/12/19 13:00,-5.04,0.00027,6543.21
2025/12/19 14:00,-5.2,0.00026000000000000003,7105.03
2025/12/19 15:00,-4.93,0.00028000000000000003,4308.78
2025/12/19 16:00,-4.7,0.00032,479.21
2025/12/19 17:00,-4.79,0.00037,0.0
2025/12/19 18:00,-5.02,0.00041999999999999996,0.0
2025/12/19 19:00,-5.34,0.00047,0.0
2025/12/19 20:00,-5.7,0.0005,0.0
2025/12/19 21:00,-6.05,0.00053,0.0
2025/12/19 22:00,-6.4,0.00054,0.0
2025/12/19 23:00,-6.75,0.0005600000000000001,0.0
2025/12/20 0:00,-7.11,0.00057,0.0
2025/12/20 1:00,-7.49,0.00058,0.0
2025/12/20 2:00,-7.9,0.0006,0.0
2025/12/20 3:00,-8.34,0.00063,0.0
2025/12/20 4:00,-8.77,0.00065,0.0
2025/12/20 5:00,-9.14,0.00068,0.0
2025/12/20 6:00,-9.4,0.0007099999999999999,0.0
2025/12/20 7:00,-9.5,0.00073,0.0
2025/12/20 8:00,-8.7,0.00079,0.0
2025/12/20 9:00,-7.65,0.00085,0.0
2025/12/20 10:00,-6.76,0.00088,0.0
2025/12/20 11:00,-5.97,0.0008900000000000001,0.0
2025/12/20 12:00,-5.24,0.00087,61.63
2025/12/20 13:00,-4.5,0.00085,547.81
2025/12/20 14:00,-3.7,0.0008399999999999999,102.05
2025/12/20 15:00,-2.89,0.00083,0.0
2025/12/20 16:00,-2.5,0.0008100000000000001,0.0
2025/12/20 17:00,-2.7,0.00075,0.0
2025/12/20 18:00,-3.21,0.0007,0.0
2025/12/20 19:00,-3.92,0.00064,0.0
2025/12/20 20:00,-4.7,0.0006,0.0
2025/12/20 21:00,-5.45,0.0005600000000000001,0.0
2025/12/20 22:00,-6.15,0.00053,0.0
2025/12/20 23:00,-6.81,0.00051,0.0
2025/12/21 0:00,-7.41,0.00049,0.0
2025/12/21 1:00,-7.98,0.00047,0.0
2025/12/21 2:00,-8.5,0.00046,0.0
2025/12/21 3:00,-8.98,0.00045,0.0
2025/12/21 4:00,-9.39,0.00044,0.0
2025/12/21 5:00,-9.71,0.00043,0.0
2025/12/21 6:00,-9.92,0.00041999999999999996,0.0
2025/12/21 7:00,-10.0,0.00041,0.0
2025/12/21 8:00,-9.4,0.00041,0.0
2025/12/21 9:00,-8.28,0.00041999999999999996,0.0
2025/12/21 10:00,-6.96,0.00041999999999999996,0.0
2025/12/21 11:00,-5.55,0.00041999999999999996,0.0
2025/12/21 12:00,-4.16,0.00041999999999999996,3602.96
2025/12/21 13:00,-2.9,0.00041999999999999996,10279.3
2025/12/21 14:00,-1.9,0.00044,12991.39
2025/12/21 15:00,-1.4,0.00047999999999999996,10706.64
2025/12/21 16:00,-1.58,0.0005200000000000001,0.0
2025/12/21 17:00,-2.04,0.0005600000000000001,0.0
2025/12/21 18:00,-2.64,0.0006,0.0
2025/12/21 19:00,-3.24,0.00063,0.0
2025/12/21 20:00,-3.7,0.00065,0.0
2025/12/21 21:00,-3.93,0.00065,0.0
2025/12/21 22:00,-4.0,0.00065,0.0
2025/12/21 23:00,-3.99,0.00063,0.0
2025/12/22 0:00,-4.02,0.00062,0.0
2025/12/22 1:00,-4.19,0.0005899999999999999,0.0
2025/12/22 2:00,-4.6,0.00055,0.0
2025/12/22 3:00,-5.3,0.0005200000000000001,0.0
2025/12/22 4:00,-6.17,0.00047999999999999996,0.0
2025/12/22 5:00,-7.01,0.00045,0.0
2025/12/22 6:00,-7.65,0.00043,0.0
2025/12/22 7:00,-7.9,0.00041,0.0
2025/12/22 8:00,-4.8,0.0005200000000000001,0.0
2025/12/22 9:00,-1.53,0.00064,0.0
2025/12/22 10:00,0.27,0.00068,0.0
2025/12/22 11:00,1.04,0.00065,0.0
2025/12/22 12:00,1.27,0.0006,0.0
2025/12/22 13:00,1.4,0.00057,138.83
2025/12/22 14:00,1.9,0.0006,18086.43
2025/12/22 15:00,2.6,0.0007,32332.28
2025/12/22 16:00,2.15,0.00078,14387.4
2025/12/22 17:00,1.01,0.0008399999999999999,0.0
2025/12/22 18:00,-0.46,0.00085,0.0
2025/12/22 19:00,-1.95,0.0008399999999999999,0.0
2025/12/22 20:00,-3.1,0.00083,0.0
2025/12/22 21:00,-3.67,0.00082,0.0
2025/12/22 22:00,-3.76,0.00083,0.0
2025/12/22 23:00,-3.56,0.00083,0.0
2025/12/23 0:00,-3.26,0.0008399999999999999,0.0
2025/12/23 1:00,-3.04,0.00082,0.0
2025/12/23 2:00,-3.1,0.00078,0.0
2025/12/23 3:00,-3.56,0.0007099999999999999,0.0
2025/12/23 4:00,-4.27,0.00063,0.0
2025/12/23 5:00,-5.04,0.0005600000000000001,0.0
2025/12/23 6:00,-5.65,0.0005,0.0
2025/12/23 7:00,-5.9,0.00046,0.0
2025/12/23 8:00,1.3,0.00079,0.0
2025/12/23 9:00,8.36,0.00121,0.0
2025/12/23 10:00,11.35,0.0014,339.75
2025/12/23 11:00,11.42,0.00133,0.0
2025/12/23 12:00,9.75,0.00113,2129.68
2025/12/23 13:00,7.48,0.00093,39120.17
2025/12/23 14:00,5.8,0.0008,24209.51
2025/12/23 15:00,5.51,0.0007700000000000001,0.0
2025/12/23 16:00,6.02,0.0008,0.0
2025/12/23 17:00,6.4,0.00085,0.0
2025/12/23 18:00,6.18,0.00092,0.0
2025/12/23 19:00,5.58,0.001,0.0
2025/12/23 20:00,4.7,0.00111,0.0
2025/12/23 21:00,3.63,0.00124,0.0
2025/12/23 22:00,2.44,0.0013700000000000001,0.0
2025/12/23 23:00,1.2,0.00148,0.0
2025/12/24 0:00,-0.03,0.00155,0.0
2025/12/24 1:00,-1.19,0.00158,0.0
2025/12/24 2:00,-2.2,0.00159,0.0
2025/12/24 3:00,-3.02,0.00158,0.0
2025/12/24 4:00,-3.64,0.00156,0.0
2025/12/24 5:00,-4.07,0.00152,0.0
2025/12/24 6:00,-4.32,0.00147,0.0
2025/12/24 7:00,-4.4,0.0014,0.0
2025/12/24 8:00,-3.4,0.00141,0.0
2025/12/24 9:00,-1.47,0.00148,0.0
2025/12/24 10:00,0.82,0.0015300000000000001,0.0
2025/12/24 11:00,3.18,0.0015,478.88
2025/12/24 12:00,5.34,0.0014299999999999998,6647.56
2025/12/24 13:00,7.01,0.00135,7376.1
2025/12/24 14:00,7.9,0.00132,0.0
2025/12/24 15:00,8.0,0.00141,0.0
2025/12/24 16:00,7.44,0.00159,0.0
2025/12/24 17:00,6.04,0.00173,0.0
2025/12/24 18:00,4.23,0.00181,0.0
2025/12/24 19:00,2.44,0.00182,0.0
2025/12/24 20:00,1.1,0.0018,0.0
2025/12/24 21:00,0.51,0.0018,0.0
2025/12/24 22:00,0.51,0.0018,0.0
2025/12/24 23:00,0.8,0.00182,0.0
2025/12/25 0:00,1.11,0.00182,0.0
2025/12/25 1:00,1.14,0.00183,0.0
2025/12/25 2:00,0.6,0.00181,0.0
2025/12/25 3:00,-0.67,0.00173,0.0
2025/12/25 4:00,-2.38,0.00164,0.0
2025/12/25 5:00,-4.12,0.0015300000000000001,0.0
2025/12/25 6:00,-5.46,0.00145,0.0
2025/12/25 7:00,-6.0,0.0014199999999999998,0.0
2025/12/25 8:00,-4.3,0.00161,0.0
2025/12/25 9:00,-2.05,0.00181,0.0
2025/12/25 10:00,-0.18,0.00186,0.0
2025/12/25 11:00,1.35,0.00177,145.94
2025/12/25 12:00,2.58,0.0016,1378.4
2025/12/25 13:00,3.55,0.00146,9550.1
2025/12/25 14:00,4.3,0.0014299999999999998,7778.96
2025/12/25 15:00,4.7,0.0016,0.0
2025/12/25 16:00,4.18,0.00185,0.0
2025/12/25 17:00,2.85,0.0020800000000000003,0.0
2025/12/25 18:00,1.08,0.00222,0.0
2025/12/25 19:00,-0.79,0.0022400000000000002,0.0
2025/12/25 20:00,-2.4,0.0022,0.0
2025/12/25 21:00,-3.48,0.00217,0.0
2025/12/25 22:00,-4.1,0.00216,0.0
2025/12/25 23:00,-4.42,0.00216,0.0
2025/12/26 0:00,-4.59,0.00216,0.0
2025/12/26 1:00,-4.76,0.00215,0.0
2025/12/26 2:00,-5.1,0.00212,0.0
2025/12/26 3:00,-5.7,0.0020499999999999997,0.0
2025/12/26 4:00,-6.46,0.00196,0.0
2025/12/26 5:00,-7.21,0.0018700000000000001,0.0
2025/12/26 6:00,-7.77,0.0018,0.0
2025/12/26 7:00,-8.0,0.00175,0.0
2025/12/26 8:00,-7.1,0.00184,0.0
2025/12/26 9:00,-5.57,0.002,0.0
2025/12/26 10:00,-3.91,0.00214,0.0
2025/12/26 11:00,-2.23,0.00226,0.0
2025/12/26 12:00,-0.67,0.0023599999999999997,0.0
2025/12/26 13:00,0.65,0.00244,0.0
2025/12/26 14:00,1.6,0.0025,0.0
2025/12/26 15:00,2.0,0.0025800000000000003,0.0
2025/12/26 16:00,1.7,0.00263,0.0
2025/12/26 17:00,0.97,0.00264,0.0
2025/12/26 18:00,0.01,0.00263,0.0
2025/12/26 19:00,-0.96,0.00254,0.0
2025/12/26 20:00,-1.7,0.0024700000000000004,0.0
2025/12/26 21:00,-2.06,0.00242,0.0
2025/12/26 22:00,-2.13,0.00239,0.0
2025/12/26 23:00,-2.03,0.00237,0.0
2025/12/27 0:00,-1.92,0.00235,0.0
2025/12/27 1:00,-1.93,0.00234,0.0
2025/12/27 2:00,-2.2,0.00233,0.0
2025/12/27 3:00,-2.82,0.00232,0.0
2025/12/27 4:00,-3.65,0.00229,0.0
2025/12/27 5:00,-4.49,0.00225,0.0
2025/12/27 6:00,-5.14,0.0022,0.0
2025/12/27 7:00,-5.4,0.00217,0.0
2025/12/27 8:00,-4.0,0.00235,0.0
2025/12/27 9:00,-1.71,0.00259,0.0
2025/12/27 10:00,0.69,0.00271,0.0
2025/12/27 11:00,3.0,0.00257,0.0
2025/12/27 12:00,5.03,0.0022299999999999998,0.0
2025/12/27 13:00,6.59,0.00175,0.0
2025/12/27 14:00,7.5,0.00128,0.0
2025/12/27 15:00,7.7,0.00099,0.0
2025/12/27 16:00,7.5,0.00091,0.0
2025/12/27 17:00,6.96,0.0009699999999999999,0.0
2025/12/27 18:00,6.21,0.00111,0.0
2025/12/27 19:00,5.35,0.00126,0.0
2025/12/27 20:00,4.5,0.00135,0.0
2025/12/27 21:00,3.75,0.0013700000000000001,0.0
2025/12/27 22:00,3.1,0.00134,0.0
2025/12/27 23:00,2.56,0.00127,0.0
2025/12/28 0:00,2.12,0.00117,0.0
2025/12/28 1:00,1.77,0.00107,0.0
2025/12/28 2:00,1.5,0.0009599999999999999,0.0
2025/12/28 3:00,1.31,0.00087,0.0
2025/12/28 4:00,1.22,0.00079,0.0
2025/12/28 5:00,1.25,0.00073,0.0
2025/12/28 6:00,1.41,0.00069,0.0
2025/12/28 7:00,1.72,0.00068,0.0
2025/12/28 8:00,2.2,0.0007099999999999999,0.0
2025/12/28 9:00,2.85,0.0007700000000000001,0.0
2025/12/28 10:00,3.59,0.00087,0.0
2025/12/28 11:00,4.32,0.001,0.0
2025/12/28 12:00,4.92,0.00114,0.0
2025/12/28 13:00,5.3,0.00127,0.0
2025/12/28 14:00,5.1,0.00135,0.0
2025/12/28 15:00,3.41,0.00128,0.0
2025/12/28 16:00,0.83,0.0011200000000000001,0.0
2025/12/28 17:00,-1.59,0.0009599999999999999,0.0
2025/12/28 18:00,-2.8,0.00091,0.0
2025/12/28 19:00,-2.21,0.00102,0.0
2025/12/28 20:00,-1.0,0.0012,0.0
2025/12/28 21:00,-0.49,0.00135,0.0
2025/12/28 22:00,-0.78,0.0014299999999999998,0.0
2025/12/28 23:00,-1.64,0.0014399999999999999,0.0
2025/12/29 0:00,-2.85,0.0014299999999999998,0.0
2025/12/29 1:00,-4.21,0.00138,0.0
2025/12/29 2:00,-5.5,0.00133,0.0
2025/12/29 3:00,-6.53,0.0013,0.0
2025/12/29 4:00,-7.3,0.00128,0.0
2025/12/29 5:00,-7.81,0.00128,0.0
2025/12/29 6:00,-8.11,0.00127,0.0
2025/12/29 7:00,-8.2,0.00126,0.0
2025/12/29 8:00,-6.2,0.00145,0.0
2025/12/29 9:00,-3.76,0.0016699999999999998,0.0
2025/12/29 10:00,-1.95,0.00176,0.0
2025/12/29 11:00,-0.6,0.00174,0.0
2025/12/29 12:00,0.45,0.0016699999999999998,0.0
2025/12/29 13:00,1.36,0.00158,0.0
2025/12/29 14:00,2.3,0.00157,0.0
2025/12/29 15:00,3.0,0.00166,0.0
2025/12/29 16:00,2.68,0.00174,0.0
2025/12/29 17:00,1.82,0.00182,0.0
2025/12/29 18:00,0.55,0.0018700000000000001,0.0
2025/12/29 19:00,-1.01,0.00184,0.0
2025/12/29 20:00,-2.7,0.00177,0.0
2025/12/29 21:00,-4.28,0.0016799999999999999,0.0
2025/12/29 22:00,-5.0,0.0016799999999999999,0.0
2025/12/29 23:00,-4.65,0.0018,0.0
2025/12/30 0:00,-3.81,0.00195,0.0
2025/12/30 1:00,-2.78,0.0021000000000000003,0.0
2025/12/30 2:00,-1.9,0.00218,0.0
2025/12/30 3:00,-1.39,0.0021000000000000003,0.0
2025/12/30 4:00,-1.16,0.00191,0.0
2025/12/30 5:00,-1.07,0.0016699999999999998,0.0
2025/12/30 6:00,-0.93,0.00141,0.0
2025/12/30 7:00,-0.6,0.0011799999999999998,0.0
2025/12/30 8:00,0.1,0.00103,0.0
2025/12/30 9:00,1.25,0.00093,0.0
2025/12/30 10:00,2.64,0.0008900000000000001,0.0
2025/12/30 11:00,3.98,0.00092,4795.64
2025/12/30 12:00,5.0,0.00099,2456.15
2025/12/30 13:00,5.4,0.00109,0.0
2025/12/30 14:00,4.9,0.0011799999999999998,0.0
2025/12/30 15:00,4.07,0.00128,0.0
2025/12/30 16:00,3.15,0.00139,0.0
2025/12/30 17:00,2.19,0.0015,0.0
2025/12/30 18:00,1.2,0.00159,0.0
2025/12/30 19:00,0.23,0.0016699999999999998,0.0
2025/12/30 20:00,-0.7,0.0017,0.0
2025/12/30 21:00,-1.56,0.00172,0.0
2025/12/30 22:00,-2.36,0.00172,0.0
2025/12/30 23:00,-3.11,0.00171,0.0
2025/12/31 0:00,-3.84,0.0016699999999999998,0.0
2025/12/31 1:00,-4.57,0.0016200000000000001,0.0
2025/12/31 2:00,-5.3,0.00155,0.0
2025/12/31 3:00,-6.05,0.00146,0.0
2025/12/31 4:00,-6.75,0.0013700000000000001,0.0
2025/12/31 5:00,-7.34,0.00127,0.0
2025/12/31 6:00,-7.75,0.0011799999999999998,0.0
2025/12/31 7:00,-7.9,0.00111,0.0
2025/12/31 8:00,-6.1,0.0012,0.0
2025/12/31 9:00,-3.91,0.00131,0.0
2025/12/31 10:00,-2.3,0.00133,0.0
2025/12/31 11:00,-1.15,0.00128,0.0
2025/12/31 12:00,-0.31,0.0012,0.0
2025/12/31 13:00,0.33,0.00114,0.0
2025/12/31 14:00,0.9,0.0011200000000000001,615.97
2025/12/31 15:00,1.3,0.0011899999999999999,0.0
2025/12/31 16:00,0.94,0.00127,0.0
2025/12/31 17:00,0.03,0.00135,0.0
2025/12/31 18:00,-1.2,0.00139,0.0
2025/12/31 19:00,-2.49,0.0014399999999999999,0.0
2025/12/31 20:00,-3.6,0.00149,0.0
2025/12/31 21:00,-4.34,0.00156,0.0
2025/12/31 22:00,-4.77,0.00165,0.0
2025/12/31 23:00,-4.98,0.00174,0.0
