日期,干球温度(℃),含湿量(g/Kg),冷负荷(kW)
2025/1/1 0:00,-5.08 ,1.600,0.00 
2025/1/1 1:00,-5.19 ,1.710,0.00 
2025/1/1 2:00,-5.40 ,1.790,0.00 
2025/1/1 3:00,-5.79 ,1.830,0.00 
2025/1/1 4:00,-6.29 ,1.820,0.00 
2025/1/1 5:00,-6.78 ,1.780,0.00 
2025/1/1 6:00,-7.15 ,1.720,0.00 
2025/1/1 7:00,-7.30 ,1.650,0.00 
2025/1/1 8:00,-6.50 ,1.650,0.00 
2025/1/1 9:00,-4.49 ,1.740,0.00 
2025/1/1 10:00,-1.77 ,1.860,0.00 
2025/1/1 11:00,1.17 ,1.920,0.00 
2025/1/1 12:00,3.87 ,1.830,0.00 
2025/1/1 13:00,5.84 ,1.640,0.00 
2025/1/1 14:00,6.60 ,1.450,-2968.66 
2025/1/1 15:00,6.24 ,1.410,-192.28 
2025/1/1 16:00,5.30 ,1.510,-340.21 
2025/1/1 17:00,3.96 ,1.680,0.00 
2025/1/1 18:00,2.44 ,1.840,0.00 
2025/1/1 19:00,0.92 ,1.960,0.00 
2025/1/1 20:00,-0.40 ,2.000,0.00 
2025/1/1 21:00,-1.37 ,2.010,0.00 
2025/1/1 22:00,-2.04 ,2.010,0.00 
2025/1/1 23:00,-2.51 ,2.020,0.00 
2025/1/2 0:00,-2.88 ,2.030,0.00 
2025/1/2 1:00,-3.24 ,2.050,0.00 
2025/1/2 2:00,-3.70 ,2.070,0.00 
2025/1/2 3:00,-4.31 ,2.090,0.00 
2025/1/2 4:00,-5.00 ,2.100,0.00 
2025/1/2 5:00,-5.64 ,2.100,0.00 
2025/1/2 6:00,-6.12 ,2.080,0.00 
2025/1/2 7:00,-6.30 ,2.050,0.00 
2025/1/2 8:00,-5.60 ,2.090,0.00 
2025/1/2 9:00,-3.70 ,2.230,0.00 
2025/1/2 10:00,-1.02 ,2.400,0.00 
2025/1/2 11:00,1.97 ,2.480,0.00 
2025/1/2 12:00,4.83 ,2.360,0.00 
2025/1/2 13:00,7.09 ,2.080,0.00 
2025/1/2 14:00,8.30 ,1.770,-628.32 
2025/1/2 15:00,8.40 ,1.610,-281.34 
2025/1/2 16:00,7.81 ,1.660,0.00 
2025/1/2 17:00,6.38 ,1.780,0.00 
2025/1/2 18:00,4.63 ,1.920,0.00 
2025/1/2 19:00,3.07 ,2.050,0.00 
2025/1/2 20:00,2.20 ,2.230,0.00 
2025/1/2 21:00,2.20 ,2.460,0.00 
2025/1/2 22:00,2.13 ,2.610,0.00 
2025/1/2 23:00,1.81 ,2.640,0.00 
2025/1/3 0:00,1.35 ,2.560,0.00 
2025/1/3 1:00,0.85 ,2.440,0.00 
2025/1/3 2:00,0.40 ,2.280,0.00 
2025/1/3 3:00,0.09 ,2.110,0.00 
2025/1/3 4:00,-0.11 ,1.900,0.00 
2025/1/3 5:00,-0.25 ,1.710,0.00 
2025/1/3 6:00,-0.38 ,1.500,0.00 
2025/1/3 7:00,-0.54 ,1.290,0.00 
2025/1/3 8:00,-0.80 ,1.080,0.00 
2025/1/3 9:00,-1.18 ,0.880,0.00 
2025/1/3 10:00,-1.63 ,0.710,0.00 
2025/1/3 11:00,-2.09 ,0.570,-286.12 
2025/1/3 12:00,-2.50 ,0.460,-3408.85 
2025/1/3 13:00,-2.79 ,0.390,-6905.72 
2025/1/3 14:00,-2.90 ,0.350,-1895.63 
2025/1/3 15:00,-3.16 ,0.340,0.00 
2025/1/3 16:00,-3.78 ,0.330,0.00 
2025/1/3 17:00,-4.54 ,0.330,0.00 
2025/1/3 18:00,-5.19 ,0.330,0.00 
2025/1/3 19:00,-5.50 ,0.320,0.00 
2025/1/3 20:00,-5.40 ,0.310,0.00 
2025/1/3 21:00,-5.31 ,0.260,0.00 
2025/1/3 22:00,-5.36 ,0.200,0.00 
2025/1/3 23:00,-5.55 ,0.130,0.00 
2025/1/4 0:00,-5.92 ,0.070,0.00 
2025/1/4 1:00,-6.46 ,0.050,0.00 
2025/1/4 2:00,-7.20 ,0.060,0.00 
2025/1/4 3:00,-8.12 ,0.110,0.00 
2025/1/4 4:00,-9.10 ,0.180,0.00 
2025/1/4 5:00,-10.00 ,0.250,0.00 
2025/1/4 6:00,-10.66 ,0.310,0.00 
2025/1/4 7:00,-10.94 ,0.350,0.00 
2025/1/4 8:00,-10.70 ,0.390,0.00 
2025/1/4 9:00,-9.84 ,0.400,0.00 
2025/1/4 10:00,-8.46 ,0.390,0.00 
2025/1/4 11:00,-6.72 ,0.360,-372.59 
2025/1/4 12:00,-4.80 ,0.320,-5234.59 
2025/1/4 13:00,-2.84 ,0.260,-13725.66 
2025/1/4 14:00,-1.00 ,0.240,-17727.96 
2025/1/4 15:00,0.10 ,0.280,-14906.06 
2025/1/4 16:00,-0.14 ,0.350,-5465.38 
2025/1/4 17:00,-0.75 ,0.460,0.00 
2025/1/4 18:00,-1.58 ,0.560,0.00 
2025/1/4 19:00,-2.48 ,0.640,0.00 
2025/1/4 20:00,-3.30 ,0.680,0.00 
2025/1/4 21:00,-3.93 ,0.680,0.00 
2025/1/4 22:00,-4.40 ,0.670,0.00 
2025/1/4 23:00,-4.78 ,0.650,0.00 
2025/1/5 0:00,-5.14 ,0.630,0.00 
2025/1/5 1:00,-5.56 ,0.630,0.00 
2025/1/5 2:00,-6.10 ,0.650,0.00 
2025/1/5 3:00,-6.80 ,0.690,0.00 
2025/1/5 4:00,-7.57 ,0.730,0.00 
2025/1/5 5:00,-8.28 ,0.770,0.00 
2025/1/5 6:00,-8.80 ,0.810,0.00 
2025/1/5 7:00,-9.00 ,0.830,0.00 
2025/1/5 8:00,-8.20 ,0.880,0.00 
2025/1/5 9:00,-6.51 ,0.930,0.00 
2025/1/5 10:00,-4.38 ,0.950,0.00 
2025/1/5 11:00,-2.09 ,0.910,-481.19 
2025/1/5 12:00,0.09 ,0.800,-6642.81 
2025/1/5 13:00,1.88 ,0.590,-122.00 
2025/1/5 14:00,3.00 ,0.370,-6367.25 
2025/1/5 15:00,3.32 ,0.240,-11290.49 
2025/1/5 16:00,3.30 ,0.200,-4894.46 
2025/1/5 17:00,3.16 ,0.230,0.00 
2025/1/5 18:00,2.84 ,0.300,0.00 
2025/1/5 19:00,2.44 ,0.380,0.00 
2025/1/5 20:00,2.10 ,0.440,0.00 
2025/1/5 21:00,1.89 ,0.460,0.00 
2025/1/5 22:00,1.75 ,0.460,0.00 
2025/1/5 23:00,1.56 ,0.450,0.00 
2025/1/6 0:00,1.21 ,0.440,0.00 
2025/1/6 1:00,0.59 ,0.460,0.00 
2025/1/6 2:00,-0.40 ,0.500,0.00 
2025/1/6 3:00,-1.81 ,0.560,0.00 
2025/1/6 4:00,-3.43 ,0.620,0.00 
2025/1/6 5:00,-4.94 ,0.670,0.00 
2025/1/6 6:00,-6.06 ,0.720,0.00 
2025/1/6 7:00,-6.50 ,0.770,0.00 
2025/1/6 8:00,-6.00 ,0.850,0.00 
2025/1/6 9:00,-4.87 ,0.940,0.00 
2025/1/6 10:00,-3.33 ,1.030,0.00 
2025/1/6 11:00,-1.48 ,1.110,-421.95 
2025/1/6 12:00,0.55 ,1.190,-7996.06 
2025/1/6 13:00,2.65 ,1.230,-20442.28 
2025/1/6 14:00,4.70 ,1.260,-19500.76 
2025/1/6 15:00,6.00 ,1.260,0.00 
2025/1/6 16:00,5.61 ,1.170,-133.09 
2025/1/6 17:00,4.62 ,1.070,0.00 
2025/1/6 18:00,3.27 ,0.990,0.00 
2025/1/6 19:00,1.82 ,0.930,0.00 
2025/1/6 20:00,0.50 ,0.900,0.00 
2025/1/6 21:00,-0.48 ,0.880,0.00 
2025/1/6 22:00,-1.18 ,0.890,0.00 
2025/1/6 23:00,-1.70 ,0.930,0.00 
2025/1/7 0:00,-2.14 ,0.970,0.00 
2025/1/7 1:00,-2.60 ,1.010,0.00 
2025/1/7 2:00,-3.20 ,1.030,0.00 
2025/1/7 3:00,-3.99 ,1.030,0.00 
2025/1/7 4:00,-4.86 ,1.020,0.00 
2025/1/7 5:00,-5.67 ,1.000,0.00 
2025/1/7 6:00,-6.27 ,0.980,0.00 
2025/1/7 7:00,-6.50 ,0.960,0.00 
2025/1/7 8:00,-3.60 ,1.220,0.00 
2025/1/7 9:00,-0.52 ,1.510,0.00 
2025/1/7 10:00,1.19 ,1.620,0.00 
2025/1/7 11:00,1.94 ,1.570,0.00 
2025/1/7 12:00,2.14 ,1.470,0.00 
2025/1/7 13:00,2.19 ,1.390,0.00 
2025/1/7 14:00,2.50 ,1.400,0.00 
2025/1/7 15:00,3.00 ,1.510,0.00 
2025/1/7 16:00,2.82 ,1.610,0.00 
2025/1/7 17:00,2.34 ,1.710,0.00 
2025/1/7 18:00,1.65 ,1.790,0.00 
2025/1/7 19:00,0.84 ,1.820,0.00 
2025/1/7 20:00,0.00 ,1.810,0.00 
2025/1/7 21:00,-0.80 ,1.730,0.00 
2025/1/7 22:00,-1.54 ,1.650,0.00 
2025/1/7 23:00,-2.22 ,1.570,0.00 
2025/1/8 0:00,-2.84 ,1.510,0.00 
2025/1/8 1:00,-3.40 ,1.490,0.00 
2025/1/8 2:00,-3.90 ,1.510,0.00 
2025/1/8 3:00,-4.33 ,1.590,0.00 
2025/1/8 4:00,-4.69 ,1.690,0.00 
2025/1/8 5:00,-4.97 ,1.810,0.00 
2025/1/8 6:00,-5.14 ,1.920,0.00 
2025/1/8 7:00,-5.20 ,2.020,0.00 
2025/1/8 8:00,-3.80 ,2.320,0.00 
2025/1/8 9:00,-1.85 ,2.700,0.00 
2025/1/8 10:00,-0.17 ,2.970,0.00 
2025/1/8 11:00,1.14 ,3.110,0.00 
2025/1/8 12:00,1.99 ,3.090,0.00 
2025/1/8 13:00,2.30 ,2.950,0.00 
2025/1/8 14:00,1.80 ,2.720,0.00 
2025/1/8 15:00,0.89 ,2.520,0.00 
2025/1/8 16:00,-0.17 ,2.360,0.00 
2025/1/8 17:00,-1.27 ,2.250,0.00 
2025/1/8 18:00,-2.32 ,2.170,0.00 
2025/1/8 19:00,-3.23 ,2.130,0.00 
2025/1/8 20:00,-3.90 ,2.110,0.00 
2025/1/8 21:00,-4.27 ,2.120,0.00 
2025/1/8 22:00,-4.40 ,2.160,0.00 
2025/1/8 23:00,-4.37 ,2.210,0.00 
2025/1/9 0:00,-4.29 ,2.250,0.00 
2025/1/9 1:00,-4.23 ,2.290,0.00 
2025/1/9 2:00,-4.30 ,2.300,0.00 
2025/1/9 3:00,-4.55 ,2.270,0.00 
2025/1/9 4:00,-4.91 ,2.210,0.00 
2025/1/9 5:00,-5.28 ,2.130,0.00 
2025/1/9 6:00,-5.58 ,2.060,0.00 
2025/1/9 7:00,-5.70 ,1.990,0.00 
2025/1/9 8:00,-2.50 ,2.520,0.00 
2025/1/9 9:00,0.84 ,3.170,0.00 
2025/1/9 10:00,2.58 ,3.360,0.00 
2025/1/9 11:00,3.17 ,3.250,0.00 
2025/1/9 12:00,3.04 ,3.010,0.00 
2025/1/9 13:00,2.63 ,2.770,0.00 
2025/1/9 14:00,2.40 ,2.650,0.00 
2025/1/9 15:00,2.50 ,2.710,0.00 
2025/1/9 16:00,2.21 ,2.770,0.00 
2025/1/9 17:00,1.47 ,2.790,0.00 
2025/1/9 18:00,0.48 ,2.770,0.00 
2025/1/9 19:00,-0.54 ,2.680,0.00 
2025/1/9 20:00,-1.40 ,2.600,0.00 
2025/1/9 21:00,-1.93 ,2.540,0.00 
2025/1/9 22:00,-2.18 ,2.500,0.00 
2025/1/9 23:00,-2.24 ,2.470,0.00 
2025/1/10 0:00,-2.18 ,2.430,0.00 
2025/1/10 1:00,-2.11 ,2.400,0.00 
2025/1/10 2:00,-2.10 ,2.340,0.00 
2025/1/10 3:00,-2.22 ,2.270,0.00 
2025/1/10 4:00,-2.40 ,2.190,0.00 
2025/1/10 5:00,-2.55 ,2.110,0.00 
2025/1/10 6:00,-2.58 ,2.040,0.00 
2025/1/10 7:00,-2.39 ,1.980,0.00 
2025/1/10 8:00,-1.90 ,1.940,0.00 
2025/1/10 9:00,-1.06 ,1.910,0.00 
2025/1/10 10:00,-0.02 ,1.870,0.00 
2025/1/10 11:00,1.02 ,1.820,0.00 
2025/1/10 12:00,1.86 ,1.730,0.00 
2025/1/10 13:00,2.30 ,1.650,-4.00 
2025/1/10 14:00,2.10 ,1.570,0.00 
2025/1/10 15:00,1.02 ,1.510,0.00 
2025/1/10 16:00,-0.61 ,1.440,0.00 
2025/1/10 17:00,-2.29 ,1.400,0.00 
2025/1/10 18:00,-3.52 ,1.420,0.00 
2025/1/10 19:00,-3.80 ,1.540,0.00 
2025/1/10 20:00,-3.10 ,1.780,0.00 
2025/1/10 21:00,-2.79 ,1.940,0.00 
2025/1/10 22:00,-3.10 ,1.970,0.00 
2025/1/10 23:00,-3.83 ,1.910,0.00 
2025/1/11 0:00,-4.79 ,1.790,0.00 
2025/1/11 1:00,-5.81 ,1.660,0.00 
2025/1/11 2:00,-6.70 ,1.540,0.00 
2025/1/11 3:00,-7.31 ,1.470,0.00 
2025/1/11 4:00,-7.67 ,1.430,0.00 
2025/1/11 5:00,-7.84 ,1.400,0.00 
2025/1/11 6:00,-7.90 ,1.380,0.00 
2025/1/11 7:00,-7.90 ,1.360,0.00 
2025/1/11 8:00,-5.40 ,1.650,0.00 
2025/1/11 9:00,-2.83 ,1.990,0.00 
2025/1/11 10:00,-1.50 ,2.140,0.00 
2025/1/11 11:00,-0.98 ,2.150,0.00 
2025/1/11 12:00,-0.86 ,2.090,0.00 
2025/1/11 13:00,-0.71 ,2.060,0.00 
2025/1/11 14:00,-0.10 ,2.140,0.00 
2025/1/11 15:00,0.70 ,2.320,0.00 
2025/1/11 16:00,0.53 ,2.340,0.00 
2025/1/11 17:00,0.07 ,2.330,0.00 
2025/1/11 18:00,-0.55 ,2.260,0.00 
2025/1/11 19:00,-1.25 ,2.190,0.00 
2025/1/11 20:00,-1.90 ,2.100,0.00 
2025/1/11 21:00,-2.43 ,2.000,0.00 
2025/1/11 22:00,-2.84 ,1.910,0.00 
2025/1/11 23:00,-3.15 ,1.820,0.00 
2025/1/12 0:00,-3.38 ,1.740,0.00 
2025/1/12 1:00,-3.56 ,1.690,0.00 
2025/1/12 2:00,-3.70 ,1.670,0.00 
2025/1/12 3:00,-3.83 ,1.670,0.00 
2025/1/12 4:00,-3.94 ,1.700,0.00 
2025/1/12 5:00,-4.02 ,1.730,0.00 
2025/1/12 6:00,-4.08 ,1.770,0.00 
2025/1/12 7:00,-4.10 ,1.800,0.00 
2025/1/12 8:00,-3.90 ,1.830,0.00 
2025/1/12 9:00,-3.52 ,1.850,0.00 
2025/1/12 10:00,-3.05 ,1.860,0.00 
2025/1/12 11:00,-2.51 ,1.860,0.00 
2025/1/12 12:00,-1.92 ,1.860,0.00 
2025/1/12 13:00,-1.31 ,1.870,0.00 
2025/1/12 14:00,-0.70 ,1.900,0.00 
2025/1/12 15:00,-0.30 ,1.940,0.00 
2025/1/12 16:00,-0.36 ,1.940,0.00 
2025/1/12 17:00,-0.53 ,1.960,0.00 
2025/1/12 18:00,-0.78 ,1.990,0.00 
2025/1/12 19:00,-1.08 ,2.040,0.00 
2025/1/12 20:00,-1.40 ,2.090,0.00 
2025/1/12 21:00,-1.71 ,2.150,0.00 
2025/1/12 22:00,-2.01 ,2.200,0.00 
2025/1/12 23:00,-2.28 ,2.250,0.00 
2025/1/13 0:00,-2.53 ,2.260,0.00 
2025/1/13 1:00,-2.74 ,2.260,0.00 
2025/1/13 2:00,-2.90 ,2.220,0.00 
2025/1/13 3:00,-3.02 ,2.140,0.00 
2025/1/13 4:00,-3.12 ,2.040,0.00 
2025/1/13 5:00,-3.22 ,1.920,0.00 
2025/1/13 6:00,-3.35 ,1.820,0.00 
2025/1/13 7:00,-3.53 ,1.740,0.00 
2025/1/13 8:00,-3.80 ,1.700,0.00 
2025/1/13 9:00,-4.15 ,1.720,0.00 
2025/1/13 10:00,-4.46 ,1.780,0.00 
2025/1/13 11:00,-4.60 ,1.890,0.00 
2025/1/13 12:00,-4.37 ,2.080,0.00 
2025/1/13 13:00,-3.81 ,2.320,0.00 
2025/1/13 14:00,-3.10 ,2.580,0.00 
2025/1/13 15:00,-2.41 ,2.810,0.00 
2025/1/13 16:00,-1.84 ,2.970,0.00 
2025/1/13 17:00,-1.45 ,3.050,0.00 
2025/1/13 18:00,-1.30 ,3.020,0.00 
2025/1/13 19:00,-1.95 ,2.780,0.00 
2025/1/13 20:00,-2.90 ,2.480,0.00 
2025/1/13 21:00,-3.06 ,2.360,0.00 
2025/1/13 22:00,-3.00 ,2.270,0.00 
2025/1/13 23:00,-3.46 ,2.100,0.00 
2025/1/14 0:00,-4.28 ,1.870,0.00 
2025/1/14 1:00,-5.05 ,1.680,0.00 
2025/1/14 2:00,-5.40 ,1.570,0.00 
2025/1/14 3:00,-5.47 ,1.520,0.00 
2025/1/14 4:00,-5.64 ,1.460,0.00 
2025/1/14 5:00,-5.88 ,1.420,0.00 
2025/1/14 6:00,-6.15 ,1.380,0.00 
2025/1/14 7:00,-6.40 ,1.360,0.00 
2025/1/14 8:00,-6.60 ,1.350,0.00 
2025/1/14 9:00,-6.72 ,1.380,0.00 
2025/1/14 10:00,-6.77 ,1.410,0.00 
2025/1/14 11:00,-6.79 ,1.460,0.00 
2025/1/14 12:00,-6.80 ,1.520,0.00 
2025/1/14 13:00,-6.82 ,1.570,0.00 
2025/1/14 14:00,-6.90 ,1.610,0.00 
2025/1/14 15:00,-7.04 ,1.630,0.00 
2025/1/14 16:00,-7.24 ,1.640,0.00 
2025/1/14 17:00,-7.47 ,1.640,0.00 
2025/1/14 18:00,-7.70 ,1.620,0.00 
2025/1/14 19:00,-7.92 ,1.610,0.00 
2025/1/14 20:00,-8.10 ,1.600,0.00 
2025/1/14 21:00,-8.23 ,1.590,0.00 
2025/1/14 22:00,-8.31 ,1.580,0.00 
2025/1/14 23:00,-8.38 ,1.570,0.00 
2025/1/15 0:00,-8.45 ,1.570,0.00 
2025/1/15 1:00,-8.55 ,1.540,0.00 
2025/1/15 2:00,-8.70 ,1.510,0.00 
2025/1/15 3:00,-8.91 ,1.460,0.00 
2025/1/15 4:00,-9.15 ,1.400,0.00 
2025/1/15 5:00,-9.37 ,1.340,0.00 
2025/1/15 6:00,-9.54 ,1.270,0.00 
2025/1/15 7:00,-9.60 ,1.210,0.00 
2025/1/15 8:00,-8.40 ,1.260,0.00 
2025/1/15 9:00,-7.09 ,1.300,0.00 
2025/1/15 10:00,-6.31 ,1.260,0.00 
2025/1/15 11:00,-5.93 ,1.170,0.00 
2025/1/15 12:00,-5.81 ,1.080,0.00 
2025/1/15 13:00,-5.80 ,1.010,0.00 
2025/1/15 14:00,-5.90 ,1.000,0.00 
2025/1/15 15:00,-6.20 ,1.020,0.00 
2025/1/15 16:00,-6.64 ,1.080,0.00 
2025/1/15 17:00,-7.16 ,1.150,0.00 
2025/1/15 18:00,-7.69 ,1.200,0.00 
2025/1/15 19:00,-8.16 ,1.240,0.00 
2025/1/15 20:00,-8.50 ,1.250,0.00 
2025/1/15 21:00,-8.67 ,1.220,0.00 
2025/1/15 22:00,-8.72 ,1.170,0.00 
2025/1/15 23:00,-8.70 ,1.100,0.00 
2025/1/16 0:00,-8.68 ,1.020,0.00 
2025/1/16 1:00,-8.73 ,0.950,0.00 
2025/1/16 2:00,-8.90 ,0.890,0.00 
2025/1/16 3:00,-9.24 ,0.850,0.00 
2025/1/16 4:00,-9.66 ,0.840,0.00 
2025/1/16 5:00,-10.09 ,0.840,0.00 
2025/1/16 6:00,-10.40 ,0.850,0.00 
2025/1/16 7:00,-10.50 ,0.870,0.00 
2025/1/16 8:00,-10.30 ,0.910,0.00 
2025/1/16 9:00,-9.73 ,0.950,0.00 
2025/1/16 10:00,-8.92 ,1.000,0.00 
2025/1/16 11:00,-8.01 ,1.040,0.00 
2025/1/16 12:00,-7.16 ,1.060,0.00 
2025/1/16 13:00,-6.54 ,1.060,0.00 
2025/1/16 14:00,-6.30 ,1.030,0.00 
2025/1/16 15:00,-6.27 ,0.980,0.00 
2025/1/16 16:00,-6.20 ,0.960,0.00 
2025/1/16 17:00,-6.14 ,0.960,0.00 
2025/1/16 18:00,-6.12 ,0.980,0.00 
2025/1/16 19:00,-6.20 ,1.020,0.00 
2025/1/16 20:00,-6.40 ,1.080,0.00 
2025/1/16 21:00,-6.76 ,1.160,0.00 
2025/1/16 22:00,-7.24 ,1.240,0.00 
2025/1/16 23:00,-7.79 ,1.290,0.00 
2025/1/17 0:00,-8.37 ,1.310,0.00 
2025/1/17 1:00,-8.92 ,1.290,0.00 
2025/1/17 2:00,-9.40 ,1.230,0.00 
2025/1/17 3:00,-9.77 ,1.120,0.00 
2025/1/17 4:00,-10.02 ,0.980,0.00 
2025/1/17 5:00,-10.19 ,0.820,0.00 
2025/1/17 6:00,-10.27 ,0.670,0.00 
2025/1/17 7:00,-10.30 ,0.530,0.00 
2025/1/17 8:00,-9.80 ,0.430,0.00 
2025/1/17 9:00,-9.23 ,0.380,0.00 
2025/1/17 10:00,-8.83 ,0.350,0.00 
2025/1/17 11:00,-8.51 ,0.350,-73.11 
2025/1/17 12:00,-8.19 ,0.370,-1520.56 
2025/1/17 13:00,-7.78 ,0.400,-4383.88 
2025/1/17 14:00,-7.20 ,0.420,-3969.22 
2025/1/17 15:00,-6.48 ,0.440,-987.52 
2025/1/17 16:00,-6.10 ,0.430,-811.22 
2025/1/17 17:00,-6.41 ,0.380,0.00 
2025/1/17 18:00,-7.18 ,0.330,0.00 
2025/1/17 19:00,-8.19 ,0.290,0.00 
2025/1/17 20:00,-9.20 ,0.270,0.00 
2025/1/17 21:00,-10.03 ,0.270,0.00 
2025/1/17 22:00,-10.68 ,0.290,0.00 
2025/1/17 23:00,-11.17 ,0.320,0.00 
2025/1/18 0:00,-11.53 ,0.350,0.00 
2025/1/18 1:00,-11.79 ,0.380,0.00 
2025/1/18 2:00,-12.00 ,0.410,0.00 
2025/1/18 3:00,-12.17 ,0.420,0.00 
2025/1/18 4:00,-12.31 ,0.420,0.00 
2025/1/18 5:00,-12.41 ,0.410,0.00 
2025/1/18 6:00,-12.48 ,0.390,0.00 
2025/1/18 7:00,-12.50 ,0.370,0.00 
2025/1/18 8:00,-12.40 ,0.340,0.00 
2025/1/18 9:00,-11.98 ,0.320,0.00 
2025/1/18 10:00,-11.30 ,0.290,0.00 
2025/1/18 11:00,-10.46 ,0.260,-37.08 
2025/1/18 12:00,-9.57 ,0.230,-1385.54 
2025/1/18 13:00,-8.75 ,0.210,-4579.78 
2025/1/18 14:00,-8.10 ,0.190,-4381.91 
2025/1/18 15:00,-7.72 ,0.180,-1061.29 
2025/1/18 16:00,-7.60 ,0.180,-616.49 
2025/1/18 17:00,-7.66 ,0.190,0.00 
2025/1/18 18:00,-7.80 ,0.210,0.00 
2025/1/18 19:00,-7.93 ,0.230,0.00 
2025/1/18 20:00,-8.00 ,0.240,0.00 
2025/1/18 21:00,-7.95 ,0.260,0.00 
2025/1/18 22:00,-7.87 ,0.270,0.00 
2025/1/18 23:00,-7.84 ,0.280,0.00 
2025/1/19 0:00,-7.97 ,0.300,0.00 
2025/1/19 1:00,-8.35 ,0.320,0.00 
2025/1/19 2:00,-9.10 ,0.340,0.00 
2025/1/19 3:00,-10.24 ,0.360,0.00 
2025/1/19 4:00,-11.58 ,0.370,0.00 
2025/1/19 5:00,-12.86 ,0.380,0.00 
2025/1/19 6:00,-13.82 ,0.370,0.00 
2025/1/19 7:00,-14.20 ,0.370,0.00 
2025/1/19 8:00,-13.40 ,0.380,0.00 
2025/1/19 9:00,-11.84 ,0.390,0.00 
2025/1/19 10:00,-9.96 ,0.370,0.00 
2025/1/19 11:00,-7.98 ,0.320,-279.30 
2025/1/19 12:00,-6.12 ,0.250,-4016.38 
2025/1/19 13:00,-4.59 ,0.180,-10722.30 
2025/1/19 14:00,-3.60 ,0.160,-12092.03 
2025/1/19 15:00,-3.30 ,0.240,-6691.51 
2025/1/19 16:00,-3.48 ,0.380,-2768.39 
2025/1/19 17:00,-4.00 ,0.550,0.00 
2025/1/19 18:00,-4.84 ,0.690,0.00 
2025/1/19 19:00,-5.98 ,0.760,0.00 
2025/1/19 20:00,-7.40 ,0.750,0.00 
2025/1/19 21:00,-9.00 ,0.670,0.00 
2025/1/19 22:00,-10.34 ,0.570,0.00 
2025/1/19 23:00,-10.90 ,0.500,0.00 
2025/1/20 0:00,-9.74 ,0.480,0.00 
2025/1/20 1:00,-7.20 ,0.520,0.00 
2025/1/20 2:00,-4.70 ,0.550,0.00 
2025/1/20 3:00,-3.35 ,0.560,0.00 
2025/1/20 4:00,-3.09 ,0.550,0.00 
2025/1/20 5:00,-3.58 ,0.530,0.00 
2025/1/20 6:00,-4.44 ,0.500,0.00 
2025/1/20 7:00,-5.33 ,0.460,0.00 
2025/1/20 8:00,-5.90 ,0.430,0.00 
2025/1/20 9:00,-5.87 ,0.400,0.00 
2025/1/20 10:00,-5.33 ,0.370,0.00 
2025/1/20 11:00,-4.43 ,0.350,-594.01 
2025/1/20 12:00,-3.36 ,0.310,-6744.69 
2025/1/20 13:00,-2.26 ,0.290,-14960.17 
2025/1/20 14:00,-1.30 ,0.270,-16381.53 
2025/1/20 15:00,-0.80 ,0.270,-10349.92 
2025/1/20 16:00,-0.97 ,0.290,0.00 
2025/1/20 17:00,-1.41 ,0.320,0.00 
2025/1/20 18:00,-2.02 ,0.370,0.00 
2025/1/20 19:00,-2.72 ,0.420,0.00 
2025/1/20 20:00,-3.40 ,0.480,0.00 
2025/1/20 21:00,-4.00 ,0.540,0.00 
2025/1/20 22:00,-4.53 ,0.600,0.00 
2025/1/20 23:00,-5.04 ,0.650,0.00 
2025/1/21 0:00,-5.57 ,0.700,0.00 
2025/1/21 1:00,-6.18 ,0.740,0.00 
2025/1/21 2:00,-6.90 ,0.770,0.00 
2025/1/21 3:00,-7.75 ,0.780,0.00 
2025/1/21 4:00,-8.63 ,0.770,0.00 
2025/1/21 5:00,-9.42 ,0.750,0.00 
2025/1/21 6:00,-9.98 ,0.720,0.00 
2025/1/21 7:00,-10.20 ,0.690,0.00 
2025/1/21 8:00,-8.80 ,0.740,0.00 
2025/1/21 9:00,-6.73 ,0.790,0.00 
2025/1/21 10:00,-4.77 ,0.790,0.00 
2025/1/21 11:00,-2.96 ,0.740,-435.23 
2025/1/21 12:00,-1.39 ,0.660,-4415.75 
2025/1/21 13:00,-0.11 ,0.580,-12607.60 
2025/1/21 14:00,0.80 ,0.560,-15327.84 
2025/1/21 15:00,1.20 ,0.630,-9748.00 
2025/1/21 16:00,0.78 ,0.750,-5934.37 
2025/1/21 17:00,-0.26 ,0.870,0.00 
2025/1/21 18:00,-1.56 ,0.960,0.00 
2025/1/21 19:00,-2.79 ,1.000,0.00 
2025/1/21 20:00,-3.60 ,1.020,0.00 
2025/1/21 21:00,-3.74 ,1.030,0.00 
2025/1/21 22:00,-3.37 ,1.020,0.00 
2025/1/21 23:00,-2.73 ,1.000,0.00 
2025/1/22 0:00,-2.09 ,0.950,0.00 
2025/1/22 1:00,-1.70 ,0.870,0.00 
2025/1/22 2:00,-1.80 ,0.770,0.00 
2025/1/22 3:00,-2.56 ,0.660,0.00 
2025/1/22 4:00,-3.74 ,0.570,0.00 
2025/1/22 5:00,-4.99 ,0.500,0.00 
2025/1/22 6:00,-5.99 ,0.460,0.00 
2025/1/22 7:00,-6.40 ,0.430,0.00 
2025/1/22 8:00,-3.80 ,0.510,0.00 
2025/1/22 9:00,-1.19 ,0.590,0.00 
2025/1/22 10:00,0.04 ,0.580,-18.00 
2025/1/22 11:00,0.31 ,0.520,-4154.43 
2025/1/22 12:00,0.05 ,0.440,-16231.50 
2025/1/22 13:00,-0.33 ,0.370,-24559.05 
2025/1/22 14:00,-0.40 ,0.360,-23934.87 
2025/1/22 15:00,0.06 ,0.410,-16866.93 
2025/1/22 16:00,0.40 ,0.480,-12325.34 
2025/1/22 17:00,0.14 ,0.550,0.00 
2025/1/22 18:00,-0.44 ,0.600,0.00 
2025/1/22 19:00,-1.05 ,0.640,0.00 
2025/1/22 20:00,-1.40 ,0.660,0.00 
2025/1/22 21:00,-1.40 ,0.670,0.00 
2025/1/22 22:00,-1.56 ,0.650,0.00 
2025/1/22 23:00,-2.00 ,0.600,0.00 
2025/1/23 0:00,-2.66 ,0.530,0.00 
2025/1/23 1:00,-3.51 ,0.460,0.00 
2025/1/23 2:00,-4.50 ,0.410,0.00 
2025/1/23 3:00,-5.58 ,0.360,0.00 
2025/1/23 4:00,-6.68 ,0.330,0.00 
2025/1/23 5:00,-7.69 ,0.310,0.00 
2025/1/23 6:00,-8.52 ,0.290,0.00 
2025/1/23 7:00,-9.09 ,0.280,0.00 
2025/1/23 8:00,-9.30 ,0.270,0.00 
2025/1/23 9:00,-9.50 ,0.250,0.00 
2025/1/23 10:00,-9.20 ,0.240,0.00 
2025/1/23 11:00,-8.32 ,0.240,-486.08 
2025/1/23 12:00,-7.13 ,0.240,-5552.43 
2025/1/23 13:00,-5.90 ,0.250,-13131.39 
2025/1/23 14:00,-4.90 ,0.270,-13933.74 
2025/1/23 15:00,-4.35 ,0.290,-7758.71 
2025/1/23 16:00,-4.22 ,0.330,-3617.06 
2025/1/23 17:00,-4.43 ,0.370,0.00 
2025/1/23 18:00,-4.89 ,0.410,0.00 
2025/1/23 19:00,-5.51 ,0.440,0.00 
2025/1/23 20:00,-6.20 ,0.480,0.00 
2025/1/23 21:00,-6.90 ,0.520,0.00 
2025/1/23 22:00,-7.56 ,0.550,0.00 
2025/1/23 23:00,-8.18 ,0.570,0.00 
2025/1/24 0:00,-8.74 ,0.580,0.00 
2025/1/24 1:00,-9.22 ,0.580,0.00 
2025/1/24 2:00,-9.60 ,0.570,0.00 
2025/1/24 3:00,-9.87 ,0.540,0.00 
2025/1/24 4:00,-10.04 ,0.510,0.00 
2025/1/24 5:00,-10.14 ,0.470,0.00 
2025/1/24 6:00,-10.19 ,0.420,0.00 
2025/1/24 7:00,-10.20 ,0.380,0.00 
2025/1/24 8:00,-8.00 ,0.410,0.00 
2025/1/24 9:00,-5.55 ,0.460,0.00 
2025/1/24 10:00,-3.98 ,0.480,0.00 
2025/1/24 11:00,-3.00 ,0.500,-1146.63 
2025/1/24 12:00,-2.30 ,0.510,-10224.65 
2025/1/24 13:00,-1.57 ,0.550,-19273.19 
2025/1/24 14:00,-0.50 ,0.640,-20542.38 
2025/1/24 15:00,0.50 ,0.760,-77.97 
2025/1/24 16:00,0.19 ,0.820,-2842.57 
2025/1/24 17:00,-0.63 ,0.850,0.00 
2025/1/24 18:00,-1.76 ,0.860,0.00 
2025/1/24 19:00,-3.01 ,0.850,0.00 
2025/1/24 20:00,-4.20 ,0.830,0.00 
2025/1/24 21:00,-5.17 ,0.820,0.00 
2025/1/24 22:00,-5.96 ,0.810,0.00 
2025/1/24 23:00,-6.62 ,0.800,0.00 
2025/1/25 0:00,-7.22 ,0.810,0.00 
2025/1/25 1:00,-7.83 ,0.820,0.00 
2025/1/25 2:00,-8.50 ,0.830,0.00 
2025/1/25 3:00,-9.28 ,0.840,0.00 
2025/1/25 4:00,-10.08 ,0.840,0.00 
2025/1/25 5:00,-10.80 ,0.840,0.00 
2025/1/25 6:00,-11.31 ,0.830,0.00 
2025/1/25 7:00,-11.50 ,0.810,0.00 
2025/1/25 8:00,-11.30 ,0.790,0.00 
2025/1/25 9:00,-10.10 ,0.780,0.00 
2025/1/25 10:00,-7.97 ,0.780,0.00 
2025/1/25 11:00,-5.24 ,0.760,0.00 
2025/1/25 12:00,-2.26 ,0.690,-3456.56 
2025/1/25 13:00,0.63 ,0.570,-304.36 
2025/1/25 14:00,3.10 ,0.420,-12026.56 
2025/1/25 15:00,4.40 ,0.360,-21276.11 
2025/1/25 16:00,3.96 ,0.400,-15659.37 
2025/1/25 17:00,2.83 ,0.530,0.00 
2025/1/25 18:00,1.29 ,0.680,0.00 
2025/1/25 19:00,-0.38 ,0.800,0.00 
2025/1/25 20:00,-1.90 ,0.890,0.00 
2025/1/25 21:00,-3.05 ,0.960,0.00 
2025/1/25 22:00,-3.87 ,1.020,0.00 
2025/1/25 23:00,-4.48 ,1.070,0.00 
2025/1/26 0:00,-4.98 ,1.120,0.00 
2025/1/26 1:00,-5.48 ,1.140,0.00 
2025/1/26 2:00,-6.10 ,1.130,0.00 
2025/1/26 3:00,-6.90 ,1.100,0.00 
2025/1/26 4:00,-7.77 ,1.050,0.00 
2025/1/26 5:00,-8.58 ,0.980,0.00 
2025/1/26 6:00,-9.17 ,0.930,0.00 
2025/1/26 7:00,-9.40 ,0.880,0.00 
2025/1/26 8:00,-7.50 ,0.990,0.00 
2025/1/26 9:00,-5.10 ,1.110,0.00 
2025/1/26 10:00,-3.20 ,1.160,0.00 
2025/1/26 11:00,-1.70 ,1.150,0.00 
2025/1/26 12:00,-0.48 ,1.110,0.00 
2025/1/26 13:00,0.58 ,1.100,-154.49 
2025/1/26 14:00,1.60 ,1.140,0.00 
2025/1/26 15:00,2.30 ,1.260,0.00 
2025/1/26 16:00,1.79 ,1.370,0.00 
2025/1/26 17:00,0.50 ,1.440,0.00 
2025/1/26 18:00,-1.25 ,1.430,0.00 
2025/1/26 19:00,-3.09 ,1.390,0.00 
2025/1/26 20:00,-4.70 ,1.330,0.00 
2025/1/26 21:00,-5.80 ,1.290,0.00 
2025/1/26 22:00,-6.45 ,1.270,0.00 
2025/1/26 23:00,-6.77 ,1.270,0.00 
2025/1/27 0:00,-6.88 ,1.270,0.00 
2025/1/27 1:00,-6.92 ,1.280,0.00 
2025/1/27 2:00,-7.00 ,1.290,0.00 
2025/1/27 3:00,-7.22 ,1.280,0.00 
2025/1/27 4:00,-7.53 ,1.260,0.00 
2025/1/27 5:00,-7.85 ,1.230,0.00 
2025/1/27 6:00,-8.10 ,1.190,0.00 
2025/1/27 7:00,-8.20 ,1.140,0.00 
2025/1/27 8:00,-6.60 ,1.230,0.00 
2025/1/27 9:00,-4.55 ,1.310,0.00 
2025/1/27 10:00,-2.90 ,1.290,0.00 
2025/1/27 11:00,-1.60 ,1.190,0.00 
2025/1/27 12:00,-0.58 ,1.050,-2402.95 
2025/1/27 13:00,0.23 ,0.930,-441.74 
2025/1/27 14:00,0.90 ,0.880,0.00 
2025/1/27 15:00,1.30 ,0.940,0.00 
2025/1/27 16:00,1.03 ,1.060,0.00 
2025/1/27 17:00,0.32 ,1.220,0.00 
2025/1/27 18:00,-0.66 ,1.330,0.00 
2025/1/27 19:00,-1.75 ,1.410,0.00 
2025/1/27 20:00,-2.80 ,1.440,0.00 
2025/1/27 21:00,-3.67 ,1.420,0.00 
2025/1/27 22:00,-4.36 ,1.370,0.00 
2025/1/27 23:00,-4.91 ,1.300,0.00 
2025/1/28 0:00,-5.34 ,1.210,0.00 
2025/1/28 1:00,-5.70 ,1.120,0.00 
2025/1/28 2:00,-6.00 ,1.020,0.00 
2025/1/28 3:00,-6.28 ,0.920,0.00 
2025/1/28 4:00,-6.53 ,0.810,0.00 
2025/1/28 5:00,-6.72 ,0.710,0.00 
2025/1/28 6:00,-6.85 ,0.620,0.00 
2025/1/28 7:00,-6.90 ,0.540,0.00 
2025/1/28 8:00,-5.00 ,0.560,0.00 
2025/1/28 9:00,-2.95 ,0.580,0.00 
2025/1/28 10:00,-1.72 ,0.580,0.00 
2025/1/28 11:00,-0.97 ,0.560,-2362.94 
2025/1/28 12:00,-0.39 ,0.550,-12919.50 
2025/1/28 13:00,0.36 ,0.570,-22657.36 
2025/1/28 14:00,1.60 ,0.630,-24307.41 
2025/1/28 15:00,2.80 ,0.700,-20173.59 
2025/1/28 16:00,2.41 ,0.720,-14780.15 
2025/1/28 17:00,1.42 ,0.720,0.00 
2025/1/28 18:00,0.11 ,0.710,0.00 
2025/1/28 19:00,-1.25 ,0.680,0.00 
2025/1/28 20:00,-2.40 ,0.660,0.00 
2025/1/28 21:00,-3.13 ,0.670,0.00 
2025/1/28 22:00,-3.53 ,0.700,0.00 
2025/1/28 23:00,-3.79 ,0.750,0.00 
2025/1/29 0:00,-4.05 ,0.820,0.00 
2025/1/29 1:00,-4.50 ,0.890,0.00 
2025/1/29 2:00,-5.30 ,0.950,0.00 
2025/1/29 3:00,-6.54 ,0.990,0.00 
2025/1/29 4:00,-8.01 ,1.000,0.00 
2025/1/29 5:00,-9.42 ,0.990,0.00 
2025/1/29 6:00,-10.48 ,0.970,0.00 
2025/1/29 7:00,-10.90 ,0.970,0.00 
2025/1/29 8:00,-9.80 ,1.060,0.00 
2025/1/29 9:00,-7.94 ,1.160,0.00 
2025/1/29 10:00,-5.90 ,1.210,0.00 
2025/1/29 11:00,-3.79 ,1.200,0.00 
2025/1/29 12:00,-1.73 ,1.140,0.00 
2025/1/29 13:00,0.17 ,1.050,-533.90 
2025/1/29 14:00,1.80 ,0.980,-908.99 
2025/1/29 15:00,2.70 ,1.010,-165.96 
2025/1/29 16:00,2.35 ,1.090,0.00 
2025/1/29 17:00,1.42 ,1.210,0.00 
2025/1/29 18:00,0.05 ,1.310,0.00 
2025/1/29 19:00,-1.61 ,1.310,0.00 
2025/1/29 20:00,-3.40 ,1.260,0.00 
2025/1/29 21:00,-5.05 ,1.160,0.00 
2025/1/29 22:00,-5.80 ,1.100,0.00 
2025/1/29 23:00,-5.48 ,1.120,0.00 
2025/1/30 0:00,-4.73 ,1.160,0.00 
2025/1/30 1:00,-3.80 ,1.190,0.00 
2025/1/30 2:00,-3.00 ,1.210,0.00 
2025/1/30 3:00,-2.52 ,1.200,0.00 
2025/1/30 4:00,-2.27 ,1.170,0.00 
2025/1/30 5:00,-2.09 ,1.130,0.00 
2025/1/30 6:00,-1.79 ,1.090,0.00 
2025/1/30 7:00,-1.22 ,1.070,0.00 
2025/1/30 8:00,-0.20 ,1.060,0.00 
2025/1/30 9:00,1.35 ,1.060,0.00 
2025/1/30 10:00,3.16 ,1.050,0.00 
2025/1/30 11:00,4.89 ,1.010,-4049.95 
2025/1/30 12:00,6.19 ,0.960,-15759.39 
2025/1/30 13:00,6.70 ,0.900,-27900.70 
2025/1/30 14:00,5.90 ,0.850,-28115.83 
2025/1/30 15:00,4.64 ,0.870,-21445.74 
2025/1/30 16:00,3.36 ,0.940,-13470.48 
2025/1/30 17:00,2.14 ,1.040,0.00 
2025/1/30 18:00,1.03 ,1.140,0.00 
2025/1/30 19:00,0.13 ,1.230,0.00 
2025/1/30 20:00,-0.50 ,1.280,0.00 
2025/1/30 21:00,-0.82 ,1.340,0.00 
2025/1/30 22:00,-0.95 ,1.390,0.00 
2025/1/30 23:00,-1.02 ,1.440,0.00 
2025/1/31 0:00,-1.19 ,1.480,0.00 
2025/1/31 1:00,-1.60 ,1.510,0.00 
2025/1/31 2:00,-2.40 ,1.510,0.00 
2025/1/31 3:00,-3.66 ,1.490,0.00 
2025/1/31 4:00,-5.16 ,1.440,0.00 
2025/1/31 5:00,-6.59 ,1.380,0.00 
2025/1/31 6:00,-7.67 ,1.330,0.00 
2025/1/31 7:00,-8.10 ,1.330,0.00 
2025/1/31 8:00,-6.20 ,1.560,0.00 
2025/1/31 9:00,-3.76 ,1.820,0.00 
2025/1/31 10:00,-1.82 ,1.960,0.00 
2025/1/31 11:00,-0.32 ,1.970,0.00 
2025/1/31 12:00,0.81 ,1.890,-180.65 
2025/1/31 13:00,1.63 ,1.750,-1049.59 
2025/1/31 14:00,2.20 ,1.660,-376.14 
2025/1/31 15:00,2.57 ,1.670,0.00 
2025/1/31 16:00,2.70 ,1.760,0.00 
2025/1/31 17:00,2.34 ,1.850,0.00 
2025/1/31 18:00,1.47 ,1.880,0.00 
2025/1/31 19:00,0.36 ,1.850,0.00 
2025/1/31 20:00,-0.70 ,1.740,0.00 
2025/1/31 21:00,-1.54 ,1.610,0.00 
2025/1/31 22:00,-2.50 ,1.420,0.00 
2025/1/31 23:00,-3.91 ,1.180,0.00 
2025/2/1 0:00,-5.64 ,0.950,0.00 
2025/2/1 1:00,-7.42 ,0.760,0.00 
2025/2/1 2:00,-9.00 ,0.630,0.00 
2025/2/1 3:00,-10.17 ,0.570,0.00 
2025/2/1 4:00,-10.94 ,0.560,0.00 
2025/2/1 5:00,-11.38 ,0.560,0.00 
2025/2/1 6:00,-11.54 ,0.570,0.00 
2025/2/1 7:00,-11.50 ,0.590,0.00 
2025/2/1 8:00,-11.20 ,0.590,0.00 
2025/2/1 9:00,-10.29 ,0.600,0.00 
2025/2/1 10:00,-8.88 ,0.600,0.00 
2025/2/1 11:00,-7.22 ,0.590,0.00 
2025/2/1 12:00,-5.57 ,0.570,0.00 
2025/2/1 13:00,-4.18 ,0.540,0.00 
2025/2/1 14:00,-3.30 ,0.530,-1165.48 
2025/2/1 15:00,-3.11 ,0.560,0.00 
2025/2/1 16:00,-3.50 ,0.620,0.00 
2025/2/1 17:00,-4.29 ,0.700,0.00 
2025/2/1 18:00,-5.29 ,0.770,0.00 
2025/2/1 19:00,-6.32 ,0.830,0.00 
2025/2/1 20:00,-7.20 ,0.880,0.00 
2025/2/1 21:00,-7.79 ,0.930,0.00 
2025/2/1 22:00,-8.14 ,0.980,0.00 
2025/2/1 23:00,-8.37 ,1.020,0.00 
2025/2/2 0:00,-8.59 ,1.050,0.00 
2025/2/2 1:00,-8.90 ,1.070,0.00 
2025/2/2 2:00,-9.40 ,1.050,0.00 
2025/2/2 3:00,-10.16 ,1.000,0.00 
2025/2/2 4:00,-11.06 ,0.930,0.00 
2025/2/2 5:00,-11.91 ,0.860,0.00 
2025/2/2 6:00,-12.55 ,0.790,0.00 
2025/2/2 7:00,-12.80 ,0.730,0.00 
2025/2/2 8:00,-11.90 ,0.730,0.00 
2025/2/2 9:00,-10.18 ,0.750,0.00 
2025/2/2 10:00,-8.12 ,0.750,0.00 
2025/2/2 11:00,-5.90 ,0.730,0.00 
2025/2/2 12:00,-3.70 ,0.660,-1390.06 
2025/2/2 13:00,-1.70 ,0.550,-5411.07 
2025/2/2 14:00,-0.10 ,0.440,-6338.28 
2025/2/2 15:00,0.70 ,0.360,0.00 
2025/2/2 16:00,0.45 ,0.320,-497.11 
2025/2/2 17:00,-0.18 ,0.330,0.00 
2025/2/2 18:00,-1.04 ,0.360,0.00 
2025/2/2 19:00,-1.96 ,0.400,0.00 
2025/2/2 20:00,-2.80 ,0.440,0.00 
2025/2/2 21:00,-3.43 ,0.470,0.00 
2025/2/2 22:00,-3.89 ,0.480,0.00 
2025/2/2 23:00,-4.29 ,0.500,0.00 
2025/2/3 0:00,-4.69 ,0.510,0.00 
2025/2/3 1:00,-5.20 ,0.530,0.00 
2025/2/3 2:00,-5.90 ,0.540,0.00 
2025/2/3 3:00,-6.83 ,0.550,0.00 
2025/2/3 4:00,-7.87 ,0.550,0.00 
2025/2/3 5:00,-8.82 ,0.550,0.00 
2025/2/3 6:00,-9.53 ,0.550,0.00 
2025/2/3 7:00,-9.80 ,0.540,0.00 
2025/2/3 8:00,-8.40 ,0.600,0.00 
2025/2/3 9:00,-6.14 ,0.670,0.00 
2025/2/3 10:00,-3.81 ,0.710,0.00 
2025/2/3 11:00,-1.56 ,0.720,-947.97 
2025/2/3 12:00,0.44 ,0.690,-10370.70 
2025/2/3 13:00,2.01 ,0.630,-20564.52 
2025/2/3 14:00,3.00 ,0.600,-804.45 
2025/2/3 15:00,3.30 ,0.640,-4691.67 
2025/2/3 16:00,2.86 ,0.740,-8718.45 
2025/2/3 17:00,1.73 ,0.860,0.00 
2025/2/3 18:00,0.17 ,0.990,0.00 
2025/2/3 19:00,-1.56 ,1.080,0.00 
2025/2/3 20:00,-3.20 ,1.160,0.00 
2025/2/3 21:00,-4.53 ,1.250,0.00 
2025/2/3 22:00,-5.57 ,1.340,0.00 
2025/2/3 23:00,-6.40 ,1.420,0.00 
2025/2/4 0:00,-7.08 ,1.480,0.00 
2025/2/4 1:00,-7.69 ,1.490,0.00 
2025/2/4 2:00,-8.30 ,1.450,0.00 
2025/2/4 3:00,-8.95 ,1.350,0.00 
2025/2/4 4:00,-9.60 ,1.220,0.00 
2025/2/4 5:00,-10.16 ,1.070,0.00 
2025/2/4 6:00,-10.55 ,0.930,0.00 
2025/2/4 7:00,-10.70 ,0.800,0.00 
2025/2/4 8:00,-8.50 ,0.830,0.00 
2025/2/4 9:00,-5.79 ,0.870,0.00 
2025/2/4 10:00,-3.71 ,0.850,0.00 
2025/2/4 11:00,-2.06 ,0.790,0.00 
2025/2/4 12:00,-0.64 ,0.750,0.00 
2025/2/4 13:00,0.74 ,0.780,0.00 
2025/2/4 14:00,2.30 ,0.930,-172.64 
2025/2/4 15:00,3.50 ,1.220,0.00 
2025/2/4 16:00,3.03 ,1.490,0.00 
2025/2/4 17:00,1.85 ,1.720,0.00 
2025/2/4 18:00,0.27 ,1.860,0.00 
2025/2/4 19:00,-1.39 ,1.870,0.00 
2025/2/4 20:00,-2.80 ,1.850,0.00 
2025/2/4 21:00,-3.73 ,1.830,0.00 
2025/2/4 22:00,-4.23 ,1.810,0.00 
2025/2/4 23:00,-4.43 ,1.790,0.00 
2025/2/5 0:00,-4.47 ,1.780,0.00 
2025/2/5 1:00,-4.48 ,1.740,0.00 
2025/2/5 2:00,-4.60 ,1.680,0.00 
2025/2/5 3:00,-4.91 ,1.590,0.00 
2025/2/5 4:00,-5.35 ,1.490,0.00 
2025/2/5 5:00,-5.80 ,1.390,0.00 
2025/2/5 6:00,-6.16 ,1.310,0.00 
2025/2/5 7:00,-6.30 ,1.240,0.00 
2025/2/5 8:00,-4.30 ,1.410,0.00 
2025/2/5 9:00,-2.17 ,1.590,0.00 
2025/2/5 10:00,-0.97 ,1.650,0.00 
2025/2/5 11:00,-0.40 ,1.630,0.00 
2025/2/5 12:00,-0.14 ,1.580,0.00 
2025/2/5 13:00,0.09 ,1.580,0.00 
2025/2/5 14:00,0.60 ,1.660,0.00 
2025/2/5 15:00,1.20 ,1.810,0.00 
2025/2/5 16:00,0.85 ,1.910,0.00 
2025/2/5 17:00,-0.03 ,1.930,0.00 
2025/2/5 18:00,-1.24 ,1.910,0.00 
2025/2/5 19:00,-2.54 ,1.860,0.00 
2025/2/5 20:00,-3.70 ,1.810,0.00 
2025/2/5 21:00,-4.56 ,1.780,0.00 
2025/2/5 22:00,-5.14 ,1.760,0.00 
2025/2/5 23:00,-5.54 ,1.740,0.00 
2025/2/6 0:00,-5.85 ,1.710,0.00 
2025/2/6 1:00,-6.14 ,1.660,0.00 
2025/2/6 2:00,-6.50 ,1.580,0.00 
2025/2/6 3:00,-6.99 ,1.450,0.00 
2025/2/6 4:00,-7.55 ,1.310,0.00 
2025/2/6 5:00,-8.07 ,1.160,0.00 
2025/2/6 6:00,-8.45 ,1.030,0.00 
2025/2/6 7:00,-8.60 ,0.900,0.00 
2025/2/6 8:00,-3.70 ,1.210,0.00 
2025/2/6 9:00,1.26 ,1.560,0.00 
2025/2/6 10:00,3.68 ,1.550,0.00 
2025/2/6 11:00,4.35 ,1.350,0.00 
2025/2/6 12:00,4.11 ,1.120,0.00 
2025/2/6 13:00,3.75 ,0.980,-11372.71 
2025/2/6 14:00,4.10 ,1.010,-5628.79 
2025/2/6 15:00,5.00 ,1.220,-863.55 
2025/2/6 16:00,4.59 ,1.440,-10119.49 
2025/2/6 17:00,3.55 ,1.640,-73.02 
2025/2/6 18:00,2.17 ,1.810,0.00 
2025/2/6 19:00,0.76 ,1.920,0.00 
2025/2/6 20:00,-0.40 ,1.990,0.00 
2025/2/6 21:00,-1.08 ,2.080,0.00 
2025/2/6 22:00,-1.37 ,2.190,0.00 
2025/2/6 23:00,-1.41 ,2.280,0.00 
2025/2/7 0:00,-1.36 ,2.340,0.00 
2025/2/7 1:00,-1.38 ,2.320,0.00 
2025/2/7 2:00,-1.60 ,2.190,0.00 
2025/2/7 3:00,-2.14 ,1.950,0.00 
2025/2/7 4:00,-2.86 ,1.660,0.00 
2025/2/7 5:00,-3.60 ,1.360,0.00 
2025/2/7 6:00,-4.17 ,1.100,0.00 
2025/2/7 7:00,-4.40 ,0.890,0.00 
2025/2/7 8:00,-4.10 ,0.740,0.00 
2025/2/7 9:00,-3.49 ,0.640,0.00 
2025/2/7 10:00,-2.68 ,0.580,0.00 
2025/2/7 11:00,-1.68 ,0.550,-3460.77 
2025/2/7 12:00,-0.49 ,0.560,-97.54 
2025/2/7 13:00,0.87 ,0.600,-11402.49 
2025/2/7 14:00,2.40 ,0.670,-24990.02 
2025/2/7 15:00,3.50 ,0.750,-23709.72 
2025/2/7 16:00,3.21 ,0.780,-206.49 
2025/2/7 17:00,2.45 ,0.770,0.00 
2025/2/7 18:00,1.38 ,0.750,0.00 
2025/2/7 19:00,0.18 ,0.700,0.00 
2025/2/7 20:00,-1.00 ,0.620,0.00 
2025/2/7 21:00,-2.02 ,0.540,0.00 
2025/2/7 22:00,-2.91 ,0.460,0.00 
2025/2/7 23:00,-3.73 ,0.390,0.00 
2025/2/8 0:00,-4.55 ,0.330,0.00 
2025/2/8 1:00,-5.41 ,0.290,0.00 
2025/2/8 2:00,-6.40 ,0.280,0.00 
2025/2/8 3:00,-7.53 ,0.290,0.00 
2025/2/8 4:00,-8.68 ,0.310,0.00 
2025/2/8 5:00,-9.70 ,0.330,0.00 
2025/2/8 6:00,-10.42 ,0.350,0.00 
2025/2/8 7:00,-10.70 ,0.360,0.00 
2025/2/8 8:00,-10.10 ,0.370,0.00 
2025/2/8 9:00,-8.98 ,0.380,0.00 
2025/2/8 10:00,-7.59 ,0.350,0.00 
2025/2/8 11:00,-5.98 ,0.310,-516.84 
2025/2/8 12:00,-4.19 ,0.270,-6202.61 
2025/2/8 13:00,-2.24 ,0.230,-14886.94 
2025/2/8 14:00,-0.20 ,0.260,-17099.78 
2025/2/8 15:00,1.20 ,0.370,-12346.63 
2025/2/8 16:00,0.77 ,0.530,-8626.90 
2025/2/8 17:00,-0.34 ,0.700,0.00 
2025/2/8 18:00,-1.84 ,0.830,0.00 
2025/2/8 19:00,-3.42 ,0.930,0.00 
2025/2/8 20:00,-4.80 ,0.990,0.00 
2025/2/8 21:00,-5.76 ,1.050,0.00 
2025/2/8 22:00,-6.36 ,1.100,0.00 
2025/2/8 23:00,-6.73 ,1.160,0.00 
2025/2/9 0:00,-7.00 ,1.220,0.00 
2025/2/9 1:00,-7.32 ,1.270,0.00 
2025/2/9 2:00,-7.80 ,1.290,0.00 
2025/2/9 3:00,-8.53 ,1.290,0.00 
2025/2/9 4:00,-9.40 ,1.260,0.00 
2025/2/9 5:00,-10.23 ,1.220,0.00 
2025/2/9 6:00,-10.85 ,1.170,0.00 
2025/2/9 7:00,-11.10 ,1.130,0.00 
2025/2/9 8:00,-10.20 ,1.170,0.00 
2025/2/9 9:00,-8.30 ,1.260,0.00 
2025/2/9 10:00,-5.90 ,1.340,0.00 
2025/2/9 11:00,-3.33 ,1.380,-254.31 
2025/2/9 12:00,-0.89 ,1.350,-3719.92 
2025/2/9 13:00,1.09 ,1.250,-10334.56 
2025/2/9 14:00,2.30 ,1.110,-11555.16 
2025/2/9 15:00,2.60 ,1.060,-5722.08 
2025/2/9 16:00,2.28 ,1.100,-4889.70 
2025/2/9 17:00,1.44 ,1.200,0.00 
2025/2/9 18:00,0.27 ,1.320,0.00 
2025/2/9 19:00,-1.04 ,1.390,0.00 
2025/2/9 20:00,-2.30 ,1.450,0.00 
2025/2/9 21:00,-3.37 ,1.480,0.00 
2025/2/9 22:00,-4.25 ,1.500,0.00 
2025/2/9 23:00,-5.00 ,1.500,0.00 
2025/2/10 0:00,-5.65 ,1.490,0.00 
2025/2/10 1:00,-6.27 ,1.460,0.00 
2025/2/10 2:00,-6.90 ,1.400,0.00 
2025/2/10 3:00,-7.56 ,1.330,0.00 
2025/2/10 4:00,-8.21 ,1.240,0.00 
2025/2/10 5:00,-8.77 ,1.150,0.00 
2025/2/10 6:00,-9.15 ,1.070,0.00 
2025/2/10 7:00,-9.30 ,1.000,0.00 
2025/2/10 8:00,-6.80 ,1.160,0.00 
2025/2/10 9:00,-4.01 ,1.350,0.00 
2025/2/10 10:00,-2.19 ,1.430,0.00 
2025/2/10 11:00,-0.97 ,1.420,0.00 
2025/2/10 12:00,0.05 ,1.400,0.00 
2025/2/10 13:00,1.25 ,1.400,-4075.12 
2025/2/10 14:00,3.00 ,1.510,0.00 
2025/2/10 15:00,4.60 ,1.680,0.00 
2025/2/10 16:00,4.23 ,1.700,-16.01 
2025/2/10 17:00,3.31 ,1.700,0.00 
2025/2/10 18:00,2.10 ,1.670,0.00 
2025/2/10 19:00,0.87 ,1.620,0.00 
2025/2/10 20:00,-0.10 ,1.560,0.00 
2025/2/10 21:00,-0.62 ,1.530,0.00 
2025/2/10 22:00,-0.78 ,1.510,0.00 
2025/2/10 23:00,-0.77 ,1.500,0.00 
2025/2/11 0:00,-0.75 ,1.470,0.00 
2025/2/11 1:00,-0.90 ,1.420,0.00 
2025/2/11 2:00,-1.40 ,1.330,0.00 
2025/2/11 3:00,-2.35 ,1.220,0.00 
2025/2/11 4:00,-3.54 ,1.100,0.00 
2025/2/11 5:00,-4.73 ,0.980,0.00 
2025/2/11 6:00,-5.64 ,0.900,0.00 
2025/2/11 7:00,-6.00 ,0.850,0.00 
2025/2/11 8:00,-3.30 ,1.020,0.00 
2025/2/11 9:00,-0.11 ,1.250,0.00 
2025/2/11 10:00,2.13 ,1.360,0.00 
2025/2/11 11:00,3.72 ,1.380,-608.06 
2025/2/11 12:00,4.90 ,1.370,-6715.60 
2025/2/11 13:00,5.98 ,1.390,-13940.86 
2025/2/11 14:00,7.20 ,1.510,-15544.22 
2025/2/11 15:00,8.20 ,1.730,-13777.86 
2025/2/11 16:00,7.76 ,1.880,-9355.24 
2025/2/11 17:00,6.61 ,2.000,-411.01 
2025/2/11 18:00,5.03 ,2.080,0.00 
2025/2/11 19:00,3.27 ,2.110,0.00 
2025/2/11 20:00,1.60 ,2.130,0.00 
2025/2/11 21:00,0.24 ,2.160,0.00 
2025/2/11 22:00,-0.83 ,2.150,0.00 
2025/2/11 23:00,-1.66 ,2.170,0.00 
2025/2/12 0:00,-2.33 ,2.190,0.00 
2025/2/12 1:00,-2.88 ,2.190,0.00 
2025/2/12 2:00,-3.40 ,2.150,0.00 
2025/2/12 3:00,-3.92 ,2.070,0.00 
2025/2/12 4:00,-4.40 ,1.970,0.00 
2025/2/12 5:00,-4.81 ,1.860,0.00 
2025/2/12 6:00,-5.10 ,1.740,0.00 
2025/2/12 7:00,-5.20 ,1.630,0.00 
2025/2/12 8:00,-2.60 ,1.910,0.00 
2025/2/12 9:00,0.38 ,2.270,0.00 
2025/2/12 10:00,2.35 ,2.400,0.00 
2025/2/12 11:00,3.62 ,2.390,0.00 
2025/2/12 12:00,4.47 ,2.340,0.00 
2025/2/12 13:00,5.20 ,2.320,0.00 
2025/2/12 14:00,6.10 ,2.400,0.00 
2025/2/12 15:00,6.90 ,2.580,0.00 
2025/2/12 16:00,6.27 ,2.600,0.00 
2025/2/12 17:00,4.69 ,2.490,0.00 
2025/2/12 18:00,2.59 ,2.290,0.00 
2025/2/12 19:00,0.41 ,2.070,0.00 
2025/2/12 20:00,-1.40 ,1.840,0.00 
2025/2/12 21:00,-2.51 ,1.700,0.00 
2025/2/12 22:00,-3.02 ,1.620,0.00 
2025/2/12 23:00,-3.10 ,1.570,0.00 
2025/2/13 0:00,-2.96 ,1.550,0.00 
2025/2/13 1:00,-2.80 ,1.530,0.00 
2025/2/13 2:00,-2.80 ,1.510,0.00 
2025/2/13 3:00,-3.10 ,1.480,0.00 
2025/2/13 4:00,-3.61 ,1.430,0.00 
2025/2/13 5:00,-4.17 ,1.380,0.00 
2025/2/13 6:00,-4.62 ,1.340,0.00 
2025/2/13 7:00,-4.80 ,1.310,0.00 
2025/2/13 8:00,-2.40 ,1.560,0.00 
2025/2/13 9:00,0.03 ,1.830,0.00 
2025/2/13 10:00,1.26 ,1.840,0.00 
2025/2/13 11:00,1.75 ,1.730,0.00 
2025/2/13 12:00,1.96 ,1.590,0.00 
2025/2/13 13:00,2.36 ,1.500,-1291.54 
2025/2/13 14:00,3.40 ,1.550,0.00 
2025/2/13 15:00,4.60 ,1.700,0.00 
2025/2/13 16:00,4.32 ,1.770,0.00 
2025/2/13 17:00,3.58 ,1.850,0.00 
2025/2/13 18:00,2.49 ,1.920,0.00 
2025/2/13 19:00,1.19 ,1.980,0.00 
2025/2/13 20:00,-0.20 ,1.990,0.00 
2025/2/13 21:00,-1.56 ,1.980,0.00 
2025/2/13 22:00,-2.85 ,1.960,0.00 
2025/2/13 23:00,-4.04 ,1.900,0.00 
2025/2/14 0:00,-5.08 ,1.810,0.00 
2025/2/14 1:00,-5.94 ,1.700,0.00 
2025/2/14 2:00,-6.60 ,1.560,0.00 
2025/2/14 3:00,-7.03 ,1.390,0.00 
2025/2/14 4:00,-7.27 ,1.200,0.00 
2025/2/14 5:00,-7.38 ,1.000,0.00 
2025/2/14 6:00,-7.40 ,0.800,0.00 
2025/2/14 7:00,-5.16 ,0.750,0.00 
2025/2/14 8:00,-1.30 ,0.800,0.00 
2025/2/14 9:00,0.79 ,0.780,0.00 
2025/2/14 10:00,1.27 ,0.720,0.00 
2025/2/14 11:00,1.20 ,0.700,0.00 
2025/2/14 12:00,1.10 ,0.720,-3401.81 
2025/2/14 13:00,0.84 ,0.740,-15363.03 
2025/2/14 14:00,0.50 ,0.740,-14404.96 
2025/2/14 15:00,0.14 ,0.710,-9083.86 
2025/2/14 16:00,-0.22 ,0.640,-8786.42 
2025/2/14 17:00,-0.58 ,0.570,-1033.65 
2025/2/14 18:00,-0.93 ,0.500,0.00 
2025/2/14 19:00,-1.27 ,0.440,0.00 
2025/2/14 20:00,-1.60 ,0.390,0.00 
2025/2/14 21:00,-1.92 ,0.370,0.00 
2025/2/14 22:00,-2.26 ,0.370,0.00 
2025/2/14 23:00,-2.66 ,0.390,0.00 
2025/2/15 0:00,-3.16 ,0.410,0.00 
2025/2/15 1:00,-3.79 ,0.440,0.00 
2025/2/15 2:00,-4.60 ,0.460,0.00 
2025/2/15 3:00,-5.58 ,0.470,0.00 
2025/2/15 4:00,-6.56 ,0.470,0.00 
2025/2/15 5:00,-7.30 ,0.470,0.00 
2025/2/15 6:00,-7.60 ,0.480,0.00 
2025/2/15 7:00,-6.90 ,0.520,0.00 
2025/2/15 8:00,-5.50 ,0.560,0.00 
2025/2/15 9:00,-4.24 ,0.570,0.00 
2025/2/15 10:00,-3.17 ,0.550,0.00 
2025/2/15 11:00,-2.17 ,0.500,-1052.75 
2025/2/15 12:00,-1.09 ,0.440,-9576.61 
2025/2/15 13:00,0.18 ,0.400,-18421.23 
2025/2/15 14:00,1.80 ,0.390,-19894.57 
2025/2/15 15:00,3.10 ,0.420,-16968.62 
2025/2/15 16:00,2.79 ,0.460,-11767.28 
2025/2/15 17:00,1.97 ,0.530,-2600.15 
2025/2/15 18:00,0.86 ,0.590,0.00 
2025/2/15 19:00,-0.36 ,0.650,0.00 
2025/2/15 20:00,-1.50 ,0.690,0.00 
2025/2/15 21:00,-2.40 ,0.730,0.00 
2025/2/15 22:00,-3.09 ,0.770,0.00 
2025/2/15 23:00,-3.66 ,0.800,0.00 
2025/2/16 0:00,-4.18 ,0.840,0.00 
2025/2/16 1:00,-4.73 ,0.860,0.00 
2025/2/16 2:00,-5.40 ,0.880,0.00 
2025/2/16 3:00,-6.21 ,0.880,0.00 
2025/2/16 4:00,-7.02 ,0.870,0.00 
2025/2/16 5:00,-7.65 ,0.860,0.00 
2025/2/16 6:00,-7.90 ,0.860,0.00 
2025/2/16 7:00,-7.88 ,0.860,0.00 
2025/2/16 8:00,-7.50 ,0.850,0.00 
2025/2/16 9:00,-6.42 ,0.850,0.00 
2025/2/16 10:00,-4.76 ,0.860,0.00 
2025/2/16 11:00,-2.74 ,0.860,-594.03 
2025/2/16 12:00,-0.58 ,0.830,-7701.26 
2025/2/16 13:00,1.47 ,0.770,-17380.01 
2025/2/16 14:00,3.20 ,0.710,-19397.83 
2025/2/16 15:00,4.10 ,0.680,-177.58 
2025/2/16 16:00,3.66 ,0.670,-6065.01 
2025/2/16 17:00,2.54 ,0.700,0.00 
2025/2/16 18:00,1.03 ,0.760,0.00 
2025/2/16 19:00,-0.58 ,0.810,0.00 
2025/2/16 20:00,-2.00 ,0.880,0.00 
2025/2/16 21:00,-3.00 ,0.980,0.00 
2025/2/16 22:00,-3.66 ,1.090,0.00 
2025/2/16 23:00,-4.09 ,1.210,0.00 
2025/2/17 0:00,-4.44 ,1.310,0.00 
2025/2/17 1:00,-4.83 ,1.380,0.00 
2025/2/17 2:00,-5.40 ,1.400,0.00 
2025/2/17 3:00,-6.22 ,1.340,0.00 
2025/2/17 4:00,-7.10 ,1.250,0.00 
2025/2/17 5:00,-7.81 ,1.160,0.00 
2025/2/17 6:00,-8.10 ,1.090,0.00 
2025/2/17 7:00,-7.54 ,1.090,0.00 
2025/2/17 8:00,-6.30 ,1.120,0.00 
2025/2/17 9:00,-4.95 ,1.130,0.00 
2025/2/17 10:00,-3.57 ,1.120,0.00 
2025/2/17 11:00,-2.12 ,1.080,0.00 
2025/2/17 12:00,-0.55 ,1.040,-668.34 
2025/2/17 13:00,1.17 ,1.010,-4116.42 
2025/2/17 14:00,3.10 ,0.990,-4935.31 
2025/2/17 15:00,4.50 ,0.970,-901.44 
2025/2/17 16:00,4.17 ,0.920,-4689.50 
2025/2/17 17:00,3.28 ,0.910,-532.04 
2025/2/17 18:00,2.04 ,0.940,0.00 
2025/2/17 19:00,0.62 ,1.020,0.00 
2025/2/17 20:00,-0.80 ,1.120,0.00 
2025/2/17 21:00,-2.06 ,1.250,0.00 
2025/2/17 22:00,-3.15 ,1.400,0.00 
2025/2/17 23:00,-4.09 ,1.540,0.00 
2025/2/18 0:00,-4.90 ,1.650,0.00 
2025/2/18 1:00,-5.60 ,1.730,0.00 
2025/2/18 2:00,-6.20 ,1.770,0.00 
2025/2/18 3:00,-6.72 ,1.760,0.00 
2025/2/18 4:00,-7.13 ,1.710,0.00 
2025/2/18 5:00,-7.40 ,1.650,0.00 
2025/2/18 6:00,-7.50 ,1.600,0.00 
2025/2/18 7:00,-6.34 ,1.700,0.00 
2025/2/18 8:00,-4.20 ,1.970,0.00 
2025/2/18 9:00,-2.67 ,2.160,0.00 
2025/2/18 10:00,-1.89 ,2.230,0.00 
2025/2/18 11:00,-1.59 ,2.220,0.00 
2025/2/18 12:00,-1.53 ,2.160,0.00 
2025/2/18 13:00,-1.45 ,2.110,0.00 
2025/2/18 14:00,-1.10 ,2.110,0.00 
2025/2/18 15:00,-0.41 ,2.170,0.00 
2025/2/18 16:00,0.00 ,2.210,0.00 
2025/2/18 17:00,-0.10 ,2.110,0.00 
2025/2/18 18:00,-0.36 ,2.020,0.00 
2025/2/18 19:00,-0.71 ,1.940,0.00 
2025/2/18 20:00,-1.10 ,1.870,0.00 
2025/2/18 21:00,-1.47 ,1.840,0.00 
2025/2/18 22:00,-1.81 ,1.810,0.00 
2025/2/18 23:00,-2.15 ,1.800,0.00 
2025/2/19 0:00,-2.49 ,1.780,0.00 
2025/2/19 1:00,-2.83 ,1.730,0.00 
2025/2/19 2:00,-3.20 ,1.660,0.00 
2025/2/19 3:00,-3.59 ,1.560,0.00 
2025/2/19 4:00,-3.94 ,1.450,0.00 
2025/2/19 5:00,-4.20 ,1.320,0.00 
2025/2/19 6:00,-4.30 ,1.210,0.00 
2025/2/19 7:00,-3.48 ,1.170,0.00 
2025/2/19 8:00,-1.80 ,1.190,0.00 
2025/2/19 9:00,-0.24 ,1.180,0.00 
2025/2/19 10:00,1.05 ,1.120,0.00 
2025/2/19 11:00,2.13 ,1.020,0.00 
2025/2/19 12:00,3.05 ,0.920,-2841.78 
2025/2/19 13:00,3.89 ,0.840,-8883.85 
2025/2/19 14:00,4.70 ,0.790,-4673.10 
2025/2/19 15:00,5.45 ,0.800,-6503.54 
2025/2/19 16:00,5.80 ,0.850,-6315.93 
2025/2/19 17:00,5.49 ,0.900,0.00 
2025/2/19 18:00,4.71 ,0.940,0.00 
2025/2/19 19:00,3.64 ,0.950,0.00 
2025/2/19 20:00,2.50 ,0.950,0.00 
2025/2/19 21:00,1.44 ,0.930,0.00 
2025/2/19 22:00,0.48 ,0.910,0.00 
2025/2/19 23:00,-0.41 ,0.870,0.00 
2025/2/20 0:00,-1.25 ,0.840,0.00 
2025/2/20 1:00,-2.08 ,0.830,0.00 
2025/2/20 2:00,-2.90 ,0.820,0.00 
2025/2/20 3:00,-3.73 ,0.830,0.00 
2025/2/20 4:00,-4.47 ,0.840,0.00 
2025/2/20 5:00,-5.00 ,0.860,0.00 
2025/2/20 6:00,-5.20 ,0.880,0.00 
2025/2/20 7:00,-4.81 ,0.930,0.00 
2025/2/20 8:00,-3.90 ,0.970,0.00 
2025/2/20 9:00,-2.81 ,0.980,0.00 
2025/2/20 10:00,-1.60 ,0.940,0.00 
2025/2/20 11:00,-0.26 ,0.880,-618.92 
2025/2/20 12:00,1.24 ,0.810,-7106.15 
2025/2/20 13:00,2.88 ,0.760,-15212.23 
2025/2/20 14:00,4.70 ,0.790,-17394.60 
2025/2/20 15:00,6.00 ,0.920,-16880.96 
2025/2/20 16:00,5.61 ,1.070,-12122.13 
2025/2/20 17:00,4.60 ,1.230,-6996.05 
2025/2/20 18:00,3.22 ,1.360,0.00 
2025/2/20 19:00,1.70 ,1.450,0.00 
2025/2/20 20:00,0.30 ,1.510,0.00 
2025/2/20 21:00,-0.80 ,1.500,0.00 
2025/2/20 22:00,-1.63 ,1.500,0.00 
2025/2/20 23:00,-2.28 ,1.490,0.00 
2025/2/21 0:00,-2.85 ,1.460,0.00 
2025/2/21 1:00,-3.43 ,1.410,0.00 
2025/2/21 2:00,-4.10 ,1.330,0.00 
2025/2/21 3:00,-4.91 ,1.220,0.00 
2025/2/21 4:00,-5.73 ,1.110,0.00 
2025/2/21 5:00,-6.35 ,1.020,0.00 
2025/2/21 6:00,-6.60 ,0.960,0.00 
2025/2/21 7:00,-5.79 ,0.970,0.00 
2025/2/21 8:00,-4.10 ,1.060,0.00 
2025/2/21 9:00,-2.44 ,1.140,0.00 
2025/2/21 10:00,-0.92 ,1.210,0.00 
2025/2/21 11:00,0.51 ,1.290,0.00 
2025/2/21 12:00,1.95 ,1.350,0.00 
2025/2/21 13:00,3.45 ,1.460,-1228.72 
2025/2/21 14:00,5.10 ,1.630,0.00 
2025/2/21 15:00,6.30 ,1.830,0.00 
2025/2/21 16:00,5.76 ,1.870,0.00 
2025/2/21 17:00,4.41 ,1.830,0.00 
2025/2/21 18:00,2.62 ,1.760,0.00 
2025/2/21 19:00,0.79 ,1.690,0.00 
2025/2/21 20:00,-0.70 ,1.620,0.00 
2025/2/21 21:00,-1.56 ,1.640,0.00 
2025/2/21 22:00,-1.88 ,1.710,0.00 
2025/2/21 23:00,-1.83 ,1.830,0.00 
2025/2/22 0:00,-1.62 ,1.970,0.00 
2025/2/22 1:00,-1.41 ,2.100,0.00 
2025/2/22 2:00,-1.40 ,2.170,0.00 
2025/2/22 3:00,-1.70 ,2.160,0.00 
2025/2/22 4:00,-2.17 ,2.090,0.00 
2025/2/22 5:00,-2.61 ,2.000,0.00 
2025/2/22 6:00,-2.80 ,1.920,0.00 
2025/2/22 7:00,-2.50 ,1.890,0.00 
2025/2/22 8:00,-1.80 ,1.870,0.00 
2025/2/22 9:00,-0.98 ,1.820,0.00 
2025/2/22 10:00,-0.07 ,1.730,0.00 
2025/2/22 11:00,0.94 ,1.640,0.00 
2025/2/22 12:00,2.06 ,1.560,0.00 
2025/2/22 13:00,3.31 ,1.540,0.00 
2025/2/22 14:00,4.70 ,1.640,0.00 
2025/2/22 15:00,5.70 ,1.860,0.00 
2025/2/22 16:00,5.29 ,2.030,0.00 
2025/2/22 17:00,4.27 ,2.150,0.00 
2025/2/22 18:00,2.97 ,2.210,0.00 
2025/2/22 19:00,1.74 ,2.210,0.00 
2025/2/22 20:00,0.90 ,2.180,0.00 
2025/2/22 21:00,0.69 ,2.140,0.00 
2025/2/22 22:00,0.93 ,2.080,0.00 
2025/2/22 23:00,1.38 ,1.990,0.00 
2025/2/23 0:00,1.74 ,1.840,0.00 
2025/2/23 1:00,1.77 ,1.660,0.00 
2025/2/23 2:00,1.20 ,1.440,0.00 
2025/2/23 3:00,-0.11 ,1.200,0.00 
2025/2/23 4:00,-1.73 ,1.000,0.00 
2025/2/23 5:00,-3.12 ,0.870,0.00 
2025/2/23 6:00,-3.70 ,0.800,0.00 
2025/2/23 7:00,-3.12 ,0.810,0.00 
2025/2/23 8:00,-1.80 ,0.830,0.00 
2025/2/23 9:00,-0.28 ,0.820,0.00 
2025/2/23 10:00,1.29 ,0.750,0.00 
2025/2/23 11:00,2.83 ,0.640,-1392.90 
2025/2/23 12:00,4.29 ,0.500,-9946.42 
2025/2/23 13:00,5.60 ,0.370,-18891.33 
2025/2/23 14:00,6.70 ,0.300,-20488.73 
2025/2/23 15:00,7.30 ,0.340,-20564.46 
2025/2/23 16:00,7.04 ,0.460,-14977.78 
2025/2/23 17:00,6.36 ,0.630,-11555.39 
2025/2/23 18:00,5.41 ,0.800,0.00 
2025/2/23 19:00,4.34 ,0.940,0.00 
2025/2/23 20:00,3.30 ,1.050,0.00 
2025/2/23 21:00,2.41 ,1.110,0.00 
2025/2/23 22:00,1.64 ,1.140,0.00 
2025/2/23 23:00,0.93 ,1.150,0.00 
2025/2/24 0:00,0.21 ,1.140,0.00 
2025/2/24 1:00,-0.58 ,1.110,0.00 
2025/2/24 2:00,-1.50 ,1.080,0.00 
2025/2/24 3:00,-2.57 ,1.040,0.00 
2025/2/24 4:00,-3.60 ,1.000,0.00 
2025/2/24 5:00,-4.39 ,0.980,0.00 
2025/2/24 6:00,-4.70 ,0.980,0.00 
2025/2/24 7:00,-4.44 ,1.000,0.00 
2025/2/24 8:00,-3.80 ,1.020,0.00 
2025/2/24 9:00,-2.95 ,1.030,0.00 
2025/2/24 10:00,-1.92 ,1.010,0.00 
2025/2/24 11:00,-0.70 ,0.990,0.00 
2025/2/24 12:00,0.70 ,0.980,-710.53 
2025/2/24 13:00,2.30 ,0.980,-15089.91 
2025/2/24 14:00,4.10 ,1.050,0.00 
2025/2/24 15:00,5.40 ,1.190,0.00 
2025/2/24 16:00,5.01 ,1.260,0.00 
2025/2/24 17:00,4.02 ,1.320,0.00 
2025/2/24 18:00,2.72 ,1.350,0.00 
2025/2/24 19:00,1.39 ,1.360,0.00 
2025/2/24 20:00,0.30 ,1.340,0.00 
2025/2/24 21:00,-0.33 ,1.300,0.00 
2025/2/24 22:00,-0.57 ,1.280,0.00 
2025/2/24 23:00,-0.59 ,1.270,0.00 
2025/2/25 0:00,-0.51 ,1.270,0.00 
2025/2/25 1:00,-0.50 ,1.270,0.00 
2025/2/25 2:00,-0.70 ,1.270,0.00 
2025/2/25 3:00,-1.20 ,1.270,0.00 
2025/2/25 4:00,-1.83 ,1.280,0.00 
2025/2/25 5:00,-2.37 ,1.300,0.00 
2025/2/25 6:00,-2.60 ,1.330,0.00 
2025/2/25 7:00,-2.43 ,1.380,0.00 
2025/2/25 8:00,-2.00 ,1.420,0.00 
2025/2/25 9:00,-1.44 ,1.430,0.00 
2025/2/25 10:00,-0.73 ,1.400,0.00 
2025/2/25 11:00,0.13 ,1.370,0.00 
2025/2/25 12:00,1.19 ,1.340,0.00 
2025/2/25 13:00,2.47 ,1.350,0.00 
2025/2/25 14:00,4.00 ,1.460,0.00 
2025/2/25 15:00,5.62 ,1.700,0.00 
2025/2/25 16:00,6.40 ,1.960,0.00 
2025/2/25 17:00,5.84 ,2.100,0.00 
2025/2/25 18:00,4.54 ,2.120,0.00 
2025/2/25 19:00,3.04 ,2.070,0.00 
2025/2/25 20:00,1.90 ,1.990,0.00 
2025/2/25 21:00,1.52 ,1.950,0.00 
2025/2/25 22:00,1.71 ,1.930,0.00 
2025/2/25 23:00,2.12 ,1.890,0.00 
2025/2/26 0:00,2.40 ,1.830,0.00 
2025/2/26 1:00,2.21 ,1.710,0.00 
2025/2/26 2:00,1.20 ,1.530,0.00 
2025/2/26 3:00,-0.79 ,1.290,0.00 
2025/2/26 4:00,-3.17 ,1.070,0.00 
2025/2/26 5:00,-5.16 ,0.920,0.00 
2025/2/26 6:00,-6.00 ,0.870,0.00 
2025/2/26 7:00,-4.05 ,1.030,0.00 
2025/2/26 8:00,-0.30 ,1.350,0.00 
2025/2/26 9:00,2.68 ,1.550,0.00 
2025/2/26 10:00,4.65 ,1.560,0.00 
2025/2/26 11:00,5.93 ,1.410,-1419.30 
2025/2/26 12:00,6.87 ,1.180,-9496.43 
2025/2/26 13:00,7.78 ,0.960,-17659.37 
2025/2/26 14:00,9.00 ,0.780,-20122.17 
2025/2/26 15:00,10.10 ,0.680,-21873.94 
2025/2/26 16:00,9.72 ,0.630,-15560.79 
2025/2/26 17:00,8.74 ,0.680,-13413.71 
2025/2/26 18:00,7.39 ,0.800,0.00 
2025/2/26 19:00,5.90 ,0.970,0.00 
2025/2/26 20:00,4.50 ,1.200,0.00 
2025/2/26 21:00,3.37 ,1.470,0.00 
2025/2/26 22:00,2.48 ,1.750,0.00 
2025/2/26 23:00,1.72 ,2.010,0.00 
2025/2/27 0:00,1.00 ,2.190,0.00 
2025/2/27 1:00,0.22 ,2.260,0.00 
2025/2/27 2:00,-0.70 ,2.160,0.00 
2025/2/27 3:00,-1.81 ,1.920,0.00 
2025/2/27 4:00,-2.92 ,1.630,0.00 
2025/2/27 5:00,-3.76 ,1.350,0.00 
2025/2/27 6:00,-4.10 ,1.120,0.00 
2025/2/27 7:00,-1.97 ,1.100,0.00 
2025/2/27 8:00,2.10 ,1.230,0.00 
2025/2/27 9:00,5.30 ,1.250,0.00 
2025/2/27 10:00,7.33 ,1.190,-242.63 
2025/2/27 11:00,8.53 ,1.090,-7029.40 
2025/2/27 12:00,9.24 ,1.000,-22342.81 
2025/2/27 13:00,9.78 ,0.920,-32806.58 
2025/2/27 14:00,10.50 ,0.860,-36273.50 
2025/2/27 15:00,11.20 ,0.810,-35991.33 
2025/2/27 16:00,10.59 ,0.710,-25309.81 
2025/2/27 17:00,9.11 ,0.640,-16905.71 
2025/2/27 18:00,7.31 ,0.630,0.00 
2025/2/27 19:00,5.73 ,0.710,0.00 
2025/2/27 20:00,4.90 ,0.910,0.00 
2025/2/27 21:00,4.80 ,1.250,0.00 
2025/2/27 22:00,3.72 ,1.560,0.00 
2025/2/27 23:00,1.73 ,1.740,0.00 
2025/2/28 0:00,-0.51 ,1.760,0.00 
2025/2/28 1:00,-2.34 ,1.770,0.00 
2025/2/28 2:00,-3.10 ,1.860,0.00 
2025/2/28 3:00,-3.63 ,1.910,0.00 
2025/2/28 4:00,-4.80 ,1.810,0.00 
2025/2/28 5:00,-5.94 ,1.660,0.00 
2025/2/28 6:00,-6.40 ,1.580,0.00 
2025/2/28 7:00,-5.73 ,1.620,0.00 
2025/2/28 8:00,-4.30 ,1.730,0.00 
2025/2/28 9:00,-2.63 ,1.830,0.00 
2025/2/28 10:00,-0.91 ,1.890,0.00 
2025/2/28 11:00,0.73 ,1.910,-521.41 
2025/2/28 12:00,2.16 ,1.840,-14225.00 
2025/2/28 13:00,3.26 ,1.730,-24757.95 
2025/2/28 14:00,3.90 ,1.630,-25468.87 
2025/2/28 15:00,4.01 ,1.560,-96.06 
2025/2/28 16:00,3.68 ,1.530,0.00 
2025/2/28 17:00,3.04 ,1.530,-9292.82 
2025/2/28 18:00,2.24 ,1.560,0.00 
2025/2/28 19:00,1.41 ,1.600,0.00 
2025/2/28 20:00,0.70 ,1.650,0.00 
2025/2/28 21:00,0.20 ,1.710,0.00 
2025/2/28 22:00,-0.11 ,1.770,0.00 
2025/2/28 23:00,-0.32 ,1.840,0.00 
2025/3/1 0:00,-0.49 ,1.960,0.00 
2025/3/1 1:00,-0.69 ,2.030,0.00 
2025/3/1 2:00,-1.00 ,2.080,0.00 
2025/3/1 3:00,-1.45 ,2.110,0.00 
2025/3/1 4:00,-1.94 ,2.110,0.00 
2025/3/1 5:00,-2.34 ,2.120,0.00 
2025/3/1 6:00,-2.50 ,2.140,0.00 
2025/3/1 7:00,-2.03 ,2.250,0.00 
2025/3/1 8:00,-1.10 ,2.410,0.00 
2025/3/1 9:00,-0.31 ,2.490,0.00 
2025/3/1 10:00,0.35 ,2.520,0.00 
2025/3/1 11:00,1.06 ,2.500,0.00 
2025/3/1 12:00,2.00 ,2.500,0.00 
2025/3/1 13:00,3.32 ,2.580,0.00 
2025/3/1 14:00,5.20 ,2.810,0.00 
2025/3/1 15:00,6.80 ,3.090,-226.23 
2025/3/1 16:00,6.58 ,3.060,0.00 
2025/3/1 17:00,6.02 ,3.010,0.00 
2025/3/1 18:00,5.25 ,2.950,0.00 
2025/3/1 19:00,4.43 ,2.880,0.00 
2025/3/1 20:00,3.70 ,2.830,0.00 
2025/3/1 21:00,3.16 ,2.800,0.00 
2025/3/1 22:00,2.78 ,2.790,0.00 
2025/3/1 23:00,2.45 ,2.790,0.00 
2025/3/2 0:00,2.10 ,2.800,0.00 
2025/3/2 1:00,1.65 ,2.810,0.00 
2025/3/2 2:00,1.00 ,2.820,0.00 
2025/3/2 3:00,0.13 ,2.820,0.00 
2025/3/2 4:00,-0.79 ,2.750,0.00 
2025/3/2 5:00,-1.51 ,2.710,0.00 
2025/3/2 6:00,-1.80 ,2.710,0.00 
2025/3/2 7:00,-1.43 ,2.780,0.00 
2025/3/2 8:00,-0.40 ,2.880,0.00 
2025/3/2 9:00,1.15 ,2.920,0.00 
2025/3/2 10:00,3.05 ,2.810,0.00 
2025/3/2 11:00,5.14 ,2.530,-135.73 
2025/3/2 12:00,7.22 ,2.090,-11339.60 
2025/3/2 13:00,9.14 ,1.520,-24333.30 
2025/3/2 14:00,10.70 ,0.960,-26451.77 
2025/3/2 15:00,11.50 ,0.570,-29798.84 
2025/3/2 16:00,11.21 ,0.410,-22559.78 
2025/3/2 17:00,10.47 ,0.470,-20009.90 
2025/3/2 18:00,9.45 ,0.660,0.00 
2025/3/2 19:00,8.34 ,0.900,0.00 
2025/3/2 20:00,7.30 ,1.140,0.00 
2025/3/2 21:00,6.48 ,1.370,0.00 
2025/3/2 22:00,5.84 ,1.580,0.00 
2025/3/2 23:00,5.28 ,1.810,0.00 
2025/3/3 0:00,4.73 ,2.040,0.00 
2025/3/3 1:00,4.10 ,2.290,0.00 
2025/3/3 2:00,3.30 ,2.540,0.00 
2025/3/3 3:00,2.30 ,2.770,0.00 
2025/3/3 4:00,1.29 ,2.960,0.00 
2025/3/3 5:00,0.51 ,3.130,0.00 
2025/3/3 6:00,0.20 ,3.290,0.00 
2025/3/3 7:00,0.30 ,3.410,0.00 
2025/3/3 8:00,0.60 ,3.410,0.00 
2025/3/3 9:00,1.07 ,3.220,0.00 
2025/3/3 10:00,1.73 ,2.870,0.00 
2025/3/3 11:00,2.59 ,2.430,-928.17 
2025/3/3 12:00,3.68 ,1.920,-8500.44 
2025/3/3 13:00,5.01 ,1.430,-16037.84 
2025/3/3 14:00,6.60 ,1.020,-17449.12 
2025/3/3 15:00,7.80 ,0.800,-18678.91 
2025/3/3 16:00,7.63 ,0.740,-12359.38 
2025/3/3 17:00,7.21 ,0.840,0.00 
2025/3/3 18:00,6.63 ,1.030,0.00 
2025/3/3 19:00,6.03 ,1.240,0.00 
2025/3/3 20:00,5.50 ,1.400,0.00 
2025/3/3 21:00,5.13 ,1.480,0.00 
2025/3/3 22:00,4.85 ,1.510,0.00 
2025/3/3 23:00,4.54 ,1.510,0.00 
2025/3/4 0:00,4.10 ,1.510,0.00 
2025/3/4 1:00,3.42 ,1.510,0.00 
2025/3/4 2:00,2.40 ,1.530,0.00 
2025/3/4 3:00,1.00 ,1.570,0.00 
2025/3/4 4:00,-0.47 ,1.590,0.00 
2025/3/4 5:00,-1.63 ,1.620,0.00 
2025/3/4 6:00,-2.10 ,1.710,0.00 
2025/3/4 7:00,-1.25 ,1.930,0.00 
2025/3/4 8:00,0.50 ,2.240,0.00 
2025/3/4 9:00,2.16 ,2.380,0.00 
2025/3/4 10:00,3.69 ,2.350,0.00 
2025/3/4 11:00,5.26 ,2.210,0.00 
2025/3/4 12:00,7.05 ,2.000,-8500.24 
2025/3/4 13:00,9.24 ,1.780,-29890.30 
2025/3/4 14:00,12.00 ,1.650,-40029.85 
2025/3/4 15:00,14.20 ,1.600,-43960.41 
2025/3/4 16:00,13.91 ,1.500,-32291.29 
2025/3/4 17:00,13.14 ,1.540,-22966.69 
2025/3/4 18:00,12.07 ,1.650,0.00 
2025/3/4 19:00,10.87 ,1.800,0.00 
2025/3/4 20:00,9.70 ,1.940,0.00 
2025/3/4 21:00,8.70 ,2.080,0.00 
2025/3/4 22:00,7.83 ,2.190,0.00 
2025/3/4 23:00,7.01 ,2.290,0.00 
2025/3/5 0:00,6.17 ,2.390,0.00 
2025/3/5 1:00,5.23 ,2.420,0.00 
2025/3/5 2:00,4.10 ,2.410,0.00 
2025/3/5 3:00,2.78 ,2.340,0.00 
2025/3/5 4:00,1.48 ,2.250,0.00 
2025/3/5 5:00,0.49 ,2.180,0.00 
2025/3/5 6:00,0.10 ,2.140,0.00 
2025/3/5 7:00,0.99 ,2.250,0.00 
2025/3/5 8:00,3.00 ,2.470,0.00 
2025/3/5 9:00,5.31 ,2.620,0.00 
2025/3/5 10:00,7.65 ,2.650,0.00 
2025/3/5 11:00,9.92 ,2.540,-538.13 
2025/3/5 12:00,11.99 ,2.290,0.00 
2025/3/5 13:00,13.76 ,1.980,-11216.73 
2025/3/5 14:00,15.10 ,1.720,-89.65 
2025/3/5 15:00,15.92 ,1.620,0.00 
2025/3/5 16:00,16.20 ,1.720,0.00 
2025/3/5 17:00,15.80 ,1.920,0.00 
2025/3/5 18:00,14.76 ,2.140,0.00 
2025/3/5 19:00,13.37 ,2.320,0.00 
2025/3/5 20:00,11.90 ,2.440,0.00 
2025/3/5 21:00,10.56 ,2.510,0.00 
2025/3/5 22:00,9.37 ,2.530,0.00 
2025/3/5 23:00,8.26 ,2.540,0.00 
2025/3/6 0:00,7.20 ,2.530,0.00 
2025/3/6 1:00,6.13 ,2.500,0.00 
2025/3/6 2:00,5.00 ,2.460,0.00 
2025/3/6 3:00,3.81 ,2.410,0.00 
2025/3/6 4:00,2.71 ,2.360,0.00 
2025/3/6 5:00,1.91 ,2.310,0.00 
2025/3/6 6:00,1.60 ,2.290,0.00 
2025/3/6 7:00,2.70 ,2.430,0.00 
2025/3/6 8:00,5.10 ,2.700,0.00 
2025/3/6 9:00,7.66 ,2.850,0.00 
2025/3/6 10:00,10.10 ,2.790,-2985.93 
2025/3/6 11:00,12.38 ,2.500,-1352.04 
2025/3/6 12:00,14.44 ,2.030,-33958.73 
2025/3/6 13:00,16.23 ,1.480,-22806.34 
2025/3/6 14:00,17.70 ,1.020,-55924.05 
2025/3/6 15:00,18.50 ,0.800,-69788.32 
2025/3/6 16:00,18.13 ,0.850,-56009.08 
2025/3/6 17:00,17.15 ,1.110,-36358.96 
2025/3/6 18:00,15.75 ,1.450,-754.17 
2025/3/6 19:00,14.10 ,1.800,0.00 
2025/3/6 20:00,12.40 ,2.080,0.00 
2025/3/6 21:00,10.80 ,2.290,0.00 
2025/3/6 22:00,9.31 ,2.430,0.00 
2025/3/6 23:00,7.93 ,2.520,0.00 
2025/3/7 0:00,6.64 ,2.560,0.00 
2025/3/7 1:00,5.44 ,2.570,0.00 
2025/3/7 2:00,4.30 ,2.540,0.00 
2025/3/7 3:00,3.24 ,2.490,0.00 
2025/3/7 4:00,2.35 ,2.430,0.00 
2025/3/7 5:00,1.73 ,2.360,0.00 
2025/3/7 6:00,1.50 ,2.300,0.00 
2025/3/7 7:00,2.24 ,2.330,0.00 
2025/3/7 8:00,4.00 ,2.440,0.00 
2025/3/7 9:00,6.16 ,2.490,0.00 
2025/3/7 10:00,8.51 ,2.420,0.00 
2025/3/7 11:00,10.95 ,2.240,-6525.73 
2025/3/7 12:00,13.37 ,1.960,-34682.39 
2025/3/7 13:00,15.66 ,1.670,-49176.79 
2025/3/7 14:00,17.70 ,1.520,-24667.29 
2025/3/7 15:00,18.90 ,1.650,-47840.23 
2025/3/7 16:00,18.40 ,1.950,-46098.72 
2025/3/7 17:00,17.10 ,2.360,-29207.11 
2025/3/7 18:00,15.30 ,2.730,-129.41 
2025/3/7 19:00,13.30 ,2.980,0.00 
2025/3/7 20:00,11.40 ,3.120,0.00 
2025/3/7 21:00,9.84 ,3.190,0.00 
2025/3/7 22:00,8.63 ,3.210,0.00 
2025/3/7 23:00,7.71 ,3.220,0.00 
2025/3/8 0:00,7.02 ,3.220,0.00 
2025/3/8 1:00,6.50 ,3.200,0.00 
2025/3/8 2:00,6.10 ,3.180,0.00 
2025/3/8 3:00,5.77 ,3.140,0.00 
2025/3/8 4:00,5.52 ,3.100,0.00 
2025/3/8 5:00,5.36 ,3.050,0.00 
2025/3/8 6:00,5.30 ,2.990,0.00 
2025/3/8 7:00,5.64 ,3.000,0.00 
2025/3/8 8:00,6.50 ,3.090,0.00 
2025/3/8 9:00,7.65 ,3.210,0.00 
2025/3/8 10:00,8.95 ,3.350,0.00 
2025/3/8 11:00,10.31 ,3.470,0.00 
2025/3/8 12:00,11.61 ,3.550,-237.50 
2025/3/8 13:00,12.74 ,3.570,0.00 
2025/3/8 14:00,13.60 ,3.510,0.00 
2025/3/8 15:00,14.11 ,3.370,-2793.44 
2025/3/8 16:00,14.35 ,3.190,-6711.20 
2025/3/8 17:00,14.40 ,3.030,0.00 
2025/3/8 18:00,14.13 ,2.900,0.00 
2025/3/8 19:00,13.44 ,2.810,0.00 
2025/3/8 20:00,12.50 ,2.810,0.00 
2025/3/8 21:00,11.46 ,2.900,0.00 
2025/3/8 22:00,10.39 ,3.040,0.00 
2025/3/8 23:00,9.31 ,3.160,0.00 
2025/3/9 0:00,8.28 ,3.220,0.00 
2025/3/9 1:00,7.33 ,3.200,0.00 
2025/3/9 2:00,6.50 ,3.090,0.00 
2025/3/9 3:00,5.82 ,2.870,0.00 
2025/3/9 4:00,5.32 ,2.580,0.00 
2025/3/9 5:00,5.01 ,2.260,0.00 
2025/3/9 6:00,4.90 ,1.920,0.00 
2025/3/9 7:00,5.17 ,1.610,0.00 
2025/3/9 8:00,5.70 ,1.310,0.00 
2025/3/9 9:00,6.12 ,1.020,0.00 
2025/3/9 10:00,6.46 ,0.740,0.00 
2025/3/9 11:00,6.82 ,0.520,-29.83 
2025/3/9 12:00,7.32 ,0.360,-6800.97 
2025/3/9 13:00,8.08 ,0.270,-14331.42 
2025/3/9 14:00,9.20 ,0.290,-13046.83 
2025/3/9 15:00,10.68 ,0.440,-18056.12 
2025/3/9 16:00,12.02 ,0.710,-16672.32 
2025/3/9 17:00,12.60 ,1.020,-18770.27 
2025/3/9 18:00,11.56 ,1.210,0.00 
2025/3/9 19:00,9.32 ,1.220,0.00 
2025/3/9 20:00,7.20 ,1.140,0.00 
2025/3/9 21:00,6.21 ,1.050,0.00 
2025/3/9 22:00,6.19 ,0.960,0.00 
2025/3/9 23:00,6.69 ,0.860,0.00 
2025/3/10 0:00,7.24 ,0.740,0.00 
2025/3/10 1:00,7.40 ,0.600,0.00 
2025/3/10 2:00,6.70 ,0.490,0.00 
2025/3/10 3:00,4.90 ,0.420,0.00 
2025/3/10 4:00,2.61 ,0.390,0.00 
2025/3/10 5:00,0.64 ,0.390,0.00 
2025/3/10 6:00,-0.20 ,0.410,0.00 
2025/3/10 7:00,1.51 ,0.520,0.00 
2025/3/10 8:00,4.80 ,0.700,0.00 
2025/3/10 9:00,7.43 ,0.830,0.00 
2025/3/10 10:00,9.21 ,0.890,-246.99 
2025/3/10 11:00,10.44 ,0.880,-6808.31 
2025/3/10 12:00,11.45 ,0.830,-22331.08 
2025/3/10 13:00,12.53 ,0.790,-31168.31 
2025/3/10 14:00,14.00 ,0.800,-40462.09 
2025/3/10 15:00,15.30 ,0.860,-42089.55 
2025/3/10 16:00,14.85 ,0.890,-30186.98 
2025/3/10 17:00,13.78 ,0.960,-23413.29 
2025/3/10 18:00,12.46 ,1.080,0.00 
2025/3/10 19:00,11.31 ,1.260,0.00 
2025/3/10 20:00,10.70 ,1.530,0.00 
2025/3/10 21:00,10.70 ,1.930,0.00 
2025/3/10 22:00,10.33 ,2.290,0.00 
2025/3/10 23:00,9.56 ,2.540,0.00 
2025/3/11 0:00,8.66 ,2.670,0.00 
2025/3/11 1:00,7.91 ,2.680,0.00 
2025/3/11 2:00,7.60 ,2.610,0.00 
2025/3/11 3:00,7.26 ,2.370,0.00 
2025/3/11 4:00,6.55 ,1.940,0.00 
2025/3/11 5:00,5.88 ,1.490,0.00 
2025/3/11 6:00,5.70 ,1.100,0.00 
2025/3/11 7:00,6.26 ,0.790,0.00 
2025/3/11 8:00,7.10 ,0.570,0.00 
2025/3/11 9:00,7.71 ,0.450,0.00 
2025/3/11 10:00,8.04 ,0.450,0.00 
2025/3/11 11:00,8.16 ,0.520,0.00 
2025/3/11 12:00,8.15 ,0.630,0.00 
2025/3/11 13:00,8.07 ,0.740,0.00 
2025/3/11 14:00,8.00 ,0.800,0.00 
2025/3/11 15:00,7.99 ,0.800,0.00 
2025/3/11 16:00,8.03 ,0.750,0.00 
2025/3/11 17:00,8.07 ,0.660,0.00 
2025/3/11 18:00,8.07 ,0.570,0.00 
2025/3/11 19:00,7.99 ,0.500,0.00 
2025/3/11 20:00,7.80 ,0.460,0.00 
2025/3/11 21:00,7.46 ,0.490,0.00 
2025/3/11 22:00,6.97 ,0.550,0.00 
2025/3/11 23:00,6.33 ,0.640,0.00 
2025/3/12 0:00,5.53 ,0.730,0.00 
2025/3/12 1:00,4.59 ,0.790,0.00 
2025/3/12 2:00,3.50 ,0.830,0.00 
2025/3/12 3:00,2.30 ,0.830,0.00 
2025/3/12 4:00,1.17 ,0.800,0.00 
2025/3/12 5:00,0.33 ,0.770,0.00 
2025/3/12 6:00,0.00 ,0.750,0.00 
2025/3/12 7:00,1.38 ,0.800,0.00 
2025/3/12 8:00,4.10 ,0.920,0.00 
2025/3/12 9:00,6.39 ,0.980,0.00 
2025/3/12 10:00,8.04 ,0.970,-1271.23 
2025/3/12 11:00,9.20 ,0.900,-18001.41 
2025/3/12 12:00,10.04 ,0.810,-24891.90 
2025/3/12 13:00,10.72 ,0.720,-258.81 
2025/3/12 14:00,11.40 ,0.670,0.00 
2025/3/12 15:00,12.14 ,0.670,0.00 
2025/3/12 16:00,12.50 ,0.720,-12201.41 
2025/3/12 17:00,12.24 ,0.810,-26778.77 
2025/3/12 18:00,11.58 ,0.930,-43.03 
2025/3/12 19:00,10.67 ,1.090,0.00 
2025/3/12 20:00,9.70 ,1.270,0.00 
2025/3/12 21:00,8.79 ,1.480,0.00 
2025/3/12 22:00,7.96 ,1.700,0.00 
2025/3/12 23:00,7.16 ,1.910,0.00 
2025/3/13 0:00,6.37 ,2.080,0.00 
2025/3/13 1:00,5.56 ,2.190,0.00 
2025/3/13 2:00,4.70 ,2.240,0.00 
2025/3/13 3:00,3.79 ,2.210,0.00 
2025/3/13 4:00,2.95 ,2.140,0.00 
2025/3/13 5:00,2.34 ,2.060,0.00 
2025/3/13 6:00,2.10 ,2.000,0.00 
2025/3/13 7:00,2.33 ,1.970,0.00 
2025/3/13 8:00,3.00 ,1.980,0.00 
2025/3/13 9:00,4.08 ,2.020,0.00 
2025/3/13 10:00,5.46 ,2.080,0.00 
2025/3/13 11:00,7.01 ,2.150,0.00 
2025/3/13 12:00,8.58 ,2.230,0.00 
2025/3/13 13:00,10.06 ,2.310,-410.22 
2025/3/13 14:00,11.30 ,2.420,-10319.81 
2025/3/13 15:00,12.17 ,2.550,0.00 
2025/3/13 16:00,12.50 ,2.660,-7478.61 
2025/3/13 17:00,12.32 ,2.750,0.00 
2025/3/13 18:00,11.87 ,2.830,0.00 
2025/3/13 19:00,11.26 ,2.890,0.00 
2025/3/13 20:00,10.60 ,2.950,0.00 
2025/3/13 21:00,9.98 ,3.010,0.00 
2025/3/13 22:00,9.42 ,3.070,0.00 
2025/3/13 23:00,8.90 ,3.120,0.00 
2025/3/14 0:00,8.42 ,3.180,0.00 
2025/3/14 1:00,7.95 ,3.240,0.00 
2025/3/14 2:00,7.50 ,3.300,0.00 
2025/3/14 3:00,7.06 ,3.350,0.00 
2025/3/14 4:00,6.67 ,3.400,0.00 
2025/3/14 5:00,6.40 ,3.440,0.00 
2025/3/14 6:00,6.30 ,3.480,0.00 
2025/3/14 7:00,6.48 ,3.520,0.00 
2025/3/14 8:00,7.00 ,3.560,0.00 
2025/3/14 9:00,7.85 ,3.590,0.00 
2025/3/14 10:00,8.96 ,3.610,0.00 
2025/3/14 11:00,10.24 ,3.610,0.00 
2025/3/14 12:00,11.61 ,3.610,0.00 
2025/3/14 13:00,12.99 ,3.640,-823.98 
2025/3/14 14:00,14.30 ,3.760,-3392.33 
2025/3/14 15:00,15.10 ,3.930,0.00 
2025/3/14 16:00,14.79 ,3.980,0.00 
2025/3/14 17:00,14.04 ,4.010,-1525.42 
2025/3/14 18:00,13.13 ,4.050,0.00 
2025/3/14 19:00,12.33 ,4.120,0.00 
2025/3/14 20:00,11.90 ,4.260,0.00 
2025/3/14 21:00,11.90 ,4.480,0.00 
2025/3/14 22:00,11.66 ,4.570,0.00 
2025/3/14 23:00,11.11 ,4.540,0.00 
2025/3/15 0:00,10.37 ,4.430,0.00 
2025/3/15 1:00,9.55 ,4.290,0.00 
2025/3/15 2:00,8.80 ,4.170,0.00 
2025/3/15 3:00,8.20 ,4.110,0.00 
2025/3/15 4:00,7.76 ,4.090,0.00 
2025/3/15 5:00,7.46 ,4.100,0.00 
2025/3/15 6:00,7.26 ,4.130,0.00 
2025/3/15 7:00,7.15 ,4.180,0.00 
2025/3/15 8:00,7.10 ,4.220,0.00 
2025/3/15 9:00,7.09 ,4.260,0.00 
2025/3/15 10:00,7.10 ,4.300,0.00 
2025/3/15 11:00,7.13 ,4.360,0.00 
2025/3/15 12:00,7.16 ,4.440,0.00 
2025/3/15 13:00,7.19 ,4.570,0.00 
2025/3/15 14:00,7.20 ,4.760,0.00 
2025/3/15 15:00,7.09 ,4.980,0.00 
2025/3/15 16:00,6.82 ,5.170,0.00 
2025/3/15 17:00,6.51 ,5.320,0.00 
2025/3/15 18:00,6.26 ,5.430,0.00 
2025/3/15 19:00,6.20 ,5.510,0.00 
2025/3/15 20:00,6.40 ,5.540,0.00 
2025/3/15 21:00,6.74 ,5.440,0.00 
2025/3/15 22:00,6.70 ,5.050,0.00 
2025/3/15 23:00,5.86 ,4.320,0.00 
2025/3/16 0:00,4.58 ,3.480,0.00 
2025/3/16 1:00,3.41 ,2.790,0.00 
2025/3/16 2:00,2.90 ,2.330,0.00 
2025/3/16 3:00,2.57 ,1.990,0.00 
2025/3/16 4:00,1.76 ,1.660,0.00 
2025/3/16 5:00,0.70 ,1.380,0.00 
2025/3/16 6:00,-0.36 ,1.160,0.00 
2025/3/16 7:00,-1.17 ,1.010,0.00 
2025/3/16 8:00,-1.50 ,0.920,0.00 
2025/3/16 9:00,-2.20 ,0.830,0.00 
2025/3/16 10:00,-2.38 ,0.790,0.00 
2025/3/16 11:00,-1.70 ,0.800,0.00 
2025/3/16 12:00,-0.52 ,0.850,0.00 
2025/3/16 13:00,0.77 ,0.900,0.00 
2025/3/16 14:00,1.80 ,0.900,0.00 
2025/3/16 15:00,2.28 ,0.860,0.00 
2025/3/16 16:00,2.26 ,0.770,0.00 
2025/3/16 17:00,1.86 ,0.670,0.00 
2025/3/16 18:00,1.20 ,0.580,0.00 
2025/3/16 19:00,0.40 ,0.530,0.00 
2025/3/16 20:00,-0.40 ,0.510,0.00 
2025/3/16 21:00,-1.11 ,0.530,0.00 
2025/3/16 22:00,-1.71 ,0.590,0.00 
2025/3/16 23:00,-2.23 ,0.660,0.00 
2025/3/17 0:00,-2.67 ,0.740,0.00 
2025/3/17 1:00,-3.06 ,0.810,0.00 
2025/3/17 2:00,-3.40 ,0.870,0.00 
2025/3/17 3:00,-3.71 ,0.910,0.00 
2025/3/17 4:00,-3.96 ,0.930,0.00 
2025/3/17 5:00,-4.14 ,0.940,0.00 
2025/3/17 6:00,-4.20 ,0.930,0.00 
2025/3/17 7:00,-3.89 ,0.920,0.00 
2025/3/17 8:00,-3.00 ,0.930,0.00 
2025/3/17 9:00,-1.60 ,0.940,0.00 
2025/3/17 10:00,0.14 ,0.960,0.00 
2025/3/17 11:00,2.05 ,0.930,-358.44 
2025/3/17 12:00,3.95 ,0.870,-5549.33 
2025/3/17 13:00,5.66 ,0.800,-5927.32 
2025/3/17 14:00,7.00 ,0.740,0.00 
2025/3/17 15:00,7.82 ,0.730,-5000.49 
2025/3/17 16:00,8.10 ,0.760,-17575.14 
2025/3/17 17:00,7.92 ,0.840,-17103.09 
2025/3/17 18:00,7.48 ,0.960,0.00 
2025/3/17 19:00,6.89 ,1.090,0.00 
2025/3/17 20:00,6.30 ,1.240,0.00 
2025/3/17 21:00,5.79 ,1.390,0.00 
2025/3/17 22:00,5.35 ,1.540,0.00 
2025/3/17 23:00,4.91 ,1.660,0.00 
2025/3/18 0:00,4.43 ,1.750,0.00 
2025/3/18 1:00,3.84 ,1.760,0.00 
2025/3/18 2:00,3.10 ,1.700,0.00 
2025/3/18 3:00,2.19 ,1.570,0.00 
2025/3/18 4:00,1.28 ,1.390,0.00 
2025/3/18 5:00,0.58 ,1.220,0.00 
2025/3/18 6:00,0.30 ,1.080,0.00 
2025/3/18 7:00,2.23 ,1.080,0.00 
2025/3/18 8:00,5.80 ,1.200,0.00 
2025/3/18 9:00,8.33 ,1.210,0.00 
2025/3/18 10:00,9.63 ,1.120,-297.19 
2025/3/18 11:00,10.13 ,0.980,-45.29 
2025/3/18 12:00,10.27 ,0.840,-9035.10 
2025/3/18 13:00,10.48 ,0.750,-24577.08 
2025/3/18 14:00,11.20 ,0.740,-31350.94 
2025/3/18 15:00,12.10 ,0.800,-31851.32 
2025/3/18 16:00,11.90 ,0.870,-24648.91 
2025/3/18 17:00,11.36 ,0.990,-27317.73 
2025/3/18 18:00,10.61 ,1.170,-4132.87 
2025/3/18 19:00,9.75 ,1.410,0.00 
2025/3/18 20:00,8.90 ,1.700,0.00 
2025/3/18 21:00,8.15 ,2.040,0.00 
2025/3/18 22:00,7.47 ,2.390,0.00 
2025/3/18 23:00,6.81 ,2.690,0.00 
2025/3/19 0:00,6.13 ,2.910,0.00 
2025/3/19 1:00,5.38 ,2.960,0.00 
2025/3/19 2:00,4.50 ,2.840,0.00 
2025/3/19 3:00,3.49 ,2.540,0.00 
2025/3/19 4:00,2.52 ,2.150,0.00 
2025/3/19 5:00,1.79 ,1.760,0.00 
2025/3/19 6:00,1.50 ,1.430,0.00 
2025/3/19 7:00,3.82 ,1.340,0.00 
2025/3/19 8:00,8.10 ,1.410,0.00 
2025/3/19 9:00,11.11 ,1.400,0.00 
2025/3/19 10:00,12.63 ,1.340,-1000.58 
2025/3/19 11:00,13.18 ,1.290,-15669.81 
2025/3/19 12:00,13.31 ,1.280,-32980.86 
2025/3/19 13:00,13.54 ,1.320,-39400.61 
2025/3/19 14:00,14.40 ,1.430,-7000.12 
2025/3/19 15:00,15.50 ,1.550,-29744.83 
2025/3/19 16:00,15.29 ,1.520,-34000.44 
2025/3/19 17:00,14.76 ,1.470,-30549.05 
2025/3/19 18:00,14.03 ,1.420,-8096.52 
2025/3/19 19:00,13.23 ,1.410,0.00 
2025/3/19 20:00,12.50 ,1.440,0.00 
2025/3/19 21:00,11.92 ,1.550,0.00 
2025/3/19 22:00,11.42 ,1.700,0.00 
2025/3/19 23:00,10.90 ,1.890,0.00 
2025/3/20 0:00,10.24 ,2.090,0.00 
2025/3/20 1:00,9.34 ,2.230,0.00 
2025/3/20 2:00,8.10 ,2.310,0.00 
2025/3/20 3:00,6.48 ,2.300,0.00 
2025/3/20 4:00,4.82 ,2.240,0.00 
2025/3/20 5:00,3.52 ,2.190,0.00 
2025/3/20 6:00,3.00 ,2.190,0.00 
2025/3/20 7:00,3.59 ,2.310,0.00 
2025/3/20 8:00,5.30 ,2.530,0.00 
2025/3/20 9:00,8.00 ,2.820,0.00 
2025/3/20 10:00,11.27 ,3.120,0.00 
2025/3/20 11:00,14.64 ,3.330,0.00 
2025/3/20 12:00,17.63 ,3.380,0.00 
2025/3/20 13:00,19.78 ,3.260,0.00 
2025/3/20 14:00,20.60 ,3.060,-25014.84 
2025/3/20 15:00,20.29 ,2.980,-37806.74 
2025/3/20 16:00,19.47 ,3.090,-26241.78 
2025/3/20 17:00,18.27 ,3.290,-21533.75 
2025/3/20 18:00,16.85 ,3.490,-4875.04 
2025/3/20 19:00,15.35 ,3.640,0.00 
2025/3/20 20:00,13.90 ,3.710,0.00 
2025/3/20 21:00,12.63 ,3.710,0.00 
2025/3/20 22:00,11.53 ,3.660,0.00 
2025/3/20 23:00,10.55 ,3.580,0.00 
2025/3/21 0:00,9.66 ,3.440,0.00 
2025/3/21 1:00,8.83 ,3.310,0.00 
2025/3/21 2:00,8.00 ,3.160,0.00 
2025/3/21 3:00,7.17 ,2.990,0.00 
2025/3/21 4:00,6.43 ,2.830,0.00 
2025/3/21 5:00,5.90 ,2.680,0.00 
2025/3/21 6:00,5.70 ,2.570,0.00 
2025/3/21 7:00,6.43 ,2.580,0.00 
2025/3/21 8:00,7.90 ,2.660,0.00 
2025/3/21 9:00,9.20 ,2.640,0.00 
2025/3/21 10:00,10.23 ,2.500,-285.68 
2025/3/21 11:00,11.10 ,2.300,-12523.01 
2025/3/21 12:00,11.91 ,2.070,-30853.70 
2025/3/21 13:00,12.78 ,1.880,-9107.43 
2025/3/21 14:00,13.80 ,1.770,-2101.51 
2025/3/21 15:00,14.60 ,1.760,-31032.43 
2025/3/21 16:00,14.24 ,1.750,-30893.07 
2025/3/21 17:00,13.30 ,1.770,-29014.81 
2025/3/21 18:00,12.01 ,1.820,-8145.48 
2025/3/21 19:00,10.60 ,1.890,0.00 
2025/3/21 20:00,9.30 ,1.980,0.00 
2025/3/21 21:00,8.28 ,2.100,0.00 
2025/3/21 22:00,7.51 ,2.240,0.00 
2025/3/21 23:00,6.91 ,2.380,0.00 
2025/3/22 0:00,6.38 ,2.510,0.00 
2025/3/22 1:00,5.84 ,2.610,0.00 
2025/3/22 2:00,5.20 ,2.650,0.00 
2025/3/22 3:00,4.42 ,2.620,0.00 
2025/3/22 4:00,3.64 ,2.550,0.00 
2025/3/22 5:00,3.04 ,2.480,0.00 
2025/3/22 6:00,2.80 ,2.430,0.00 
2025/3/22 7:00,3.36 ,2.480,0.00 
2025/3/22 8:00,4.60 ,2.590,0.00 
2025/3/22 9:00,5.99 ,2.680,0.00 
2025/3/22 10:00,7.40 ,2.710,0.00 
2025/3/22 11:00,8.77 ,2.690,0.00 
2025/3/22 12:00,10.07 ,2.630,0.00 
2025/3/22 13:00,11.26 ,2.560,-15718.50 
2025/3/22 14:00,12.30 ,2.500,-171.87 
2025/3/22 15:00,12.90 ,2.450,-21929.56 
2025/3/22 16:00,12.55 ,2.360,-1295.60 
2025/3/22 17:00,11.72 ,2.280,0.00 
2025/3/22 18:00,10.70 ,2.260,0.00 
2025/3/22 19:00,9.79 ,2.310,0.00 
2025/3/22 20:00,9.30 ,2.480,0.00 
2025/3/22 21:00,9.20 ,2.770,0.00 
2025/3/22 22:00,8.49 ,2.940,0.00 
2025/3/22 23:00,7.22 ,2.980,0.00 
2025/3/23 0:00,5.82 ,2.920,0.00 
2025/3/23 1:00,4.67 ,2.870,0.00 
2025/3/23 2:00,4.20 ,2.870,0.00 
2025/3/23 3:00,3.96 ,2.840,0.00 
2025/3/23 4:00,3.44 ,2.690,0.00 
2025/3/23 5:00,2.89 ,2.490,0.00 
2025/3/23 6:00,2.60 ,2.310,0.00 
2025/3/23 7:00,2.75 ,2.190,0.00 
2025/3/23 8:00,3.20 ,2.100,0.00 
2025/3/23 9:00,3.77 ,2.030,0.00 
2025/3/23 10:00,4.39 ,1.970,0.00 
2025/3/23 11:00,5.00 ,1.930,0.00 
2025/3/23 12:00,5.56 ,1.900,0.00 
2025/3/23 13:00,6.01 ,1.910,0.00 
2025/3/23 14:00,6.30 ,1.950,0.00 
2025/3/23 15:00,6.40 ,2.030,0.00 
2025/3/23 16:00,6.35 ,2.140,0.00 
2025/3/23 17:00,6.18 ,2.250,0.00 
2025/3/23 18:00,5.95 ,2.360,0.00 
2025/3/23 19:00,5.71 ,2.460,0.00 
2025/3/23 20:00,5.50 ,2.520,0.00 
2025/3/23 21:00,5.36 ,2.560,0.00 
2025/3/23 22:00,5.23 ,2.560,0.00 
2025/3/23 23:00,5.07 ,2.550,0.00 
2025/3/24 0:00,4.80 ,2.510,0.00 
2025/3/24 1:00,4.36 ,2.470,0.00 
2025/3/24 2:00,3.70 ,2.420,0.00 
2025/3/24 3:00,2.80 ,2.360,0.00 
2025/3/24 4:00,1.85 ,2.310,0.00 
2025/3/24 5:00,1.10 ,2.280,0.00 
2025/3/24 6:00,0.80 ,2.290,0.00 
2025/3/24 7:00,1.62 ,2.450,0.00 
2025/3/24 8:00,3.30 ,2.690,0.00 
2025/3/24 9:00,4.89 ,2.820,0.00 
2025/3/24 10:00,6.27 ,2.810,0.00 
2025/3/24 11:00,7.55 ,2.730,0.00 
2025/3/24 12:00,8.83 ,2.640,0.00 
2025/3/24 13:00,10.21 ,2.630,-242.22 
2025/3/24 14:00,11.80 ,2.830,-8031.28 
2025/3/24 15:00,13.00 ,3.240,0.00 
2025/3/24 16:00,12.74 ,3.550,0.00 
2025/3/24 17:00,12.07 ,3.830,0.00 
2025/3/24 18:00,11.14 ,3.980,0.00 
2025/3/24 19:00,10.10 ,3.950,0.00 
2025/3/24 20:00,9.10 ,3.730,0.00 
2025/3/24 21:00,8.25 ,3.330,0.00 
2025/3/24 22:00,7.50 ,2.800,0.00 
2025/3/24 23:00,6.75 ,2.230,0.00 
2025/3/25 0:00,5.92 ,1.670,0.00 
2025/3/25 1:00,4.90 ,1.180,0.00 
2025/3/25 2:00,3.60 ,0.830,0.00 
2025/3/25 3:00,2.01 ,0.630,0.00 
2025/3/25 4:00,0.42 ,0.550,0.00 
2025/3/25 5:00,-0.81 ,0.540,0.00 
2025/3/25 6:00,-1.30 ,0.580,0.00 
2025/3/25 7:00,0.71 ,0.750,0.00 
2025/3/25 8:00,4.40 ,1.040,0.00 
2025/3/25 9:00,6.92 ,1.220,0.00 
2025/3/25 10:00,8.16 ,1.230,0.00 
2025/3/25 11:00,8.67 ,1.130,-2240.60 
2025/3/25 12:00,9.01 ,0.990,-10185.50 
2025/3/25 13:00,9.73 ,0.870,-17143.30 
2025/3/25 14:00,11.40 ,0.830,-24943.10 
2025/3/25 15:00,13.20 ,0.860,-27979.64 
2025/3/25 16:00,12.97 ,0.840,-24073.78 
2025/3/25 17:00,12.37 ,0.870,-28260.28 
2025/3/25 18:00,11.56 ,0.930,-10544.14 
2025/3/25 19:00,10.69 ,1.020,0.00 
2025/3/25 20:00,9.90 ,1.130,0.00 
2025/3/25 21:00,9.31 ,1.260,0.00 
2025/3/25 22:00,8.86 ,1.410,0.00 
2025/3/25 23:00,8.46 ,1.560,0.00 
2025/3/26 0:00,8.02 ,1.730,0.00 
2025/3/26 1:00,7.43 ,1.840,0.00 
2025/3/26 2:00,6.60 ,1.900,0.00 
2025/3/26 3:00,5.50 ,1.900,0.00 
2025/3/26 4:00,4.36 ,1.860,0.00 
2025/3/26 5:00,3.46 ,1.820,0.00 
2025/3/26 6:00,3.10 ,1.810,0.00 
2025/3/26 7:00,4.12 ,1.930,0.00 
2025/3/26 8:00,6.40 ,2.180,0.00 
2025/3/26 9:00,8.92 ,2.390,0.00 
2025/3/26 10:00,11.39 ,2.510,0.00 
2025/3/26 11:00,13.70 ,2.530,-132.75 
2025/3/26 12:00,15.73 ,2.460,-6557.43 
2025/3/26 13:00,17.37 ,2.350,-16690.21 
2025/3/26 14:00,18.50 ,2.280,-1936.64 
2025/3/26 15:00,19.06 ,2.320,-364.47 
2025/3/26 16:00,19.20 ,2.490,-13747.24 
2025/3/26 17:00,18.83 ,2.680,-41836.04 
2025/3/26 18:00,17.90 ,2.810,-27006.01 
2025/3/26 19:00,16.67 ,2.830,-508.19 
2025/3/26 20:00,15.40 ,2.750,0.00 
2025/3/26 21:00,14.30 ,2.590,0.00 
2025/3/26 22:00,13.35 ,2.380,0.00 
2025/3/26 23:00,12.46 ,2.150,0.00 
2025/3/27 0:00,11.54 ,1.890,0.00 
2025/3/27 1:00,10.51 ,1.660,0.00 
2025/3/27 2:00,9.30 ,1.460,0.00 
2025/3/27 3:00,7.88 ,1.290,0.00 
2025/3/27 4:00,6.48 ,1.180,0.00 
2025/3/27 5:00,5.42 ,1.110,0.00 
2025/3/27 6:00,5.00 ,1.090,0.00 
2025/3/27 7:00,6.22 ,1.190,0.00 
2025/3/27 8:00,8.50 ,1.380,0.00 
2025/3/27 9:00,10.14 ,1.490,0.00 
2025/3/27 10:00,11.05 ,1.490,-963.44 
2025/3/27 11:00,11.53 ,1.430,-15171.00 
2025/3/27 12:00,11.86 ,1.360,-5604.69 
2025/3/27 13:00,12.35 ,1.310,-28042.42 
2025/3/27 14:00,13.30 ,1.330,-49074.56 
2025/3/27 15:00,14.72 ,1.440,-49559.36 
2025/3/27 16:00,15.50 ,1.570,-38998.24 
2025/3/27 17:00,15.03 ,1.620,-35646.54 
2025/3/27 18:00,13.85 ,1.640,-18014.42 
2025/3/27 19:00,12.32 ,1.660,0.00 
2025/3/27 20:00,10.80 ,1.690,0.00 
2025/3/27 21:00,9.57 ,1.760,0.00 
2025/3/27 22:00,8.62 ,1.870,0.00 
2025/3/27 23:00,7.88 ,2.000,0.00 
2025/3/28 0:00,7.27 ,2.130,0.00 
2025/3/28 1:00,6.70 ,2.250,0.00 
2025/3/28 2:00,6.10 ,2.340,0.00 
2025/3/28 3:00,5.43 ,2.400,0.00 
2025/3/28 4:00,4.78 ,2.420,0.00 
2025/3/28 5:00,4.29 ,2.410,0.00 
2025/3/28 6:00,4.10 ,2.410,0.00 
2025/3/28 7:00,4.20 ,2.380,0.00 
2025/3/28 8:00,4.50 ,2.310,0.00 
2025/3/28 9:00,4.99 ,2.170,0.00 
2025/3/28 10:00,5.67 ,1.980,0.00 
2025/3/28 11:00,6.55 ,1.760,-290.25 
2025/3/28 12:00,7.63 ,1.520,0.00 
2025/3/28 13:00,8.91 ,1.310,0.00 
2025/3/28 14:00,10.40 ,1.180,0.00 
2025/3/28 15:00,11.50 ,1.120,0.00 
2025/3/28 16:00,11.33 ,1.130,-5514.21 
2025/3/28 17:00,10.86 ,1.250,0.00 
2025/3/28 18:00,10.19 ,1.460,0.00 
2025/3/28 19:00,9.41 ,1.750,0.00 
2025/3/28 20:00,8.60 ,2.090,0.00 
2025/3/28 21:00,7.83 ,2.460,0.00 
2025/3/28 22:00,7.11 ,2.850,0.00 
2025/3/28 23:00,6.43 ,3.210,0.00 
2025/3/29 0:00,5.77 ,3.530,0.00 
2025/3/29 1:00,5.13 ,3.770,0.00 
2025/3/29 2:00,4.50 ,3.910,0.00 
2025/3/29 3:00,3.88 ,3.950,0.00 
2025/3/29 4:00,3.33 ,3.920,0.00 
2025/3/29 5:00,2.95 ,3.840,0.00 
2025/3/29 6:00,2.80 ,3.750,0.00 
2025/3/29 7:00,3.46 ,3.800,0.00 
2025/3/29 8:00,4.90 ,3.970,0.00 
2025/3/29 9:00,6.41 ,4.060,0.00 
2025/3/29 10:00,7.88 ,4.040,0.00 
2025/3/29 11:00,9.29 ,3.930,0.00 
2025/3/29 12:00,10.68 ,3.770,0.00 
2025/3/29 13:00,12.05 ,3.630,-8484.77 
2025/3/29 14:00,13.40 ,3.570,0.00 
2025/3/29 15:00,14.64 ,3.660,-18954.84 
2025/3/29 16:00,15.20 ,3.780,-1433.34 
2025/3/29 17:00,14.92 ,3.860,0.00 
2025/3/29 18:00,14.22 ,3.930,0.00 
2025/3/29 19:00,13.31 ,4.000,0.00 
2025/3/29 20:00,12.40 ,4.070,0.00 
2025/3/29 21:00,11.65 ,4.160,0.00 
2025/3/29 22:00,11.04 ,4.260,0.00 
2025/3/29 23:00,10.48 ,4.360,0.00 
2025/3/30 0:00,9.91 ,4.440,0.00 
2025/3/30 1:00,9.24 ,4.500,0.00 
2025/3/30 2:00,8.40 ,4.500,0.00 
2025/3/30 3:00,7.36 ,4.430,0.00 
2025/3/30 4:00,6.32 ,4.340,0.00 
2025/3/30 5:00,5.52 ,4.260,0.00 
2025/3/30 6:00,5.20 ,4.250,0.00 
2025/3/30 7:00,5.84 ,4.440,0.00 
2025/3/30 8:00,7.30 ,4.750,0.00 
2025/3/30 9:00,8.99 ,4.970,0.00 
2025/3/30 10:00,10.76 ,5.040,0.00 
2025/3/30 11:00,12.57 ,4.960,0.00 
2025/3/30 12:00,14.39 ,4.730,-3111.08 
2025/3/30 13:00,16.18 ,4.420,-159.46 
2025/3/30 14:00,17.90 ,4.120,-20298.52 
2025/3/30 15:00,19.00 ,3.820,-33284.72 
2025/3/30 16:00,18.37 ,3.340,-25185.34 
2025/3/30 17:00,16.77 ,2.890,-3733.16 
2025/3/30 18:00,14.65 ,2.510,0.00 
2025/3/30 19:00,12.45 ,2.210,0.00 
2025/3/30 20:00,10.60 ,2.000,0.00 
2025/3/30 21:00,9.44 ,1.870,0.00 
2025/3/30 22:00,8.83 ,1.810,0.00 
2025/3/30 23:00,8.54 ,1.770,0.00 
2025/3/31 0:00,8.31 ,1.730,0.00 
2025/3/31 1:00,7.91 ,1.670,0.00 
2025/3/31 2:00,7.10 ,1.570,0.00 
2025/3/31 3:00,5.75 ,1.420,0.00 
2025/3/31 4:00,4.20 ,1.270,0.00 
2025/3/31 5:00,2.93 ,1.140,0.00 
2025/3/31 6:00,2.40 ,1.070,0.00 
2025/3/31 7:00,4.30 ,1.170,0.00 
2025/3/31 8:00,8.00 ,1.400,0.00 
2025/3/31 9:00,11.01 ,1.540,0.00 
2025/3/31 10:00,13.04 ,1.520,-409.94 
2025/3/31 11:00,14.31 ,1.370,-9930.31 
2025/3/31 12:00,15.07 ,1.160,-26197.12 
2025/3/31 13:00,15.56 ,0.950,-35776.03 
2025/3/31 14:00,16.00 ,0.790,-45408.65 
2025/3/31 15:00,16.53 ,0.720,-43990.51 
2025/3/31 16:00,16.80 ,0.750,-34206.57 
2025/3/31 17:00,16.42 ,0.870,-34074.00 
2025/3/31 18:00,15.52 ,1.070,-20582.38 
2025/3/31 19:00,14.43 ,1.350,0.00 
2025/3/31 20:00,13.50 ,1.730,0.00 
2025/3/31 21:00,12.93 ,2.240,0.00 
2025/3/31 22:00,12.30 ,2.780,0.00 
2025/3/31 23:00,11.22 ,3.220,0.00 
2025/4/1 0:00,9.93 ,3.560,0.00 
2025/4/1 1:00,8.85 ,3.850,0.00 
2025/4/1 2:00,8.40 ,4.210,0.00 
2025/4/1 3:00,8.27 ,4.580,0.00 
2025/4/1 4:00,7.93 ,4.810,0.00 
2025/4/1 5:00,7.50 ,4.940,0.00 
2025/4/1 6:00,7.07 ,5.020,0.00 
2025/4/1 7:00,6.73 ,5.090,0.00 
2025/4/1 8:00,6.60 ,5.190,0.00 
2025/4/1 9:00,6.10 ,5.140,0.00 
2025/4/1 10:00,5.73 ,5.120,0.00 
2025/4/1 11:00,5.76 ,5.220,0.00 
2025/4/1 12:00,6.04 ,5.390,0.00 
2025/4/1 13:00,6.43 ,5.590,0.00 
2025/4/1 14:00,6.80 ,5.770,0.00 
2025/4/1 15:00,7.02 ,5.870,0.00 
2025/4/1 16:00,7.12 ,5.900,0.00 
2025/4/1 17:00,7.12 ,5.900,0.00 
2025/4/1 18:00,7.07 ,5.880,0.00 
2025/4/1 19:00,7.02 ,5.880,0.00 
2025/4/1 20:00,7.00 ,5.910,0.00 
2025/4/1 21:00,7.04 ,6.000,0.00 
2025/4/1 22:00,7.12 ,6.120,0.00 
2025/4/1 23:00,7.20 ,6.230,0.00 
2025/4/2 0:00,7.25 ,6.260,0.00 
2025/4/2 1:00,7.23 ,6.250,0.00 
2025/4/2 2:00,7.10 ,6.110,0.00 
2025/4/2 3:00,6.86 ,5.840,0.00 
2025/4/2 4:00,6.61 ,5.500,0.00 
2025/4/2 5:00,6.50 ,5.150,0.00 
2025/4/2 6:00,6.52 ,4.820,0.00 
2025/4/2 7:00,6.62 ,4.500,0.00 
2025/4/2 8:00,6.90 ,4.210,0.00 
2025/4/2 9:00,7.41 ,3.990,0.00 
2025/4/2 10:00,8.10 ,3.830,0.00 
2025/4/2 11:00,8.91 ,3.740,0.00 
2025/4/2 12:00,9.76 ,3.700,0.00 
2025/4/2 13:00,10.58 ,3.760,0.00 
2025/4/2 14:00,11.30 ,3.920,-3220.23 
2025/4/2 15:00,11.70 ,4.150,0.00 
2025/4/2 16:00,11.53 ,4.360,-7912.59 
2025/4/2 17:00,11.10 ,4.560,-12164.29 
2025/4/2 18:00,10.52 ,4.730,-3052.83 
2025/4/2 19:00,9.88 ,4.870,0.00 
2025/4/2 20:00,9.30 ,4.970,0.00 
2025/4/2 21:00,8.85 ,5.030,0.00 
2025/4/2 22:00,8.50 ,5.050,0.00 
2025/4/2 23:00,8.20 ,5.020,0.00 
2025/4/3 0:00,7.87 ,4.900,0.00 
2025/4/3 1:00,7.46 ,4.720,0.00 
2025/4/3 2:00,6.90 ,4.440,0.00 
2025/4/3 3:00,6.20 ,4.090,0.00 
2025/4/3 4:00,5.57 ,3.740,0.00 
2025/4/3 5:00,5.30 ,3.460,0.00 
2025/4/3 6:00,5.53 ,3.280,0.00 
2025/4/3 7:00,6.13 ,3.150,0.00 
2025/4/3 8:00,7.00 ,3.040,0.00 
2025/4/3 9:00,8.01 ,2.920,0.00 
2025/4/3 10:00,9.09 ,2.780,-112.25 
2025/4/3 11:00,10.18 ,2.640,0.00 
2025/4/3 12:00,11.18 ,2.520,-4138.79 
2025/4/3 13:00,12.05 ,2.440,-123.42 
2025/4/3 14:00,12.70 ,2.450,-16331.29 
2025/4/3 15:00,13.00 ,2.560,-1614.33 
2025/4/3 16:00,12.74 ,2.710,0.00 
2025/4/3 17:00,12.07 ,2.900,-18726.58 
2025/4/3 18:00,11.14 ,3.100,-86.43 
2025/4/3 19:00,10.10 ,3.300,0.00 
2025/4/3 20:00,9.10 ,3.510,0.00 
2025/4/3 21:00,8.27 ,3.730,0.00 
2025/4/3 22:00,7.57 ,3.970,0.00 
2025/4/3 23:00,6.94 ,4.190,0.00 
2025/4/4 0:00,6.31 ,4.390,0.00 
2025/4/4 1:00,5.62 ,4.500,0.00 
2025/4/4 2:00,4.80 ,4.510,0.00 
2025/4/4 3:00,3.85 ,4.420,0.00 
2025/4/4 4:00,3.04 ,4.320,0.00 
2025/4/4 5:00,2.70 ,4.290,0.00 
2025/4/4 6:00,3.03 ,4.390,0.00 
2025/4/4 7:00,3.93 ,4.590,0.00 
2025/4/4 8:00,5.30 ,4.840,0.00 
2025/4/4 9:00,7.01 ,5.070,0.00 
2025/4/4 10:00,8.93 ,5.250,0.00 
2025/4/4 11:00,10.90 ,5.350,-516.71 
2025/4/4 12:00,12.78 ,5.380,-6230.33 
2025/4/4 13:00,14.43 ,5.390,-13966.22 
2025/4/4 14:00,15.70 ,5.470,-23782.96 
2025/4/4 15:00,16.30 ,5.650,-24802.96 
2025/4/4 16:00,16.04 ,5.810,-23203.54 
2025/4/4 17:00,15.36 ,6.020,-24183.66 
2025/4/4 18:00,14.45 ,6.220,-1996.98 
2025/4/4 19:00,13.47 ,6.380,0.00 
2025/4/4 20:00,12.60 ,6.490,0.00 
2025/4/4 21:00,11.96 ,6.580,0.00 
2025/4/4 22:00,11.47 ,6.630,0.00 
2025/4/4 23:00,11.03 ,6.650,0.00 
2025/4/5 0:00,10.50 ,6.630,0.00 
2025/4/5 1:00,9.76 ,6.490,0.00 
2025/4/5 2:00,8.70 ,6.230,0.00 
2025/4/5 3:00,7.31 ,5.870,0.00 
2025/4/5 4:00,6.05 ,5.570,0.00 
2025/4/5 5:00,5.50 ,5.510,0.00 
2025/4/5 6:00,5.79 ,5.690,0.00 
2025/4/5 7:00,6.59 ,5.970,0.00 
2025/4/5 8:00,7.80 ,6.260,0.00 
2025/4/5 9:00,9.31 ,6.450,0.00 
2025/4/5 10:00,11.05 ,6.520,-18.80 
2025/4/5 11:00,12.95 ,6.460,0.00 
2025/4/5 12:00,14.95 ,6.300,-3525.35 
2025/4/5 13:00,16.99 ,6.130,-39300.76 
2025/4/5 14:00,19.00 ,6.080,-41332.83 
2025/4/5 15:00,20.30 ,6.130,-11440.82 
2025/4/5 16:00,19.97 ,5.980,-2381.30 
2025/4/5 17:00,19.11 ,5.960,-18570.57 
2025/4/5 18:00,17.91 ,6.020,-2887.14 
2025/4/5 19:00,16.58 ,6.120,0.00 
2025/4/5 20:00,15.30 ,6.240,0.00 
2025/4/5 21:00,14.23 ,6.370,0.00 
2025/4/5 22:00,13.31 ,6.510,0.00 
2025/4/5 23:00,12.45 ,6.600,0.00 
2025/4/6 0:00,11.54 ,6.590,0.00 
2025/4/6 1:00,10.49 ,6.450,0.00 
2025/4/6 2:00,9.20 ,6.140,0.00 
2025/4/6 3:00,7.68 ,5.690,0.00 
2025/4/6 4:00,6.36 ,5.270,0.00 
2025/4/6 5:00,5.80 ,5.060,0.00 
2025/4/6 6:00,6.57 ,5.240,0.00 
2025/4/6 7:00,8.43 ,5.720,0.00 
2025/4/6 8:00,10.70 ,6.230,0.00 
2025/4/6 9:00,12.80 ,6.470,0.00 
2025/4/6 10:00,14.67 ,6.380,-482.75 
2025/4/6 11:00,16.32 ,6.020,-418.13 
2025/4/6 12:00,17.80 ,5.500,-19318.91 
2025/4/6 13:00,19.15 ,4.980,-41351.40 
2025/4/6 14:00,20.40 ,4.660,-53352.93 
2025/4/6 15:00,21.20 ,4.620,-53063.83 
2025/4/6 16:00,20.94 ,4.690,-41740.28 
2025/4/6 17:00,20.24 ,4.940,-34527.62 
2025/4/6 18:00,19.26 ,5.270,-25731.25 
2025/4/6 19:00,18.13 ,5.590,-2656.70 
2025/4/6 20:00,17.00 ,5.850,0.00 
2025/4/6 21:00,15.98 ,6.040,0.00 
2025/4/6 22:00,15.04 ,6.160,0.00 
2025/4/6 23:00,14.16 ,6.230,0.00 
2025/4/7 0:00,13.27 ,6.230,0.00 
2025/4/7 1:00,12.33 ,6.150,0.00 
2025/4/7 2:00,11.30 ,5.990,0.00 
2025/4/7 3:00,10.19 ,5.760,0.00 
2025/4/7 4:00,9.28 ,5.560,0.00 
2025/4/7 5:00,8.90 ,5.520,0.00 
2025/4/7 6:00,9.24 ,5.680,0.00 
2025/4/7 7:00,10.06 ,5.960,0.00 
2025/4/7 8:00,11.00 ,6.200,0.00 
2025/4/7 9:00,11.82 ,6.270,0.00 
2025/4/7 10:00,12.56 ,6.200,0.00 
2025/4/7 11:00,13.35 ,6.080,0.00 
2025/4/7 12:00,14.32 ,5.980,0.00 
2025/4/7 13:00,15.60 ,5.990,0.00 
2025/4/7 14:00,17.30 ,6.220,0.00 
2025/4/7 15:00,18.70 ,6.440,0.00 
2025/4/7 16:00,18.23 ,6.060,0.00 
2025/4/7 17:00,17.02 ,5.560,0.00 
2025/4/7 18:00,15.36 ,5.070,0.00 
2025/4/7 19:00,13.56 ,4.650,0.00 
2025/4/7 20:00,11.90 ,4.370,0.00 
2025/4/7 21:00,10.62 ,4.260,0.00 
2025/4/7 22:00,9.71 ,4.250,0.00 
2025/4/7 23:00,9.10 ,4.270,0.00 
2025/4/8 0:00,8.71 ,4.250,0.00 
2025/4/8 1:00,8.47 ,4.170,0.00 
2025/4/8 2:00,8.30 ,3.960,0.00 
2025/4/8 3:00,8.15 ,3.580,0.00 
2025/4/8 4:00,8.04 ,3.070,0.00 
2025/4/8 5:00,8.00 ,2.510,0.00 
2025/4/8 6:00,8.48 ,2.010,0.00 
2025/4/8 7:00,9.58 ,1.580,0.00 
2025/4/8 8:00,10.80 ,1.210,0.00 
2025/4/8 9:00,11.75 ,0.930,0.00 
2025/4/8 10:00,12.42 ,0.770,-250.79 
2025/4/8 11:00,12.90 ,0.720,-5808.90 
2025/4/8 12:00,13.28 ,0.750,-18000.80 
2025/4/8 13:00,13.65 ,0.820,-25620.90 
2025/4/8 14:00,14.10 ,0.900,-34736.99 
2025/4/8 15:00,14.63 ,0.940,-33485.23 
2025/4/8 16:00,14.90 ,0.930,-29735.93 
2025/4/8 17:00,14.69 ,0.880,-34557.94 
2025/4/8 18:00,14.18 ,0.830,-26796.03 
2025/4/8 19:00,13.56 ,0.800,-367.06 
2025/4/8 20:00,13.00 ,0.840,0.00 
2025/4/8 21:00,12.63 ,0.940,0.00 
2025/4/8 22:00,12.36 ,1.100,0.00 
2025/4/8 23:00,12.03 ,1.270,0.00 
2025/4/9 0:00,11.49 ,1.420,0.00 
2025/4/9 1:00,10.60 ,1.520,0.00 
2025/4/9 2:00,9.20 ,1.520,0.00 
2025/4/9 3:00,7.30 ,1.420,0.00 
2025/4/9 4:00,5.56 ,1.300,0.00 
2025/4/9 5:00,4.80 ,1.240,0.00 
2025/4/9 6:00,5.69 ,1.290,0.00 
2025/4/9 7:00,7.71 ,1.410,0.00 
2025/4/9 8:00,9.90 ,1.520,0.00 
2025/4/9 9:00,11.51 ,1.500,0.00 
2025/4/9 10:00,12.60 ,1.390,-160.26 
2025/4/9 11:00,13.48 ,1.240,-8753.90 
2025/4/9 12:00,14.41 ,1.100,-24855.72 
2025/4/9 13:00,15.69 ,1.040,-37641.61 
2025/4/9 14:00,17.60 ,1.120,-50682.87 
2025/4/9 15:00,19.30 ,1.360,-25326.73 
2025/4/9 16:00,18.94 ,1.610,-33131.62 
2025/4/9 17:00,17.99 ,1.900,-37688.05 
2025/4/9 18:00,16.67 ,2.220,-30091.41 
2025/4/9 19:00,15.17 ,2.530,-2036.04 
2025/4/9 20:00,13.70 ,2.830,0.00 
2025/4/9 21:00,12.43 ,3.140,0.00 
2025/4/9 22:00,11.34 ,3.420,0.00 
2025/4/9 23:00,10.41 ,3.640,0.00 
2025/4/10 0:00,9.59 ,3.800,0.00 
2025/4/10 1:00,8.83 ,3.830,0.00 
2025/4/10 2:00,8.10 ,3.720,0.00 
2025/4/10 3:00,7.38 ,3.460,0.00 
2025/4/10 4:00,6.83 ,3.130,0.00 
2025/4/10 5:00,6.60 ,2.810,0.00 
2025/4/10 6:00,7.89 ,2.700,0.00 
2025/4/10 7:00,10.88 ,2.830,0.00 
2025/4/10 8:00,14.20 ,2.930,0.00 
2025/4/10 9:00,16.77 ,2.850,0.00 
2025/4/10 10:00,18.55 ,2.590,-2425.11 
2025/4/10 11:00,19.76 ,2.260,-1182.10 
2025/4/10 12:00,20.60 ,1.960,-22866.48 
2025/4/10 13:00,21.31 ,1.740,-59274.36 
2025/4/10 14:00,22.10 ,1.660,-60634.72 
2025/4/10 15:00,23.03 ,1.750,-28577.15 
2025/4/10 16:00,23.50 ,1.950,-36239.53 
2025/4/10 17:00,23.14 ,2.140,-42511.23 
2025/4/10 18:00,22.23 ,2.300,-27293.61 
2025/4/10 19:00,21.06 ,2.410,-4752.43 
2025/4/10 20:00,19.90 ,2.470,0.00 
2025/4/10 21:00,18.96 ,2.500,0.00 
2025/4/10 22:00,18.18 ,2.500,0.00 
2025/4/10 23:00,17.43 ,2.480,0.00 
2025/4/11 0:00,16.59 ,2.420,0.00 
2025/4/11 1:00,15.52 ,2.330,0.00 
2025/4/11 2:00,14.10 ,2.200,0.00 
2025/4/11 3:00,12.33 ,2.040,0.00 
2025/4/11 4:00,10.77 ,1.920,0.00 
2025/4/11 5:00,10.10 ,1.880,0.00 
2025/4/11 6:00,11.01 ,2.020,0.00 
2025/4/11 7:00,13.03 ,2.270,0.00 
2025/4/11 8:00,15.10 ,2.460,0.00 
2025/4/11 9:00,16.38 ,2.410,-36.59 
2025/4/11 10:00,17.04 ,2.160,-8705.44 
2025/4/11 11:00,17.45 ,1.840,-28685.99 
2025/4/11 12:00,18.02 ,1.540,-18535.73 
2025/4/11 13:00,19.14 ,1.370,-18172.63 
2025/4/11 14:00,21.20 ,1.410,-58062.39 
2025/4/11 15:00,23.20 ,1.690,-70204.12 
2025/4/11 16:00,22.77 ,1.970,-57736.21 
2025/4/11 17:00,21.67 ,2.310,-44367.01 
2025/4/11 18:00,20.20 ,2.640,-33583.46 
2025/4/11 19:00,18.65 ,2.940,-6300.82 
2025/4/11 20:00,17.30 ,3.200,0.00 
2025/4/11 21:00,16.37 ,3.480,0.00 
2025/4/11 22:00,15.71 ,3.760,0.00 
2025/4/11 23:00,15.13 ,4.010,0.00 
2025/4/12 0:00,14.39 ,4.200,0.00 
2025/4/12 1:00,13.29 ,4.220,0.00 
2025/4/12 2:00,11.60 ,4.040,0.00 
2025/4/12 3:00,9.31 ,3.670,0.00 
2025/4/12 4:00,7.22 ,3.330,0.00 
2025/4/12 5:00,6.30 ,3.210,0.00 
2025/4/12 6:00,7.41 ,3.480,0.00 
2025/4/12 7:00,10.05 ,4.060,0.00 
2025/4/12 8:00,13.20 ,4.680,0.00 
2025/4/12 9:00,16.02 ,5.000,-133.58 
2025/4/12 10:00,18.36 ,4.890,-15102.63 
2025/4/12 11:00,20.29 ,4.410,-30421.01 
2025/4/12 12:00,21.84 ,3.690,-23238.33 
2025/4/12 13:00,23.06 ,2.950,-52719.19 
2025/4/12 14:00,24.00 ,2.440,-41619.54 
2025/4/12 15:00,24.50 ,2.340,-31173.65 
2025/4/12 16:00,24.07 ,2.590,-43149.16 
2025/4/12 17:00,22.99 ,3.050,-45964.59 
2025/4/12 18:00,21.52 ,3.580,-28193.72 
2025/4/12 19:00,19.97 ,4.100,-4616.21 
2025/4/12 20:00,18.60 ,4.590,0.00 
2025/4/12 21:00,17.63 ,5.070,0.00 
2025/4/12 22:00,16.93 ,5.520,0.00 
2025/4/12 23:00,16.32 ,5.870,0.00 
2025/4/13 0:00,15.59 ,6.050,0.00 
2025/4/13 1:00,14.55 ,5.970,0.00 
2025/4/13 2:00,13.00 ,5.570,0.00 
2025/4/13 3:00,10.92 ,4.890,0.00 
2025/4/13 4:00,9.03 ,4.240,0.00 
2025/4/13 5:00,8.20 ,3.880,0.00 
2025/4/13 6:00,9.30 ,3.980,0.00 
2025/4/13 7:00,11.92 ,4.420,0.00 
2025/4/13 8:00,15.00 ,4.940,0.00 
2025/4/13 9:00,17.68 ,5.250,0.00 
2025/4/13 10:00,19.85 ,5.290,0.00 
2025/4/13 11:00,21.54 ,5.120,-16973.84 
2025/4/13 12:00,22.83 ,4.860,-19886.39 
2025/4/13 13:00,23.76 ,4.640,-47330.07 
2025/4/13 14:00,24.40 ,4.620,-82329.89 
2025/4/13 15:00,24.70 ,4.870,-68689.75 
2025/4/13 16:00,24.06 ,5.180,-64064.25 
2025/4/13 17:00,22.41 ,5.370,-39022.26 
2025/4/13 18:00,20.14 ,5.440,-32777.17 
2025/4/13 19:00,17.64 ,5.410,-6657.90 
2025/4/13 20:00,15.30 ,5.370,0.00 
2025/4/13 21:00,13.43 ,5.400,0.00 
2025/4/13 22:00,12.00 ,5.470,0.00 
2025/4/13 23:00,10.89 ,5.530,0.00 
2025/4/14 0:00,10.00 ,5.470,0.00 
2025/4/14 1:00,9.21 ,5.340,0.00 
2025/4/14 2:00,8.40 ,5.020,0.00 
2025/4/14 3:00,7.53 ,4.510,0.00 
2025/4/14 4:00,6.80 ,3.950,0.00 
2025/4/14 5:00,6.50 ,3.450,0.00 
2025/4/14 6:00,7.61 ,3.230,0.00 
2025/4/14 7:00,10.12 ,3.260,0.00 
2025/4/14 8:00,12.80 ,3.310,0.00 
2025/4/14 9:00,14.68 ,3.250,0.00 
2025/4/14 10:00,15.78 ,3.150,0.00 
2025/4/14 11:00,16.38 ,3.070,0.00 
2025/4/14 12:00,16.77 ,3.080,0.00 
2025/4/14 13:00,17.22 ,3.190,-482.93 
2025/4/14 14:00,18.00 ,3.470,-1348.25 
2025/4/14 15:00,18.80 ,3.820,-42289.83 
2025/4/14 16:00,18.55 ,4.000,-48369.35 
2025/4/14 17:00,17.87 ,4.120,-9035.67 
2025/4/14 18:00,16.91 ,4.220,-110.98 
2025/4/14 19:00,15.81 ,4.330,0.00 
2025/4/14 20:00,14.70 ,4.480,0.00 
2025/4/14 21:00,13.69 ,4.690,0.00 
2025/4/14 22:00,12.76 ,4.920,0.00 
2025/4/14 23:00,11.90 ,5.150,0.00 
2025/4/15 0:00,11.06 ,5.340,0.00 
2025/4/15 1:00,10.20 ,5.440,0.00 
2025/4/15 2:00,9.30 ,5.430,0.00 
2025/4/15 3:00,8.36 ,5.310,0.00 
2025/4/15 4:00,7.61 ,5.160,0.00 
2025/4/15 5:00,7.30 ,5.080,0.00 
2025/4/15 6:00,8.01 ,5.240,0.00 
2025/4/15 7:00,9.71 ,5.660,0.00 
2025/4/15 8:00,11.80 ,6.070,0.00 
2025/4/15 9:00,13.75 ,6.220,0.00 
2025/4/15 10:00,15.49 ,6.060,-6058.25 
2025/4/15 11:00,17.03 ,5.660,-503.90 
2025/4/15 12:00,18.40 ,5.140,-789.19 
2025/4/15 13:00,19.61 ,4.660,-3836.03 
2025/4/15 14:00,20.70 ,4.430,-51732.33 
2025/4/15 15:00,21.61 ,4.600,-21770.02 
2025/4/15 16:00,22.00 ,5.030,-5908.95 
2025/4/15 17:00,21.60 ,5.460,-2918.42 
2025/4/15 18:00,20.56 ,5.710,-1479.31 
2025/4/15 19:00,19.18 ,5.720,0.00 
2025/4/15 20:00,17.70 ,5.460,0.00 
2025/4/15 21:00,16.36 ,4.980,0.00 
2025/4/15 22:00,15.15 ,4.390,0.00 
2025/4/15 23:00,14.05 ,3.780,0.00 
2025/4/16 0:00,13.00 ,3.200,0.00 
2025/4/16 1:00,11.97 ,2.710,0.00 
2025/4/16 2:00,10.90 ,2.350,0.00 
2025/4/16 3:00,9.82 ,2.130,0.00 
2025/4/16 4:00,8.95 ,2.040,0.00 
2025/4/16 5:00,8.60 ,2.080,0.00 
2025/4/16 6:00,8.93 ,2.230,0.00 
2025/4/16 7:00,9.70 ,2.430,0.00 
2025/4/16 8:00,10.60 ,2.620,0.00 
2025/4/16 9:00,11.38 ,2.710,0.00 
2025/4/16 10:00,12.08 ,2.700,-73.46 
2025/4/16 11:00,12.83 ,2.650,-3474.84 
2025/4/16 12:00,13.73 ,2.600,-13717.25 
2025/4/16 13:00,14.92 ,2.590,-23229.05 
2025/4/16 14:00,16.50 ,2.680,-33725.90 
2025/4/16 15:00,17.80 ,2.810,-34566.26 
2025/4/16 16:00,17.52 ,2.770,-28406.69 
2025/4/16 17:00,16.80 ,2.750,-30572.27 
2025/4/16 18:00,15.80 ,2.780,-27601.95 
2025/4/16 19:00,14.71 ,2.860,-1422.13 
2025/4/16 20:00,13.70 ,3.020,0.00 
2025/4/16 21:00,12.89 ,3.260,0.00 
2025/4/16 22:00,12.21 ,3.560,0.00 
2025/4/16 23:00,11.55 ,3.860,0.00 
2025/4/17 0:00,10.79 ,4.110,0.00 
2025/4/17 1:00,9.81 ,4.240,0.00 
2025/4/17 2:00,8.50 ,4.220,0.00 
2025/4/17 3:00,6.87 ,4.030,0.00 
2025/4/17 4:00,5.42 ,3.830,0.00 
2025/4/17 5:00,4.80 ,3.760,0.00 
2025/4/17 6:00,5.49 ,3.970,0.00 
2025/4/17 7:00,7.21 ,4.370,0.00 
2025/4/17 8:00,9.40 ,4.780,0.00 
2025/4/17 9:00,11.59 ,5.010,0.00 
2025/4/17 10:00,13.66 ,4.970,0.00 
2025/4/17 11:00,15.55 ,4.680,-2140.45 
2025/4/17 12:00,17.20 ,4.200,-12214.12 
2025/4/17 13:00,18.57 ,3.670,-24515.94 
2025/4/17 14:00,19.60 ,3.270,-33183.38 
2025/4/17 15:00,20.10 ,3.140,-32617.79 
2025/4/17 16:00,19.72 ,3.220,-26657.03 
2025/4/17 17:00,18.76 ,3.440,-26130.87 
2025/4/17 18:00,17.45 ,3.710,-24547.61 
2025/4/17 19:00,16.05 ,3.970,-1341.58 
2025/4/17 20:00,14.80 ,4.200,0.00 
2025/4/17 21:00,13.88 ,4.420,0.00 
2025/4/17 22:00,13.22 ,4.620,0.00 
2025/4/17 23:00,12.68 ,4.780,0.00 
2025/4/18 0:00,12.10 ,4.880,0.00 
2025/4/18 1:00,11.36 ,4.860,0.00 
2025/4/18 2:00,10.30 ,4.690,0.00 
2025/4/18 3:00,8.91 ,4.390,0.00 
2025/4/18 4:00,7.65 ,4.100,0.00 
2025/4/18 5:00,7.10 ,3.970,0.00 
2025/4/18 6:00,7.90 ,4.170,0.00 
2025/4/18 7:00,9.78 ,4.640,0.00 
2025/4/18 8:00,12.00 ,5.170,0.00 
2025/4/18 9:00,13.93 ,5.520,0.00 
2025/4/18 10:00,15.54 ,5.670,-109.28 
2025/4/18 11:00,16.95 ,5.660,0.00 
2025/4/18 12:00,18.28 ,5.580,-8852.07 
2025/4/18 13:00,19.62 ,5.530,-8420.36 
2025/4/18 14:00,21.10 ,5.630,-29330.83 
2025/4/18 15:00,22.20 ,5.800,-16038.94 
2025/4/18 16:00,21.76 ,5.630,-5849.30 
2025/4/18 17:00,20.70 ,5.430,-20536.51 
2025/4/18 18:00,19.41 ,5.300,-50258.21 
2025/4/18 19:00,18.28 ,5.310,-10098.22 
2025/4/18 20:00,17.70 ,5.570,0.00 
2025/4/18 21:00,17.70 ,6.090,0.00 
2025/4/18 22:00,17.19 ,6.430,0.00 
2025/4/18 23:00,16.16 ,6.550,0.00 
2025/4/19 0:00,14.98 ,6.570,0.00 
2025/4/19 1:00,14.00 ,6.610,0.00 
2025/4/19 2:00,13.60 ,6.840,0.00 
2025/4/19 3:00,13.14 ,6.990,0.00 
2025/4/19 4:00,12.17 ,6.830,0.00 
2025/4/19 5:00,11.30 ,6.640,0.00 
2025/4/19 6:00,10.99 ,6.640,0.00 
2025/4/19 7:00,11.19 ,6.790,0.00 
2025/4/19 8:00,11.70 ,6.990,0.00 
2025/4/19 9:00,12.34 ,7.180,0.00 
2025/4/19 10:00,13.04 ,7.320,0.00 
2025/4/19 11:00,13.73 ,7.440,0.00 
2025/4/19 12:00,14.38 ,7.540,0.00 
2025/4/19 13:00,14.92 ,7.640,0.00 
2025/4/19 14:00,15.30 ,7.760,0.00 
2025/4/19 15:00,15.48 ,7.930,0.00 
2025/4/19 16:00,15.50 ,8.120,0.00 
2025/4/19 17:00,15.38 ,8.330,0.00 
2025/4/19 18:00,15.18 ,8.530,0.00 
2025/4/19 19:00,14.94 ,8.710,0.00 
2025/4/19 20:00,14.70 ,8.850,0.00 
2025/4/19 21:00,14.49 ,8.940,0.00 
2025/4/19 22:00,14.30 ,8.950,0.00 
2025/4/19 23:00,14.11 ,8.880,0.00 
2025/4/20 0:00,13.90 ,8.670,0.00 
2025/4/20 1:00,13.64 ,8.340,0.00 
2025/4/20 2:00,13.30 ,7.860,0.00 
2025/4/20 3:00,12.90 ,7.240,0.00 
2025/4/20 4:00,12.55 ,6.560,0.00 
2025/4/20 5:00,12.40 ,5.910,0.00 
2025/4/20 6:00,12.66 ,5.370,0.00 
2025/4/20 7:00,13.37 ,4.920,0.00 
2025/4/20 8:00,14.40 ,4.500,0.00 
2025/4/20 9:00,15.65 ,4.090,0.00 
2025/4/20 10:00,16.99 ,3.650,-338.70 
2025/4/20 11:00,18.31 ,3.230,-15477.26 
2025/4/20 12:00,19.48 ,2.860,-6677.79 
2025/4/20 13:00,20.39 ,2.630,-6763.90 
2025/4/20 14:00,20.90 ,2.620,-41859.29 
2025/4/20 15:00,21.00 ,2.890,-50640.98 
2025/4/20 16:00,20.65 ,3.390,-14507.08 
2025/4/20 17:00,19.74 ,3.960,-3993.63 
2025/4/20 18:00,18.48 ,4.520,-2795.76 
2025/4/20 19:00,17.06 ,5.020,0.00 
2025/4/20 20:00,15.70 ,5.460,0.00 
2025/4/20 21:00,14.55 ,5.870,0.00 
2025/4/20 22:00,13.58 ,6.210,0.00 
2025/4/20 23:00,12.72 ,6.430,0.00 
2025/4/21 0:00,11.89 ,6.460,0.00 
2025/4/21 1:00,11.01 ,6.300,0.00 
2025/4/21 2:00,10.00 ,5.890,0.00 
2025/4/21 3:00,8.86 ,5.250,0.00 
2025/4/21 4:00,7.90 ,4.580,0.00 
2025/4/21 5:00,7.50 ,4.010,0.00 
2025/4/21 6:00,8.54 ,3.770,0.00 
2025/4/21 7:00,10.88 ,3.770,0.00 
2025/4/21 8:00,13.40 ,3.720,0.00 
2025/4/21 9:00,15.17 ,3.470,0.00 
2025/4/21 10:00,16.24 ,3.090,-41.02 
2025/4/21 11:00,16.87 ,2.720,-4943.13 
2025/4/21 12:00,17.33 ,2.460,-15928.24 
2025/4/21 13:00,17.88 ,2.380,-26325.09 
2025/4/21 14:00,18.80 ,2.560,-35885.29 
2025/4/21 15:00,19.70 ,2.970,-36081.07 
2025/4/21 16:00,19.34 ,3.350,-29801.35 
2025/4/21 17:00,18.40 ,3.710,-31445.84 
2025/4/21 18:00,17.07 ,4.010,-18548.21 
2025/4/21 19:00,15.54 ,4.230,-126.94 
2025/4/21 20:00,14.00 ,4.370,0.00 
2025/4/21 21:00,12.61 ,4.470,0.00 
2025/4/21 22:00,11.39 ,4.550,0.00 
2025/4/21 23:00,10.32 ,4.590,0.00 
2025/4/22 0:00,9.38 ,4.600,0.00 
2025/4/22 1:00,8.54 ,4.580,0.00 
2025/4/22 2:00,7.80 ,4.530,0.00 
2025/4/22 3:00,7.15 ,4.450,0.00 
2025/4/22 4:00,6.68 ,4.360,0.00 
2025/4/22 5:00,6.50 ,4.300,0.00 
2025/4/22 6:00,7.10 ,4.420,0.00 
2025/4/22 7:00,8.61 ,4.740,0.00 
2025/4/22 8:00,10.60 ,5.160,0.00 
2025/4/22 9:00,12.68 ,5.510,0.00 
2025/4/22 10:00,14.72 ,5.740,0.00 
2025/4/22 11:00,16.62 ,5.810,0.00 
2025/4/22 12:00,18.29 ,5.710,-1868.60 
2025/4/22 13:00,19.65 ,5.460,-28174.00 
2025/4/22 14:00,20.60 ,5.130,-28727.25 
2025/4/22 15:00,21.00 ,4.760,-35674.41 
2025/4/22 16:00,20.65 ,4.380,-23084.14 
2025/4/22 17:00,19.72 ,4.080,-5970.11 
2025/4/22 18:00,18.37 ,3.930,-13141.71 
2025/4/22 19:00,16.77 ,3.910,0.00 
2025/4/22 20:00,15.10 ,4.040,0.00 
2025/4/22 21:00,13.50 ,4.300,0.00 
2025/4/22 22:00,12.02 ,4.590,0.00 
2025/4/22 23:00,10.69 ,4.860,0.00 
2025/4/23 0:00,9.52 ,5.040,0.00 
2025/4/23 1:00,8.55 ,5.160,0.00 
2025/4/23 2:00,7.80 ,5.170,0.00 
2025/4/23 3:00,7.29 ,5.070,0.00 
2025/4/23 4:00,6.99 ,4.880,0.00 
2025/4/23 5:00,6.90 ,4.650,0.00 
2025/4/23 6:00,7.90 ,4.660,0.00 
2025/4/23 7:00,10.21 ,5.010,0.00 
2025/4/23 8:00,12.80 ,5.390,0.00 
2025/4/23 9:00,14.85 ,5.530,0.00 
2025/4/23 10:00,16.28 ,5.410,-353.61 
2025/4/23 11:00,17.23 ,5.090,0.00 
2025/4/23 12:00,17.82 ,4.690,0.00 
2025/4/23 13:00,18.17 ,4.270,-278.70 
2025/4/23 14:00,18.40 ,3.920,-696.35 
2025/4/23 15:00,18.60 ,3.690,-362.20 
2025/4/23 16:00,18.70 ,3.570,0.00 
2025/4/23 17:00,18.43 ,3.540,-19869.50 
2025/4/23 18:00,17.73 ,3.570,-21515.24 
2025/4/23 19:00,16.76 ,3.710,-122.79 
2025/4/23 20:00,15.70 ,3.960,0.00 
2025/4/23 21:00,14.68 ,4.330,0.00 
2025/4/23 22:00,13.69 ,4.740,0.00 
2025/4/23 23:00,12.69 ,5.090,0.00 
2025/4/24 0:00,11.63 ,5.370,0.00 
2025/4/24 1:00,10.48 ,5.430,0.00 
2025/4/24 2:00,9.20 ,5.280,0.00 
2025/4/24 3:00,7.81 ,4.930,0.00 
2025/4/24 4:00,6.67 ,4.540,0.00 
2025/4/24 5:00,6.20 ,4.270,0.00 
2025/4/24 6:00,7.29 ,4.360,0.00 
2025/4/24 7:00,9.90 ,4.810,0.00 
2025/4/24 8:00,13.00 ,5.310,0.00 
2025/4/24 9:00,15.77 ,5.540,0.00 
2025/4/24 10:00,18.05 ,5.410,-433.16 
2025/4/24 11:00,19.87 ,4.990,-19698.52 
2025/4/24 12:00,21.25 ,4.400,-9022.18 
2025/4/24 13:00,22.22 ,3.820,-8384.19 
2025/4/24 14:00,22.80 ,3.440,-14090.08 
2025/4/24 15:00,23.00 ,3.410,-44566.78 
2025/4/24 16:00,22.69 ,3.650,-45690.36 
2025/4/24 17:00,21.87 ,4.060,-23070.32 
2025/4/24 18:00,20.73 ,4.540,-37913.20 
2025/4/24 19:00,19.45 ,5.020,-8203.70 
2025/4/24 20:00,18.20 ,5.460,0.00 
2025/4/24 21:00,17.12 ,5.880,0.00 
2025/4/24 22:00,16.17 ,6.250,0.00 
2025/4/24 23:00,15.25 ,6.540,0.00 
2025/4/25 0:00,14.28 ,6.740,0.00 
2025/4/25 1:00,13.16 ,6.730,0.00 
2025/4/25 2:00,11.80 ,6.510,0.00 
2025/4/25 3:00,10.22 ,6.100,0.00 
2025/4/25 4:00,8.87 ,5.710,0.00 
2025/4/25 5:00,8.30 ,5.540,0.00 
2025/4/25 6:00,9.03 ,5.770,0.00 
2025/4/25 7:00,10.85 ,6.310,0.00 
2025/4/25 8:00,13.20 ,6.950,0.00 
2025/4/25 9:00,15.60 ,7.400,0.00 
2025/4/25 10:00,17.90 ,7.550,-118.18 
2025/4/25 11:00,20.06 ,7.370,-1890.58 
2025/4/25 12:00,22.00 ,6.890,-7290.26 
2025/4/25 13:00,23.67 ,6.230,-33488.14 
2025/4/25 14:00,25.00 ,5.560,-74560.84 
2025/4/25 15:00,25.70 ,5.010,-82159.96 
2025/4/25 16:00,25.35 ,4.540,-51595.71 
2025/4/25 17:00,24.45 ,4.280,-19187.24 
2025/4/25 18:00,23.28 ,4.180,-9323.73 
2025/4/25 19:00,22.07 ,4.220,-1920.38 
2025/4/25 20:00,21.10 ,4.380,0.00 
2025/4/25 21:00,20.53 ,4.650,0.00 
2025/4/25 22:00,20.20 ,5.000,0.00 
2025/4/25 23:00,19.87 ,5.370,0.00 
2025/4/26 0:00,19.29 ,5.700,0.00 
2025/4/26 1:00,18.21 ,5.860,0.00 
2025/4/26 2:00,16.40 ,5.740,0.00 
2025/4/26 3:00,13.84 ,5.350,0.00 
2025/4/26 4:00,11.45 ,4.990,0.00 
2025/4/26 5:00,10.40 ,5.010,0.00 
2025/4/26 6:00,11.01 ,5.520,0.00 
2025/4/26 7:00,12.38 ,6.270,0.00 
2025/4/26 8:00,13.80 ,6.950,0.00 
2025/4/26 9:00,14.75 ,7.250,0.00 
2025/4/26 10:00,15.41 ,7.240,0.00 
2025/4/26 11:00,16.10 ,7.140,-299.22 
2025/4/26 12:00,17.19 ,7.150,-39492.25 
2025/4/26 13:00,19.01 ,7.540,-25892.71 
2025/4/26 14:00,21.90 ,8.630,-21678.61 
2025/4/26 15:00,24.50 ,9.970,-27262.36 
2025/4/26 16:00,24.09 ,9.850,-20445.29 
2025/4/26 17:00,23.06 ,9.580,-9510.24 
2025/4/26 18:00,21.73 ,9.270,-4779.19 
2025/4/26 19:00,20.41 ,9.030,0.00 
2025/4/26 20:00,19.40 ,8.960,0.00 
2025/4/26 21:00,18.92 ,9.160,0.00 
2025/4/26 22:00,18.79 ,9.530,0.00 
2025/4/26 23:00,18.71 ,9.910,0.00 
2025/4/27 0:00,18.41 ,10.170,0.00 
2025/4/27 1:00,17.60 ,10.020,0.00 
2025/4/27 2:00,16.00 ,9.350,0.00 
2025/4/27 3:00,13.57 ,8.220,0.00 
2025/4/27 4:00,11.24 ,7.210,0.00 
2025/4/27 5:00,10.20 ,6.820,0.00 
2025/4/27 6:00,11.15 ,7.290,0.00 
2025/4/27 7:00,13.32 ,8.320,0.00 
2025/4/27 8:00,15.70 ,9.400,0.00 
2025/4/27 9:00,17.48 ,9.950,0.00 
2025/4/27 10:00,18.72 ,9.960,-13218.44 
2025/4/27 11:00,19.71 ,9.660,-11345.65 
2025/4/27 12:00,20.73 ,9.330,-14007.99 
2025/4/27 13:00,22.06 ,9.230,-24116.90 
2025/4/27 14:00,24.00 ,9.670,-81367.49 
2025/4/27 15:00,25.70 ,10.370,-99478.34 
2025/4/27 16:00,25.44 ,10.270,-51548.66 
2025/4/27 17:00,24.75 ,10.220,-25880.42 
2025/4/27 18:00,23.78 ,10.220,-14652.11 
2025/4/27 19:00,22.68 ,10.260,-2142.30 
2025/4/27 20:00,21.60 ,10.340,0.00 
2025/4/27 21:00,20.64 ,10.470,0.00 
2025/4/27 22:00,19.79 ,10.620,0.00 
2025/4/27 23:00,18.97 ,10.730,0.00 
2025/4/28 0:00,18.13 ,10.800,0.00 
2025/4/28 1:00,17.19 ,10.650,0.00 
2025/4/28 2:00,16.10 ,10.300,0.00 
2025/4/28 3:00,14.87 ,9.760,0.00 
2025/4/28 4:00,13.84 ,9.250,0.00 
2025/4/28 5:00,13.40 ,8.990,0.00 
2025/4/28 6:00,14.16 ,9.280,0.00 
2025/4/28 7:00,16.01 ,10.070,0.00 
2025/4/28 8:00,18.30 ,10.900,0.00 
2025/4/28 9:00,20.48 ,11.290,-12939.07 
2025/4/28 10:00,22.42 ,11.050,-25211.91 
2025/4/28 11:00,24.10 ,10.190,-40909.04 
2025/4/28 12:00,25.51 ,8.780,-48177.26 
2025/4/28 13:00,26.61 ,7.000,-56392.53 
2025/4/28 14:00,27.40 ,5.100,-61878.20 
2025/4/28 15:00,27.86 ,3.340,-76508.37 
2025/4/28 16:00,28.00 ,1.970,-58945.59 
2025/4/28 17:00,27.42 ,1.120,-41962.10 
2025/4/28 18:00,26.14 ,0.920,-28041.82 
2025/4/28 19:00,24.84 ,1.360,-7944.18 
2025/4/28 20:00,24.20 ,2.480,-1986.47 
2025/4/28 21:00,24.20 ,4.350,-944.67 
2025/4/28 22:00,22.74 ,6.150,-76.23 
2025/4/28 23:00,19.99 ,7.210,0.00 
2025/4/29 0:00,16.89 ,7.520,0.00 
2025/4/29 1:00,14.35 ,7.590,0.00 
2025/4/29 2:00,13.30 ,7.940,0.00 
2025/4/29 3:00,12.80 ,8.120,0.00 
2025/4/29 4:00,11.91 ,7.750,0.00 
2025/4/29 5:00,11.60 ,7.410,0.00 
2025/4/29 6:00,12.54 ,7.480,0.00 
2025/4/29 7:00,14.37 ,7.800,0.00 
2025/4/29 8:00,16.50 ,8.090,0.00 
2025/4/29 9:00,18.41 ,8.100,0.00 
2025/4/29 10:00,20.01 ,7.790,-7542.72 
2025/4/29 11:00,21.31 ,7.180,-13419.52 
2025/4/29 12:00,22.34 ,6.360,-36141.24 
2025/4/29 13:00,23.10 ,5.400,-56459.40 
2025/4/29 14:00,23.60 ,4.410,-62891.82 
2025/4/29 15:00,23.86 ,3.490,-62771.41 
2025/4/29 16:00,23.89 ,2.720,-54302.05 
2025/4/29 17:00,23.68 ,2.180,-42269.37 
2025/4/29 18:00,23.25 ,1.920,-18920.26 
2025/4/29 19:00,22.59 ,1.950,-3994.83 
2025/4/29 20:00,21.70 ,2.280,-236.97 
2025/4/29 21:00,20.60 ,2.850,0.00 
2025/4/29 22:00,19.33 ,3.500,0.00 
2025/4/29 23:00,17.94 ,4.080,0.00 
2025/4/30 0:00,16.47 ,4.460,0.00 
2025/4/30 1:00,14.98 ,4.640,0.00 
2025/4/30 2:00,13.50 ,4.560,0.00 
2025/4/30 3:00,12.13 ,4.280,0.00 
2025/4/30 4:00,11.10 ,3.910,0.00 
2025/4/30 5:00,10.70 ,3.610,0.00 
2025/4/30 6:00,11.60 ,3.520,0.00 
2025/4/30 7:00,13.72 ,3.650,0.00 
2025/4/30 8:00,16.20 ,3.810,0.00 
2025/4/30 9:00,18.33 ,3.890,-12.65 
2025/4/30 10:00,20.00 ,3.870,-436.43 
2025/4/30 11:00,21.23 ,3.820,-24983.83 
2025/4/30 12:00,22.07 ,3.760,-24043.49 
2025/4/30 13:00,22.55 ,3.740,-51820.62 
2025/4/30 14:00,22.70 ,3.810,-66631.96 
2025/4/30 15:00,22.50 ,3.950,-62896.48 
2025/4/30 16:00,21.98 ,4.160,-51799.64 
2025/4/30 17:00,21.25 ,4.430,-44285.67 
2025/4/30 18:00,20.42 ,4.760,-47539.72 
2025/4/30 19:00,19.60 ,5.150,-14422.78 
2025/4/30 20:00,18.90 ,5.630,-1732.32 
2025/4/30 21:00,18.20 ,6.130,-13.96 
2025/4/30 22:00,16.77 ,6.290,0.00 
2025/4/30 23:00,14.80 ,6.110,0.00 
2025/5/1 0:00,12.79 ,5.700,0.00 
2025/5/1 1:00,11.23 ,5.380,0.00 
2025/5/1 2:00,10.60 ,5.240,0.00 
2025/5/1 3:00,10.03 ,4.940,0.00 
2025/5/1 4:00,8.95 ,4.370,0.00 
2025/5/1 5:00,8.30 ,3.890,0.00 
2025/5/1 6:00,8.76 ,3.680,0.00 
2025/5/1 7:00,10.04 ,3.650,0.00 
2025/5/1 8:00,11.60 ,3.720,0.00 
2025/5/1 9:00,12.99 ,3.840,0.00 
2025/5/1 10:00,14.13 ,3.980,0.00 
2025/5/1 11:00,15.02 ,4.140,-16505.26 
2025/5/1 12:00,15.67 ,4.280,-4218.75 
2025/5/1 13:00,16.10 ,4.370,-1630.84 
2025/5/1 14:00,16.30 ,4.370,-2095.71 
2025/5/1 15:00,16.29 ,4.250,-1532.90 
2025/5/1 16:00,16.10 ,4.080,-116.27 
2025/5/1 17:00,15.77 ,3.930,0.00 
2025/5/1 18:00,15.32 ,3.870,0.00 
2025/5/1 19:00,14.78 ,3.950,0.00 
2025/5/1 20:00,14.20 ,4.220,0.00 
2025/5/1 21:00,13.60 ,4.680,0.00 
2025/5/1 22:00,13.01 ,5.250,0.00 
2025/5/1 23:00,12.46 ,5.820,0.00 
2025/5/2 0:00,11.97 ,6.350,0.00 
2025/5/2 1:00,11.58 ,6.690,0.00 
2025/5/2 2:00,11.30 ,6.800,0.00 
2025/5/2 3:00,11.16 ,6.660,0.00 
2025/5/2 4:00,11.11 ,6.310,0.00 
2025/5/2 5:00,11.10 ,5.810,0.00 
2025/5/2 6:00,11.41 ,5.370,0.00 
2025/5/2 7:00,12.12 ,5.050,0.00 
2025/5/2 8:00,12.90 ,4.840,0.00 
2025/5/2 9:00,13.48 ,4.740,0.00 
2025/5/2 10:00,13.89 ,4.760,0.00 
2025/5/2 11:00,14.21 ,4.910,0.00 
2025/5/2 12:00,14.54 ,5.170,0.00 
2025/5/2 13:00,14.97 ,5.530,0.00 
2025/5/2 14:00,15.60 ,5.990,0.00 
2025/5/2 15:00,16.39 ,6.510,0.00 
2025/5/2 16:00,16.80 ,6.850,0.00 
2025/5/2 17:00,16.53 ,6.870,0.00 
2025/5/2 18:00,15.88 ,6.700,0.00 
2025/5/2 19:00,15.11 ,6.470,0.00 
2025/5/2 20:00,14.50 ,6.310,0.00 
2025/5/2 21:00,14.22 ,6.300,0.00 
2025/5/2 22:00,14.20 ,6.400,0.00 
2025/5/2 23:00,14.28 ,6.550,0.00 
2025/5/3 0:00,14.31 ,6.710,0.00 
2025/5/3 1:00,14.14 ,6.760,0.00 
2025/5/3 2:00,13.60 ,6.660,0.00 
2025/5/3 3:00,12.66 ,6.390,0.00 
2025/5/3 4:00,11.73 ,6.110,0.00 
2025/5/3 5:00,11.30 ,5.980,0.00 
2025/5/3 6:00,11.67 ,6.100,0.00 
2025/5/3 7:00,12.69 ,6.380,0.00 
2025/5/3 8:00,14.20 ,6.720,0.00 
2025/5/3 9:00,16.05 ,7.010,0.00 
2025/5/3 10:00,18.08 ,7.170,0.00 
2025/5/3 11:00,20.15 ,7.150,-16157.02 
2025/5/3 12:00,22.11 ,6.910,-20285.67 
2025/5/3 13:00,23.81 ,6.500,-27907.87 
2025/5/3 14:00,25.10 ,6.010,-20589.69 
2025/5/3 15:00,25.86 ,5.610,-16947.47 
2025/5/3 16:00,26.10 ,5.370,-12884.00 
2025/5/3 17:00,25.76 ,5.300,-23220.70 
2025/5/3 18:00,24.85 ,5.370,-27166.15 
2025/5/3 19:00,23.54 ,5.550,-5280.54 
2025/5/3 20:00,22.00 ,5.820,0.00 
2025/5/3 21:00,20.37 ,6.130,0.00 
2025/5/3 22:00,18.68 ,6.390,0.00 
2025/5/3 23:00,16.98 ,6.550,0.00 
2025/5/4 0:00,15.26 ,6.570,0.00 
2025/5/4 1:00,13.56 ,6.400,0.00 
2025/5/4 2:00,11.90 ,6.060,0.00 
2025/5/4 3:00,10.34 ,5.610,0.00 
2025/5/4 4:00,9.16 ,5.170,0.00 
2025/5/4 5:00,8.70 ,4.880,0.00 
2025/5/4 6:00,10.07 ,5.080,0.00 
2025/5/4 7:00,13.27 ,5.800,0.00 
2025/5/4 8:00,16.90 ,6.560,0.00 
2025/5/4 9:00,19.86 ,6.800,0.00 
2025/5/4 10:00,22.07 ,6.440,-2163.59 
2025/5/4 11:00,23.73 ,5.680,-41307.82 
2025/5/4 12:00,25.04 ,4.800,-47180.87 
2025/5/4 13:00,26.20 ,4.110,-40716.51 
2025/5/4 14:00,27.40 ,3.900,-44411.36 
2025/5/4 15:00,28.30 ,4.340,-60444.62 
2025/5/4 16:00,27.67 ,4.990,-41683.48 
2025/5/4 17:00,26.08 ,5.620,-40760.67 
2025/5/4 18:00,23.97 ,6.040,-16308.54 
2025/5/4 19:00,21.79 ,6.200,-5995.94 
2025/5/4 20:00,20.00 ,6.200,0.00 
2025/5/4 21:00,18.92 ,6.150,0.00 
2025/5/4 22:00,18.45 ,6.100,0.00 
2025/5/4 23:00,18.36 ,6.030,0.00 
2025/5/5 0:00,18.44 ,5.890,0.00 
2025/5/5 1:00,18.46 ,5.680,0.00 
2025/5/5 2:00,18.20 ,5.380,0.00 
2025/5/5 3:00,17.55 ,5.000,0.00 
2025/5/5 4:00,16.84 ,4.630,0.00 
2025/5/5 5:00,16.50 ,4.400,0.00 
2025/5/5 6:00,17.08 ,4.400,0.00 
2025/5/5 7:00,18.41 ,4.550,0.00 
2025/5/5 8:00,19.90 ,4.670,0.00 
2025/5/5 9:00,21.09 ,4.560,-91.31 
2025/5/5 10:00,22.04 ,4.280,-14256.71 
2025/5/5 11:00,22.92 ,3.960,-36600.34 
2025/5/5 12:00,23.92 ,3.720,-54769.76 
2025/5/5 13:00,25.22 ,3.680,-72098.59 
2025/5/5 14:00,27.00 ,4.020,-86150.38 
2025/5/5 15:00,28.50 ,4.740,-89768.95 
2025/5/5 16:00,28.01 ,5.260,-80406.11 
2025/5/5 17:00,26.77 ,5.710,-70337.92 
2025/5/5 18:00,25.09 ,6.010,-78382.11 
2025/5/5 19:00,23.29 ,6.150,-32306.93 
2025/5/5 20:00,21.70 ,6.210,-7529.43 
2025/5/5 21:00,20.55 ,6.250,-2379.84 
2025/5/5 22:00,19.74 ,6.300,-543.04 
2025/5/5 23:00,19.11 ,6.350,-17.44 
2025/5/6 0:00,18.48 ,6.400,0.00 
2025/5/6 1:00,17.67 ,6.350,0.00 
2025/5/6 2:00,16.50 ,6.170,0.00 
2025/5/6 3:00,14.94 ,5.890,0.00 
2025/5/6 4:00,13.52 ,5.640,0.00 
2025/5/6 5:00,12.90 ,5.630,0.00 
2025/5/6 6:00,13.95 ,6.160,0.00 
2025/5/6 7:00,16.48 ,7.210,0.00 
2025/5/6 8:00,19.60 ,8.400,0.00 
2025/5/6 9:00,22.53 ,9.170,-857.64 
2025/5/6 10:00,25.11 ,9.290,-25782.61 
2025/5/6 11:00,27.29 ,8.740,-53526.73 
2025/5/6 12:00,29.06 ,7.660,-77740.96 
2025/5/6 13:00,30.37 ,6.330,-97849.75 
2025/5/6 14:00,31.20 ,5.170,-109059.51 
2025/5/6 15:00,31.50 ,4.520,-108395.41 
2025/5/6 16:00,30.90 ,4.290,-98489.72 
2025/5/6 17:00,29.44 ,4.330,-87144.30 
2025/5/6 18:00,27.67 ,4.520,-91451.21 
2025/5/6 19:00,26.11 ,4.830,-48786.10 
2025/5/6 20:00,25.30 ,5.300,-18769.59 
2025/5/6 21:00,25.30 ,5.930,-11927.09 
2025/5/6 22:00,24.72 ,6.270,-7870.87 
2025/5/6 23:00,23.44 ,6.250,-3973.18 
2025/5/7 0:00,21.76 ,6.020,-1108.16 
2025/5/7 1:00,19.98 ,5.720,0.00 
2025/5/7 2:00,18.40 ,5.480,0.00 
2025/5/7 3:00,17.28 ,5.390,0.00 
2025/5/7 4:00,16.63 ,5.420,0.00 
2025/5/7 5:00,16.44 ,5.550,0.00 
2025/5/7 6:00,16.68 ,5.730,0.00 
2025/5/7 7:00,17.31 ,5.940,0.00 
2025/5/7 8:00,18.30 ,6.120,0.00 
2025/5/7 9:00,19.61 ,6.200,-864.36 
2025/5/7 10:00,21.08 ,6.140,-22237.67 
2025/5/7 11:00,22.53 ,5.950,-45931.08 
2025/5/7 12:00,23.78 ,5.670,-66443.86 
2025/5/7 13:00,24.67 ,5.370,-83786.54 
2025/5/7 14:00,25.00 ,5.200,-66134.61 
2025/5/7 15:00,22.71 ,4.660,-69725.39 
2025/5/7 16:00,18.03 ,3.820,-32135.10 
2025/5/7 17:00,14.20 ,3.390,-31849.25 
2025/5/7 18:00,13.65 ,3.730,-40171.70 
2025/5/7 19:00,15.37 ,4.740,-12139.90 
2025/5/7 20:00,17.50 ,6.070,-1005.84 
2025/5/7 21:00,18.56 ,7.090,-80.68 
2025/5/7 22:00,18.49 ,7.560,0.00 
2025/5/7 23:00,17.62 ,7.510,0.00 
2025/5/8 0:00,16.26 ,7.090,0.00 
2025/5/8 1:00,14.71 ,6.490,0.00 
2025/5/8 2:00,13.30 ,5.880,0.00 
2025/5/8 3:00,12.28 ,5.350,0.00 
2025/5/8 4:00,11.69 ,4.930,0.00 
2025/5/8 5:00,11.50 ,4.590,0.00 
2025/5/8 6:00,12.68 ,4.650,0.00 
2025/5/8 7:00,15.47 ,5.210,0.00 
2025/5/8 8:00,18.70 ,5.990,0.00 
2025/5/8 9:00,21.42 ,6.730,-72.30 
2025/5/8 10:00,23.48 ,7.310,-23193.17 
2025/5/8 11:00,24.90 ,7.730,-39299.86 
2025/5/8 12:00,25.73 ,7.950,-45634.83 
2025/5/8 13:00,26.00 ,7.960,-62889.68 
2025/5/8 14:00,25.20 ,7.510,-68873.14 
2025/5/8 15:00,23.89 ,6.890,-61249.49 
2025/5/8 16:00,22.52 ,6.330,-47330.83 
2025/5/8 17:00,21.17 ,5.870,-46484.94 
2025/5/8 18:00,19.94 ,5.540,-37308.12 
2025/5/8 19:00,18.92 ,5.380,-8483.70 
2025/5/8 20:00,18.20 ,5.410,-266.71 
2025/5/8 21:00,17.84 ,5.640,0.00 
2025/5/8 22:00,17.70 ,6.000,0.00 
2025/5/8 23:00,17.62 ,6.380,0.00 
2025/5/9 0:00,17.42 ,6.650,0.00 
2025/5/9 1:00,16.94 ,6.710,0.00 
2025/5/9 2:00,16.00 ,6.420,0.00 
2025/5/9 3:00,14.57 ,5.810,0.00 
2025/5/9 4:00,13.21 ,5.160,0.00 
2025/5/9 5:00,12.60 ,4.750,0.00 
2025/5/9 6:00,13.59 ,4.820,0.00 
2025/5/9 7:00,15.88 ,5.320,0.00 
2025/5/9 8:00,18.40 ,6.010,0.00 
2025/5/9 9:00,20.32 ,6.630,0.00 
2025/5/9 10:00,21.57 ,7.140,-3895.30 
2025/5/9 11:00,22.29 ,7.520,-13018.51 
2025/5/9 12:00,22.62 ,7.790,-32930.60 
2025/5/9 13:00,22.70 ,7.950,-34409.27 
2025/5/9 14:00,22.40 ,7.880,-31709.38 
2025/5/9 15:00,21.83 ,7.640,-38565.03 
2025/5/9 16:00,21.13 ,7.320,-67666.72 
2025/5/9 17:00,20.33 ,6.990,-35367.03 
2025/5/9 18:00,19.45 ,6.710,-76157.66 
2025/5/9 19:00,18.53 ,6.530,-22868.29 
2025/5/9 20:00,17.60 ,6.480,-2600.54 
2025/5/9 21:00,16.68 ,6.560,-34.45 
2025/5/9 22:00,15.75 ,6.690,0.00 
2025/5/9 23:00,14.80 ,6.780,0.00 
2025/5/10 0:00,13.78 ,6.750,0.00 
2025/5/10 1:00,12.69 ,6.580,0.00 
2025/5/10 2:00,11.50 ,6.220,0.00 
2025/5/10 3:00,10.24 ,5.690,0.00 
2025/5/10 4:00,9.22 ,5.150,0.00 
2025/5/10 5:00,8.80 ,4.760,0.00 
2025/5/10 6:00,10.12 ,4.860,0.00 
2025/5/10 7:00,13.06 ,5.460,0.00 
2025/5/10 8:00,16.10 ,6.090,0.00 
2025/5/10 9:00,18.05 ,6.310,0.00 
2025/5/10 10:00,19.04 ,6.150,-1026.03 
2025/5/10 11:00,19.52 ,5.870,-13582.83 
2025/5/10 12:00,19.94 ,5.660,-27104.47 
2025/5/10 13:00,20.75 ,5.730,-40418.61 
2025/5/10 14:00,22.40 ,6.300,-51015.43 
2025/5/10 15:00,24.10 ,7.180,-54169.17 
2025/5/10 16:00,23.68 ,7.370,-47712.85 
2025/5/10 17:00,22.59 ,7.390,-42908.82 
2025/5/10 18:00,21.13 ,7.270,-50116.00 
2025/5/10 19:00,19.58 ,7.100,-22456.62 
2025/5/10 20:00,18.20 ,6.970,-3468.01 
2025/5/10 21:00,17.22 ,6.930,-28.90 
2025/5/10 22:00,16.54 ,6.970,0.00 
2025/5/10 23:00,16.03 ,7.020,0.00 
2025/5/11 0:00,15.52 ,7.050,0.00 
2025/5/11 1:00,14.86 ,6.920,0.00 
2025/5/11 2:00,13.90 ,6.620,0.00 
2025/5/11 3:00,12.61 ,6.150,0.00 
2025/5/11 4:00,11.42 ,5.700,0.00 
2025/5/11 5:00,10.90 ,5.480,0.00 
2025/5/11 6:00,11.76 ,5.730,0.00 
2025/5/11 7:00,13.87 ,6.430,0.00 
2025/5/11 8:00,16.50 ,7.360,0.00 
2025/5/11 9:00,19.05 ,8.250,0.00 
2025/5/11 10:00,21.39 ,9.000,-2507.83 
2025/5/11 11:00,23.49 ,9.630,-22198.56 
2025/5/11 12:00,25.32 ,10.140,-41728.48 
2025/5/11 13:00,26.87 ,10.610,-59330.34 
2025/5/11 14:00,28.10 ,11.140,-72220.00 
2025/5/11 15:00,28.97 ,11.780,-75424.47 
2025/5/11 16:00,29.30 ,12.380,-71868.88 
2025/5/11 17:00,28.93 ,12.690,-67172.30 
2025/5/11 18:00,28.04 ,12.700,-77075.04 
2025/5/11 19:00,26.92 ,12.540,-44121.42 
2025/5/11 20:00,25.90 ,12.360,-14634.17 
2025/5/11 21:00,25.19 ,12.310,-7264.80 
2025/5/11 22:00,24.67 ,12.300,-4727.91 
2025/5/11 23:00,24.14 ,12.230,-3021.92 
2025/5/12 0:00,23.41 ,12.040,-1478.55 
2025/5/12 1:00,22.26 ,11.520,-223.94 
2025/5/12 2:00,20.50 ,10.620,0.00 
2025/5/12 3:00,18.12 ,9.450,0.00 
2025/5/12 4:00,15.95 ,8.490,0.00 
2025/5/12 5:00,15.00 ,8.220,0.00 
2025/5/12 6:00,15.66 ,8.780,0.00 
2025/5/12 7:00,17.15 ,9.760,0.00 
2025/5/12 8:00,18.70 ,10.740,0.00 
2025/5/12 9:00,19.75 ,11.230,-166.86 
2025/5/12 10:00,20.44 ,11.320,-17113.53 
2025/5/12 11:00,21.11 ,11.280,-36985.45 
2025/5/12 12:00,22.07 ,11.400,-30464.07 
2025/5/12 13:00,23.66 ,12.010,-61665.25 
2025/5/12 14:00,26.20 ,13.530,-86572.31 
2025/5/12 15:00,28.50 ,15.260,-95163.19 
2025/5/12 16:00,28.06 ,14.860,-68131.46 
2025/5/12 17:00,27.02 ,14.150,-53062.06 
2025/5/12 18:00,25.81 ,13.470,-76745.47 
2025/5/12 19:00,24.86 ,13.090,-47294.92 
2025/5/12 20:00,24.60 ,13.290,-16497.31 
2025/5/12 21:00,25.00 ,14.050,-10226.51 
2025/5/12 22:00,24.68 ,14.170,-7360.77 
2025/5/12 23:00,23.62 ,13.640,-3936.42 
2025/5/13 0:00,22.31 ,12.810,-2023.70 
2025/5/13 1:00,21.18 ,12.170,-541.09 
2025/5/13 2:00,20.70 ,11.980,-59.02 
2025/5/13 3:00,20.70 ,12.090,0.00 
2025/5/13 4:00,20.69 ,12.130,0.00 
2025/5/13 5:00,20.66 ,12.070,0.00 
2025/5/13 6:00,20.59 ,11.910,0.00 
2025/5/13 7:00,20.48 ,11.630,0.00 
2025/5/13 8:00,20.30 ,11.220,0.00 
2025/5/13 9:00,20.06 ,10.680,0.00 
2025/5/13 10:00,19.77 ,10.060,0.00 
2025/5/13 11:00,19.49 ,9.430,0.00 
2025/5/13 12:00,19.24 ,8.840,0.00 
2025/5/13 13:00,19.07 ,8.320,0.00 
2025/5/13 14:00,19.00 ,7.930,0.00 
2025/5/13 15:00,18.71 ,7.510,0.00 
2025/5/13 16:00,18.10 ,7.040,0.00 
2025/5/13 17:00,17.59 ,6.740,0.00 
2025/5/13 18:00,17.60 ,6.760,0.00 
2025/5/13 19:00,18.33 ,7.210,0.00 
2025/5/13 20:00,19.20 ,7.890,0.00 
2025/5/13 21:00,19.57 ,8.470,0.00 
2025/5/13 22:00,19.43 ,8.870,0.00 
2025/5/13 23:00,18.94 ,9.080,0.00 
2025/5/14 0:00,18.24 ,9.080,0.00 
2025/5/14 1:00,17.47 ,8.950,0.00 
2025/5/14 2:00,16.80 ,8.710,0.00 
2025/5/14 3:00,16.34 ,8.420,0.00 
2025/5/14 4:00,16.08 ,8.100,0.00 
2025/5/14 5:00,16.00 ,7.770,0.00 
2025/5/14 6:00,16.37 ,7.570,0.00 
2025/5/14 7:00,17.28 ,7.560,0.00 
2025/5/14 8:00,18.40 ,7.620,0.00 
2025/5/14 9:00,19.47 ,7.630,0.00 
2025/5/14 10:00,20.47 ,7.620,-1655.15 
2025/5/14 11:00,21.43 ,7.630,-8178.39 
2025/5/14 12:00,22.40 ,7.720,-25722.92 
2025/5/14 13:00,23.41 ,7.940,-42192.12 
2025/5/14 14:00,24.50 ,8.360,-52519.82 
2025/5/14 15:00,25.59 ,9.000,-61954.15 
2025/5/14 16:00,26.10 ,9.560,-55014.39 
2025/5/14 17:00,25.73 ,9.790,-32554.02 
2025/5/14 18:00,24.78 ,9.810,-46671.73 
2025/5/14 19:00,23.49 ,9.720,-27092.76 
2025/5/14 20:00,22.10 ,9.610,-4534.62 
2025/5/14 21:00,20.81 ,9.570,-107.03 
2025/5/14 22:00,19.66 ,9.590,0.00 
2025/5/14 23:00,18.63 ,9.630,0.00 
2025/5/15 0:00,17.72 ,9.640,0.00 
2025/5/15 1:00,16.91 ,9.630,0.00 
2025/5/15 2:00,16.20 ,9.560,0.00 
2025/5/15 3:00,15.59 ,9.420,0.00 
2025/5/15 4:00,15.16 ,9.290,0.00 
2025/5/15 5:00,15.00 ,9.230,0.00 
2025/5/15 6:00,15.37 ,9.420,0.00 
2025/5/15 7:00,16.22 ,9.850,0.00 
2025/5/15 8:00,17.20 ,10.320,0.00 
2025/5/15 9:00,18.00 ,10.630,0.00 
2025/5/15 10:00,18.63 ,10.800,0.00 
2025/5/15 11:00,19.19 ,10.910,-653.22 
2025/5/15 12:00,19.77 ,11.040,-2189.11 
2025/5/15 13:00,20.44 ,11.290,-4259.27 
2025/5/15 14:00,21.30 ,11.750,-6079.26 
2025/5/15 15:00,22.30 ,12.430,-6868.10 
2025/5/15 16:00,22.80 ,12.860,-5060.94 
2025/5/15 17:00,22.42 ,12.700,-1843.36 
2025/5/15 18:00,21.49 ,12.200,0.00 
2025/5/15 19:00,20.28 ,11.590,0.00 
2025/5/15 20:00,19.10 ,11.080,0.00 
2025/5/15 21:00,18.17 ,10.800,0.00 
2025/5/15 22:00,17.48 ,10.710,0.00 
2025/5/15 23:00,16.99 ,10.740,0.00 
2025/5/16 0:00,16.64 ,10.840,0.00 
2025/5/16 1:00,16.36 ,10.920,0.00 
2025/5/16 2:00,16.10 ,10.920,0.00 
2025/5/16 3:00,15.82 ,10.820,0.00 
2025/5/16 4:00,15.60 ,10.660,0.00 
2025/5/16 5:00,15.50 ,10.510,0.00 
2025/5/16 6:00,15.80 ,10.550,0.00 
2025/5/16 7:00,16.48 ,10.780,0.00 
2025/5/16 8:00,17.20 ,10.970,0.00 
2025/5/16 9:00,17.70 ,10.930,0.00 
2025/5/16 10:00,18.05 ,10.730,0.00 
2025/5/16 11:00,18.39 ,10.490,0.00 
2025/5/16 12:00,18.86 ,10.340,0.00 
2025/5/16 13:00,19.62 ,10.390,0.00 
2025/5/16 14:00,20.80 ,10.770,-118.86 
2025/5/16 15:00,22.31 ,11.480,-609.76 
2025/5/16 16:00,23.10 ,11.820,-395.15 
2025/5/16 17:00,22.57 ,11.370,0.00 
2025/5/16 18:00,21.27 ,10.570,0.00 
2025/5/16 19:00,19.64 ,9.760,0.00 
2025/5/16 20:00,18.10 ,9.210,0.00 
2025/5/16 21:00,16.99 ,9.040,0.00 
2025/5/16 22:00,16.26 ,9.150,0.00 
2025/5/16 23:00,15.76 ,9.380,0.00 
2025/5/17 0:00,15.35 ,9.600,0.00 
2025/5/17 1:00,14.88 ,9.630,0.00 
2025/5/17 2:00,14.20 ,9.360,0.00 
2025/5/17 3:00,13.26 ,8.730,0.00 
2025/5/17 4:00,12.39 ,8.020,0.00 
2025/5/17 5:00,12.00 ,7.500,0.00 
2025/5/17 6:00,12.92 ,7.560,0.00 
2025/5/17 7:00,15.07 ,8.190,0.00 
2025/5/17 8:00,17.50 ,9.010,0.00 
2025/5/17 9:00,19.44 ,9.630,0.00 
2025/5/17 10:00,20.77 ,9.980,0.00 
2025/5/17 11:00,21.55 ,10.140,-35.65 
2025/5/17 12:00,21.85 ,10.190,0.00 
2025/5/17 13:00,21.71 ,10.210,-2674.85 
2025/5/17 14:00,21.20 ,10.250,-5558.58 
2025/5/17 15:00,20.37 ,10.340,-0.27 
2025/5/17 16:00,19.33 ,10.420,0.00 
2025/5/17 17:00,18.18 ,10.450,0.00 
2025/5/17 18:00,17.02 ,10.410,-655.56 
2025/5/17 19:00,15.96 ,10.300,0.00 
2025/5/17 20:00,15.10 ,10.150,0.00 
2025/5/17 21:00,14.52 ,9.980,0.00 
2025/5/17 22:00,14.16 ,9.810,0.00 
2025/5/17 23:00,13.95 ,9.640,0.00 
2025/5/18 0:00,13.80 ,9.440,0.00 
2025/5/18 1:00,13.65 ,9.280,0.00 
2025/5/18 2:00,13.40 ,9.130,0.00 
2025/5/18 3:00,13.02 ,8.990,0.00 
2025/5/18 4:00,12.66 ,8.900,0.00 
2025/5/18 5:00,12.50 ,8.920,0.00 
2025/5/18 6:00,12.61 ,9.030,0.00 
2025/5/18 7:00,12.88 ,9.100,0.00 
2025/5/18 8:00,13.20 ,9.010,0.00 
2025/5/18 9:00,13.51 ,8.670,0.00 
2025/5/18 10:00,13.86 ,8.140,0.00 
2025/5/18 11:00,14.31 ,7.550,-178.43 
2025/5/18 12:00,14.93 ,7.000,0.00 
2025/5/18 13:00,15.81 ,6.600,0.00 
2025/5/18 14:00,17.00 ,6.460,0.00 
2025/5/18 15:00,18.39 ,6.660,-16783.44 
2025/5/18 16:00,19.10 ,6.860,-3985.17 
2025/5/18 17:00,18.79 ,6.890,-18369.88 
2025/5/18 18:00,18.02 ,6.900,-2620.17 
2025/5/18 19:00,17.04 ,6.930,0.00 
2025/5/18 20:00,16.10 ,7.030,0.00 
2025/5/18 21:00,15.38 ,7.220,0.00 
2025/5/18 22:00,14.83 ,7.440,0.00 
2025/5/18 23:00,14.37 ,7.600,0.00 
2025/5/19 0:00,13.87 ,7.620,0.00 
2025/5/19 1:00,13.25 ,7.370,0.00 
2025/5/19 2:00,12.40 ,6.820,0.00 
2025/5/19 3:00,11.31 ,5.980,0.00 
2025/5/19 4:00,10.33 ,5.100,0.00 
2025/5/19 5:00,9.90 ,4.370,0.00 
2025/5/19 6:00,11.41 ,4.140,0.00 
2025/5/19 7:00,14.76 ,4.320,0.00 
2025/5/19 8:00,18.20 ,4.470,0.00 
2025/5/19 9:00,20.35 ,4.300,0.00 
2025/5/19 10:00,21.38 ,3.970,-84.24 
2025/5/19 11:00,21.86 ,3.690,-4607.08 
2025/5/19 12:00,22.33 ,3.600,-14134.20 
2025/5/19 13:00,23.36 ,3.820,-27869.24 
2025/5/19 14:00,25.50 ,4.520,-39799.52 
2025/5/19 15:00,27.70 ,5.540,-45526.77 
2025/5/19 16:00,27.22 ,5.920,-44119.44 
2025/5/19 17:00,25.98 ,6.140,-43600.78 
2025/5/19 18:00,24.32 ,6.240,-55064.11 
2025/5/19 19:00,22.55 ,6.310,-32586.17 
2025/5/19 20:00,21.00 ,6.440,-6776.36 
2025/5/19 21:00,19.90 ,6.720,-799.74 
2025/5/19 22:00,19.13 ,7.090,0.00 
2025/5/19 23:00,18.51 ,7.450,0.00 
2025/5/20 0:00,17.85 ,7.690,0.00 
2025/5/20 1:00,16.94 ,7.670,0.00 
2025/5/20 2:00,15.60 ,7.290,0.00 
2025/5/20 3:00,13.79 ,6.580,0.00 
2025/5/20 4:00,12.13 ,5.870,0.00 
2025/5/20 5:00,11.40 ,5.470,0.00 
2025/5/20 6:00,13.19 ,5.920,0.00 
2025/5/20 7:00,17.20 ,7.250,0.00 
2025/5/20 8:00,21.40 ,8.740,0.00 
2025/5/20 9:00,24.18 ,9.390,-32.07 
2025/5/20 10:00,25.62 ,9.120,-10045.76 
2025/5/20 11:00,26.22 ,8.340,-29409.33 
2025/5/20 12:00,26.50 ,7.480,-44167.01 
2025/5/20 13:00,26.96 ,6.930,-57447.12 
2025/5/20 14:00,28.10 ,6.980,-68081.98 
2025/5/20 15:00,29.40 ,7.580,-72472.21 
2025/5/20 16:00,28.93 ,7.850,-68241.38 
2025/5/20 17:00,27.73 ,8.060,-61610.06 
2025/5/20 18:00,26.11 ,8.180,-74916.58 
2025/5/20 19:00,24.36 ,8.230,-46876.37 
2025/5/20 20:00,22.80 ,8.280,-11351.46 
2025/5/20 21:00,21.64 ,8.410,-3863.64 
2025/5/20 22:00,20.80 ,8.590,-1802.25 
2025/5/20 23:00,20.09 ,8.750,-429.16 
2025/5/21 0:00,19.34 ,8.810,-3.26 
2025/5/21 1:00,18.37 ,8.670,0.00 
2025/5/21 2:00,17.00 ,8.240,0.00 
2025/5/21 3:00,15.22 ,7.570,0.00 
2025/5/21 4:00,13.60 ,6.960,0.00 
2025/5/21 5:00,12.90 ,6.720,0.00 
2025/5/21 6:00,13.77 ,7.120,0.00 
2025/5/21 7:00,15.82 ,8.010,0.00 
2025/5/21 8:00,18.20 ,9.040,0.00 
2025/5/21 9:00,20.25 ,9.750,0.00 
2025/5/21 10:00,21.96 ,10.110,-6255.12 
2025/5/21 11:00,23.50 ,10.240,-25483.08 
2025/5/21 12:00,25.04 ,10.300,-42687.87 
2025/5/21 13:00,26.75 ,10.510,-61053.53 
2025/5/21 14:00,28.80 ,11.120,-76485.69 
2025/5/21 15:00,30.40 ,11.800,-83421.51 
2025/5/21 16:00,30.07 ,11.540,-80013.95 
2025/5/21 17:00,29.23 ,11.220,-73808.62 
2025/5/21 18:00,28.07 ,10.910,-84520.59 
2025/5/21 19:00,26.79 ,10.640,-59484.46 
2025/5/21 20:00,25.60 ,10.470,-20258.31 
2025/5/21 21:00,24.65 ,10.440,-8696.24 
2025/5/21 22:00,23.90 ,10.510,-5471.75 
2025/5/21 23:00,23.27 ,10.630,-3464.23 
2025/5/22 0:00,22.68 ,10.740,-2119.57 
2025/5/22 1:00,22.05 ,10.770,-780.93 
2025/5/22 2:00,21.30 ,10.670,-75.35 
2025/5/22 3:00,20.39 ,10.410,0.00 
2025/5/22 4:00,19.49 ,10.090,0.00 
2025/5/22 5:00,18.80 ,9.830,0.00 
2025/5/22 6:00,18.55 ,9.750,0.00 
2025/5/22 7:00,18.95 ,9.950,0.00 
2025/5/22 8:00,20.20 ,10.570,-609.98 
2025/5/22 9:00,22.33 ,11.670,-4344.72 
2025/5/22 10:00,24.55 ,12.810,-29800.14 
2025/5/22 11:00,25.90 ,13.300,-53619.76 
2025/5/22 12:00,25.66 ,12.650,-64750.63 
2025/5/22 13:00,24.16 ,11.370,-48839.10 
2025/5/22 14:00,22.00 ,10.120,-34373.93 
2025/5/22 15:00,19.74 ,9.250,-37358.80 
2025/5/22 16:00,17.86 ,8.840,-11766.78 
2025/5/22 17:00,16.80 ,8.960,-14615.41 
2025/5/22 18:00,16.78 ,9.660,-3152.12 
2025/5/22 19:00,17.17 ,10.540,-3694.65 
2025/5/22 20:00,17.10 ,10.950,-37.31 
2025/5/22 21:00,16.20 ,10.520,0.00 
2025/5/22 22:00,15.68 ,10.160,0.00 
2025/5/22 23:00,15.73 ,10.030,0.00 
2025/5/23 0:00,16.13 ,10.030,0.00 
2025/5/23 1:00,16.69 ,10.130,0.00 
2025/5/23 2:00,17.20 ,10.240,0.00 
2025/5/23 3:00,17.51 ,10.300,0.00 
2025/5/23 4:00,17.67 ,10.320,0.00 
2025/5/23 5:00,17.75 ,10.330,0.00 
2025/5/23 6:00,17.84 ,10.330,0.00 
2025/5/23 7:00,18.03 ,10.340,0.00 
2025/5/23 8:00,18.40 ,10.370,0.00 
2025/5/23 9:00,19.01 ,10.420,0.00 
2025/5/23 10:00,19.82 ,10.500,-348.17 
2025/5/23 11:00,20.73 ,10.620,-17374.29 
2025/5/23 12:00,21.67 ,10.790,-33612.31 
2025/5/23 13:00,22.55 ,11.070,-39991.74 
2025/5/23 14:00,23.30 ,11.490,-45847.45 
2025/5/23 15:00,23.70 ,12.010,-37100.28 
2025/5/23 16:00,23.33 ,12.230,-37136.55 
2025/5/23 17:00,22.39 ,12.210,-17855.96 
2025/5/23 18:00,21.15 ,12.040,-25491.38 
2025/5/23 19:00,19.86 ,11.840,-4910.84 
2025/5/23 20:00,18.80 ,11.760,0.00 
2025/5/23 21:00,18.15 ,11.900,0.00 
2025/5/23 22:00,17.78 ,12.130,0.00 
2025/5/23 23:00,17.49 ,12.300,0.00 
2025/5/24 0:00,17.09 ,12.210,0.00 
2025/5/24 1:00,16.36 ,11.680,0.00 
2025/5/24 2:00,15.10 ,10.600,0.00 
2025/5/24 3:00,13.40 ,9.150,0.00 
2025/5/24 4:00,12.50 ,8.160,0.00 
2025/5/24 5:00,13.13 ,7.930,0.00 
2025/5/24 6:00,14.67 ,8.070,0.00 
2025/5/24 7:00,16.57 ,8.310,0.00 
2025/5/24 8:00,18.30 ,8.410,0.00 
2025/5/24 9:00,19.44 ,8.210,0.00 
2025/5/24 10:00,20.11 ,7.830,-536.56 
2025/5/24 11:00,20.58 ,7.430,-10853.69 
2025/5/24 12:00,21.10 ,7.180,-21899.59 
2025/5/24 13:00,21.92 ,7.190,-33453.79 
2025/5/24 14:00,23.30 ,7.620,-42602.90 
2025/5/24 15:00,24.60 ,8.230,-45918.91 
2025/5/24 16:00,24.31 ,8.230,-42992.70 
2025/5/24 17:00,23.58 ,8.150,-42802.34 
2025/5/24 18:00,22.61 ,8.030,-53620.50 
2025/5/24 19:00,21.62 ,7.940,-34875.64 
2025/5/24 20:00,20.80 ,7.950,-6509.66 
2025/5/24 21:00,20.30 ,8.090,-827.05 
2025/5/24 22:00,19.98 ,8.300,-65.62 
2025/5/24 23:00,19.65 ,8.470,0.00 
2025/5/25 0:00,19.10 ,8.480,0.00 
2025/5/25 1:00,18.15 ,8.200,0.00 
2025/5/25 2:00,16.60 ,7.560,0.00 
2025/5/25 3:00,14.57 ,6.680,0.00 
2025/5/25 4:00,13.50 ,6.230,0.00 
2025/5/25 5:00,13.96 ,6.360,0.00 
2025/5/25 6:00,15.14 ,6.750,0.00 
2025/5/25 7:00,16.72 ,7.270,0.00 
2025/5/25 8:00,18.40 ,7.800,0.00 
2025/5/25 9:00,19.91 ,8.190,0.00 
2025/5/25 10:00,21.22 ,8.420,-2820.41 
2025/5/25 11:00,22.34 ,8.520,-19236.19 
2025/5/25 12:00,23.30 ,8.540,-34014.46 
2025/5/25 13:00,24.11 ,8.530,-47408.40 
2025/5/25 14:00,24.80 ,8.570,-56487.92 
2025/5/25 15:00,25.20 ,8.620,-57370.70 
2025/5/25 16:00,24.94 ,8.530,-53200.99 
2025/5/25 17:00,24.23 ,8.410,-52646.01 
2025/5/25 18:00,23.22 ,8.330,-61199.81 
2025/5/25 19:00,22.03 ,8.330,-40401.27 
2025/5/25 20:00,20.80 ,8.440,-8394.89 
2025/5/25 21:00,19.63 ,8.680,-1206.74 
2025/5/25 22:00,18.54 ,8.960,-42.75 
2025/5/25 23:00,17.52 ,9.170,0.00 
2025/5/26 0:00,16.58 ,9.270,0.00 
2025/5/26 1:00,15.71 ,9.140,0.00 
2025/5/26 2:00,14.90 ,8.760,0.00 
2025/5/26 3:00,14.21 ,8.150,0.00 
2025/5/26 4:00,13.90 ,7.510,0.00 
2025/5/26 5:00,14.69 ,7.220,0.00 
2025/5/26 6:00,16.70 ,7.310,0.00 
2025/5/26 7:00,19.39 ,7.530,0.00 
2025/5/26 8:00,22.20 ,7.680,0.00 
2025/5/26 9:00,24.69 ,7.610,-1815.30 
2025/5/26 10:00,26.75 ,7.380,-22199.90 
2025/5/26 11:00,28.37 ,7.080,-48367.38 
2025/5/26 12:00,29.55 ,6.840,-68898.11 
2025/5/26 13:00,30.26 ,6.770,-85216.84 
2025/5/26 14:00,30.50 ,6.950,-93465.83 
2025/5/26 15:00,30.12 ,7.360,-91212.79 
2025/5/26 16:00,29.17 ,7.850,-84268.95 
2025/5/26 17:00,27.91 ,8.370,-82809.91 
2025/5/26 18:00,26.60 ,8.900,-92196.20 
2025/5/26 19:00,25.51 ,9.500,-68782.53 
2025/5/26 20:00,24.90 ,10.280,-24550.27 
2025/5/26 21:00,24.70 ,11.210,-11127.27 
2025/5/26 22:00,23.86 ,11.560,-7203.89 
2025/5/26 23:00,22.40 ,11.280,-4057.24 
2025/5/27 0:00,20.65 ,10.600,-1095.28 
2025/5/27 1:00,18.96 ,9.870,0.00 
2025/5/27 2:00,17.70 ,9.280,0.00 
2025/5/27 3:00,17.12 ,8.960,0.00 
2025/5/27 4:00,17.14 ,8.870,0.00 
2025/5/27 5:00,17.59 ,8.920,0.00 
2025/5/27 6:00,18.32 ,9.040,0.00 
2025/5/27 7:00,19.14 ,9.150,0.00 
2025/5/27 8:00,19.90 ,9.170,0.00 
2025/5/27 9:00,20.46 ,9.060,-745.66 
2025/5/27 10:00,20.83 ,8.840,-10958.49 
2025/5/27 11:00,21.05 ,8.570,-26057.00 
2025/5/27 12:00,21.16 ,8.310,-36742.95 
2025/5/27 13:00,21.20 ,8.100,-46368.39 
2025/5/27 14:00,21.20 ,8.000,-50790.33 
2025/5/27 15:00,19.64 ,7.280,-42735.02 
2025/5/27 16:00,16.41 ,6.030,-30787.12 
2025/5/27 17:00,13.70 ,5.200,-30371.98 
2025/5/27 18:00,13.13 ,5.170,-36182.39 
2025/5/27 19:00,14.16 ,5.730,-23561.83 
2025/5/27 20:00,15.70 ,6.560,-2949.98 
2025/5/27 21:00,16.83 ,7.270,0.00 
2025/5/27 22:00,17.37 ,7.720,0.00 
2025/5/27 23:00,17.29 ,7.850,0.00 
2025/5/28 0:00,16.60 ,7.600,0.00 
2025/5/28 1:00,15.27 ,7.060,0.00 
2025/5/28 2:00,13.30 ,6.260,0.00 
2025/5/28 3:00,10.98 ,5.380,0.00 
2025/5/28 4:00,9.80 ,4.950,0.00 
2025/5/28 5:00,10.39 ,5.080,0.00 
2025/5/28 6:00,11.93 ,5.480,0.00 
2025/5/28 7:00,14.02 ,6.020,0.00 
2025/5/28 8:00,16.30 ,6.550,0.00 
2025/5/28 9:00,18.44 ,6.850,0.00 
2025/5/28 10:00,20.36 ,6.890,-207.91 
2025/5/28 11:00,22.03 ,6.680,-11594.68 
2025/5/28 12:00,23.41 ,6.320,-27552.73 
2025/5/28 13:00,24.48 ,5.920,-41978.10 
2025/5/28 14:00,25.20 ,5.660,-50660.13 
2025/5/28 15:00,25.50 ,5.630,-51466.73 
2025/5/28 16:00,25.22 ,5.790,-48403.42 
2025/5/28 17:00,24.49 ,6.090,-49691.05 
2025/5/28 18:00,23.52 ,6.480,-61126.34 
2025/5/28 19:00,22.49 ,6.950,-44265.75 
2025/5/28 20:00,21.60 ,7.500,-9784.87 
2025/5/28 21:00,20.98 ,8.160,-2270.57 
2025/5/28 22:00,20.49 ,8.840,-644.30 
2025/5/28 23:00,19.94 ,9.400,-45.32 
2025/5/29 0:00,19.14 ,9.710,0.00 
2025/5/29 1:00,17.89 ,9.530,0.00 
2025/5/29 2:00,16.00 ,8.790,0.00 
2025/5/29 3:00,13.63 ,7.680,0.00 
2025/5/29 4:00,12.40 ,7.100,0.00 
2025/5/29 5:00,12.94 ,7.250,0.00 
2025/5/29 6:00,14.35 ,7.720,0.00 
2025/5/29 7:00,16.28 ,8.370,0.00 
2025/5/29 8:00,18.40 ,9.020,0.00 
2025/5/29 9:00,20.43 ,9.500,0.00 
2025/5/29 10:00,22.29 ,9.780,-4739.18 
2025/5/29 11:00,24.00 ,9.910,-22657.38 
2025/5/29 12:00,25.54 ,9.970,-23168.88 
2025/5/29 13:00,26.91 ,10.090,-48869.18 
2025/5/29 14:00,28.10 ,10.440,-66265.99 
2025/5/29 15:00,28.80 ,10.960,-69926.19 
2025/5/29 16:00,28.49 ,11.260,-66839.95 
2025/5/29 17:00,27.66 ,11.500,-65930.75 
2025/5/29 18:00,26.50 ,11.670,-49211.59 
2025/5/29 19:00,25.19 ,11.740,-42308.73 
2025/5/29 20:00,23.90 ,11.760,-11181.24 
2025/5/29 21:00,22.77 ,11.770,-3680.56 
2025/5/29 22:00,21.81 ,11.780,-1247.22 
2025/5/29 23:00,20.99 ,11.770,-94.48 
2025/5/30 0:00,20.26 ,11.730,0.00 
2025/5/30 1:00,19.61 ,11.600,0.00 
2025/5/30 2:00,19.00 ,11.390,0.00 
2025/5/30 3:00,18.45 ,11.100,0.00 
2025/5/30 4:00,18.20 ,10.910,0.00 
2025/5/30 5:00,18.53 ,11.030,0.00 
2025/5/30 6:00,19.35 ,11.390,-146.28 
2025/5/30 7:00,20.39 ,11.800,-1956.53 
2025/5/30 8:00,21.40 ,12.080,-1770.09 
2025/5/30 9:00,22.18 ,12.070,-8812.00 
2025/5/30 10:00,22.86 ,11.890,-27255.52 
2025/5/30 11:00,23.61 ,11.770,-44223.47 
2025/5/30 12:00,24.62 ,11.900,-60278.26 
2025/5/30 13:00,26.09 ,12.530,-73143.82 
2025/5/30 14:00,28.20 ,14.010,-83460.21 
2025/5/30 15:00,30.00 ,15.800,-97096.55 
2025/5/30 16:00,29.50 ,15.910,-83363.24 
2025/5/30 17:00,28.28 ,15.550,-85214.03 
2025/5/30 18:00,26.76 ,15.000,-55722.36 
2025/5/30 19:00,25.36 ,14.530,-33053.65 
2025/5/30 20:00,24.50 ,14.430,-16573.11 
2025/5/30 21:00,24.30 ,14.770,-9954.30 
2025/5/30 22:00,23.95 ,14.840,-6294.46 
2025/5/30 23:00,23.33 ,14.560,-3283.92 
2025/5/31 0:00,22.56 ,14.090,-1775.39 
2025/5/31 1:00,21.74 ,13.550,-809.24 
2025/5/31 2:00,21.00 ,13.080,-212.72 
2025/5/31 3:00,20.43 ,12.770,-25.62 
2025/5/31 4:00,20.02 ,12.590,0.00 
2025/5/31 5:00,19.75 ,12.510,0.00 
2025/5/31 6:00,19.59 ,12.490,0.00 
2025/5/31 7:00,19.52 ,12.500,0.00 
2025/5/31 8:00,19.50 ,12.490,0.00 
2025/5/31 9:00,19.03 ,12.080,0.00 
2025/5/31 10:00,18.13 ,11.340,0.00 
2025/5/31 11:00,17.60 ,10.890,0.00 
2025/5/31 12:00,18.01 ,11.140,0.00 
2025/5/31 13:00,19.05 ,11.910,0.00 
2025/5/31 14:00,20.20 ,12.910,-15.41 
2025/5/31 15:00,21.03 ,13.820,-107.11 
2025/5/31 16:00,21.46 ,14.490,-83.78 
2025/5/31 17:00,21.52 ,14.850,0.00 
2025/5/31 18:00,21.22 ,14.820,0.00 
2025/5/31 19:00,20.57 ,14.360,0.00 
2025/5/31 20:00,19.60 ,13.470,0.00 
2025/5/31 21:00,18.34 ,12.230,0.00 
2025/5/31 22:00,16.90 ,10.840,0.00 
2025/5/31 23:00,15.41 ,9.530,0.00 
2025/6/1 0:00,14.02 ,8.410,0.00 
2025/6/1 1:00,12.83 ,7.560,0.00 
2025/6/1 2:00,12.00 ,7.040,0.00 
2025/6/1 3:00,11.60 ,6.860,0.00 
2025/6/1 4:00,11.50 ,6.900,0.00 
2025/6/1 5:00,11.77 ,7.130,0.00 
2025/6/1 6:00,12.45 ,7.530,0.00 
2025/6/1 7:00,13.30 ,7.950,0.00 
2025/6/1 8:00,14.10 ,8.200,0.00 
2025/6/1 9:00,14.71 ,8.120,0.00 
2025/6/1 10:00,15.27 ,7.820,0.00 
2025/6/1 11:00,16.00 ,7.490,-23.04 
2025/6/1 12:00,17.12 ,7.300,-884.31 
2025/6/1 13:00,18.85 ,7.420,-7147.43 
2025/6/1 14:00,21.40 ,8.120,-18400.27 
2025/6/1 15:00,23.60 ,9.030,-25207.29 
2025/6/1 16:00,23.28 ,8.930,-27107.57 
2025/6/1 17:00,22.49 ,8.830,-29988.36 
2025/6/1 18:00,21.46 ,8.740,-36708.39 
2025/6/1 19:00,20.41 ,8.690,-25059.91 
2025/6/1 20:00,19.60 ,8.720,-3524.52 
2025/6/1 21:00,19.17 ,8.880,0.00 
2025/6/1 22:00,18.98 ,9.070,0.00 
2025/6/1 23:00,18.79 ,9.140,0.00 
2025/6/2 0:00,18.39 ,8.920,0.00 
2025/6/2 1:00,17.53 ,8.370,0.00 
2025/6/2 2:00,16.00 ,7.370,0.00 
2025/6/2 3:00,13.91 ,6.130,0.00 
2025/6/2 4:00,12.80 ,5.330,0.00 
2025/6/2 5:00,13.54 ,5.170,0.00 
2025/6/2 6:00,15.32 ,5.340,0.00 
2025/6/2 7:00,17.49 ,5.660,0.00 
2025/6/2 8:00,19.40 ,5.980,0.00 
2025/6/2 9:00,20.56 ,6.190,0.00 
2025/6/2 10:00,21.12 ,6.330,-113.76 
2025/6/2 11:00,21.35 ,6.510,-3784.21 
2025/6/2 12:00,21.56 ,6.820,-10747.68 
2025/6/2 13:00,22.05 ,7.340,-19428.66 
2025/6/2 14:00,23.10 ,8.250,-26844.13 
2025/6/2 15:00,24.20 ,9.300,-30117.36 
2025/6/2 16:00,23.89 ,9.610,-29249.38 
2025/6/2 17:00,23.15 ,9.630,-29446.38 
2025/6/2 18:00,22.24 ,9.490,-32625.79 
2025/6/2 19:00,21.43 ,9.340,-23605.06 
2025/6/2 20:00,21.00 ,9.320,-4277.16 
2025/6/2 21:00,21.00 ,9.470,-232.72 
2025/6/2 22:00,20.80 ,9.460,0.00 
2025/6/2 23:00,20.31 ,9.290,0.00 
2025/6/3 0:00,19.59 ,9.040,0.00 
2025/6/3 1:00,18.73 ,8.850,0.00 
2025/6/3 2:00,17.80 ,8.770,0.00 
2025/6/3 3:00,16.88 ,8.840,0.00 
2025/6/3 4:00,16.02 ,9.010,0.00 
2025/6/3 5:00,15.27 ,9.210,0.00 
2025/6/3 6:00,14.67 ,9.410,0.00 
2025/6/3 7:00,14.26 ,9.570,0.00 
2025/6/3 8:00,14.10 ,9.680,0.00 
2025/6/3 9:00,14.21 ,9.720,0.00 
2025/6/3 10:00,14.54 ,9.690,0.00 
2025/6/3 11:00,15.02 ,9.610,0.00 
2025/6/3 12:00,15.59 ,9.490,0.00 
2025/6/3 13:00,16.17 ,9.360,0.00 
2025/6/3 14:00,16.70 ,9.270,0.00 
2025/6/3 15:00,17.11 ,9.240,0.00 
2025/6/3 16:00,17.39 ,9.280,0.00 
2025/6/3 17:00,17.51 ,9.380,0.00 
2025/6/3 18:00,17.47 ,9.500,0.00 
2025/6/3 19:00,17.23 ,9.610,0.00 
2025/6/3 20:00,16.80 ,9.700,0.00 
2025/6/3 21:00,16.16 ,9.710,0.00 
2025/6/3 22:00,15.34 ,9.630,0.00 
2025/6/3 23:00,14.40 ,9.450,0.00 
2025/6/4 0:00,13.36 ,9.200,0.00 
2025/6/4 1:00,12.28 ,8.820,0.00 
2025/6/4 2:00,11.20 ,8.350,0.00 
2025/6/4 3:00,10.23 ,7.870,0.00 
2025/6/4 4:00,9.80 ,7.580,0.00 
2025/6/4 5:00,10.38 ,7.730,0.00 
2025/6/4 6:00,11.83 ,8.240,0.00 
2025/6/4 7:00,13.72 ,8.910,0.00 
2025/6/4 8:00,15.60 ,9.460,0.00 
2025/6/4 9:00,17.13 ,9.640,0.00 
2025/6/4 10:00,18.31 ,9.480,0.00 
2025/6/4 11:00,19.21 ,9.100,0.00 
2025/6/4 12:00,19.92 ,8.680,-315.82 
2025/6/4 13:00,20.53 ,8.390,-5358.63 
2025/6/4 14:00,21.10 ,8.420,-16642.41 
2025/6/4 15:00,21.50 ,8.780,-22539.46 
2025/6/4 16:00,21.27 ,9.170,-20922.77 
2025/6/4 17:00,20.67 ,9.570,-26966.38 
2025/6/4 18:00,19.86 ,9.910,-31989.30 
2025/6/4 19:00,18.98 ,10.180,-21799.65 
2025/6/4 20:00,18.20 ,10.380,-149.01 
2025/6/4 21:00,17.62 ,10.520,0.00 
2025/6/4 22:00,17.20 ,10.600,0.00 
2025/6/4 23:00,16.86 ,10.610,0.00 
2025/6/5 0:00,16.52 ,10.520,0.00 
2025/6/5 1:00,16.09 ,10.280,0.00 
2025/6/5 2:00,15.50 ,9.860,0.00 
2025/6/5 3:00,14.77 ,9.330,0.00 
2025/6/5 4:00,14.40 ,8.990,0.00 
2025/6/5 5:00,14.70 ,8.990,0.00 
2025/6/5 6:00,15.43 ,9.200,0.00 
2025/6/5 7:00,16.38 ,9.480,0.00 
2025/6/5 8:00,17.30 ,9.680,0.00 
2025/6/5 9:00,18.03 ,9.680,0.00 
2025/6/5 10:00,18.65 ,9.570,0.00 
2025/6/5 11:00,19.32 ,9.490,-590.54 
2025/6/5 12:00,20.16 ,9.580,-117.46 
2025/6/5 13:00,21.34 ,9.990,-11552.98 
2025/6/5 14:00,23.00 ,10.930,-10702.96 
2025/6/5 15:00,24.40 ,12.050,-24784.22 
2025/6/5 16:00,24.04 ,12.180,-30545.62 
2025/6/5 17:00,23.12 ,12.060,-19185.98 
2025/6/5 18:00,21.85 ,11.790,-16653.26 
2025/6/5 19:00,20.47 ,11.470,-19911.83 
2025/6/5 20:00,19.20 ,11.210,-641.73 
2025/6/5 21:00,18.22 ,11.110,0.00 
2025/6/5 22:00,17.48 ,11.110,0.00 
2025/6/5 23:00,16.89 ,11.130,0.00 
2025/6/6 0:00,16.36 ,11.060,0.00 
2025/6/6 1:00,15.79 ,10.870,0.00 
2025/6/6 2:00,15.10 ,10.470,0.00 
2025/6/6 3:00,14.30 ,9.880,0.00 
2025/6/6 4:00,13.90 ,9.450,0.00 
2025/6/6 5:00,14.37 ,9.470,0.00 
2025/6/6 6:00,15.52 ,9.810,0.00 
2025/6/6 7:00,16.94 ,10.240,0.00 
2025/6/6 8:00,18.20 ,10.490,0.00 
2025/6/6 9:00,19.02 ,10.370,0.00 
2025/6/6 10:00,19.52 ,10.010,-171.07 
2025/6/6 11:00,19.96 ,9.630,-1408.03 
2025/6/6 12:00,20.59 ,9.430,-6280.75 
2025/6/6 13:00,21.66 ,9.620,-14716.80 
2025/6/6 14:00,23.40 ,10.430,-15563.61 
2025/6/6 15:00,25.00 ,11.500,-17143.76 
2025/6/6 16:00,24.72 ,11.580,-23538.47 
2025/6/6 17:00,23.97 ,11.530,-23603.97 
2025/6/6 18:00,22.90 ,11.390,-24844.05 
2025/6/6 19:00,21.67 ,11.190,-6083.97 
2025/6/6 20:00,20.40 ,10.980,0.00 
2025/6/6 21:00,19.23 ,10.810,0.00 
2025/6/6 22:00,18.20 ,10.670,0.00 
2025/6/6 23:00,17.32 ,10.560,0.00 
2025/6/7 0:00,16.60 ,10.480,0.00 
2025/6/7 1:00,16.05 ,10.400,0.00 
2025/6/7 2:00,15.70 ,10.320,0.00 
2025/6/7 3:00,15.54 ,10.250,0.00 
2025/6/7 4:00,15.50 ,10.140,0.00 
2025/6/7 5:00,15.78 ,10.110,0.00 
2025/6/7 6:00,16.51 ,10.270,0.00 
2025/6/7 7:00,17.53 ,10.500,0.00 
2025/6/7 8:00,18.70 ,10.710,0.00 
2025/6/7 9:00,19.88 ,10.790,0.00 
2025/6/7 10:00,21.05 ,10.730,0.00 
2025/6/7 11:00,22.20 ,10.590,-1740.62 
2025/6/7 12:00,23.32 ,10.400,-6873.16 
2025/6/7 13:00,24.43 ,10.230,-6181.78 
2025/6/7 14:00,25.50 ,10.180,-7182.99 
2025/6/7 15:00,26.20 ,10.110,-17681.76 
2025/6/7 16:00,25.70 ,9.600,-17643.35 
2025/6/7 17:00,24.48 ,8.970,-4830.02 
2025/6/7 18:00,22.94 ,8.430,-380.23 
2025/6/7 19:00,21.48 ,8.140,-2716.26 
2025/6/7 20:00,20.50 ,8.260,0.00 
2025/6/7 21:00,20.28 ,8.890,0.00 
2025/6/7 22:00,20.53 ,9.850,0.00 
2025/6/7 23:00,20.85 ,10.810,0.00 
2025/6/8 0:00,20.82 ,11.350,0.00 
2025/6/8 1:00,20.04 ,11.010,0.00 
2025/6/8 2:00,18.10 ,9.510,0.00 
2025/6/8 3:00,15.13 ,7.290,0.00 
2025/6/8 4:00,13.50 ,5.780,0.00 
2025/6/8 5:00,14.58 ,5.220,0.00 
2025/6/8 6:00,17.23 ,4.980,0.00 
2025/6/8 7:00,20.50 ,4.740,0.00 
2025/6/8 8:00,23.50 ,4.390,0.00 
2025/6/8 9:00,25.49 ,4.030,0.00 
2025/6/8 10:00,26.54 ,3.850,-6449.19 
2025/6/8 11:00,26.92 ,3.910,-20731.05 
2025/6/8 12:00,26.88 ,4.170,-31721.61 
2025/6/8 13:00,26.68 ,4.580,-41300.56 
2025/6/8 14:00,26.60 ,5.060,-47153.15 
2025/6/8 15:00,26.70 ,5.560,-47859.99 
2025/6/8 16:00,26.44 ,5.900,-45930.16 
2025/6/8 17:00,25.79 ,6.060,-47820.83 
2025/6/8 18:00,24.96 ,6.150,-56796.49 
2025/6/8 19:00,24.16 ,6.250,-46071.32 
2025/6/8 20:00,23.60 ,6.460,-8235.50 
2025/6/8 21:00,23.40 ,6.850,-2195.60 
2025/6/8 22:00,23.39 ,7.320,-1077.73 
2025/6/8 23:00,23.29 ,7.710,-286.21 
2025/6/9 0:00,22.86 ,7.870,0.00 
2025/6/9 1:00,21.81 ,7.530,0.00 
2025/6/9 2:00,19.90 ,6.660,0.00 
2025/6/9 3:00,17.29 ,5.450,0.00 
2025/6/9 4:00,15.90 ,4.670,0.00 
2025/6/9 5:00,16.88 ,4.540,0.00 
2025/6/9 6:00,19.32 ,4.730,0.00 
2025/6/9 7:00,22.48 ,5.020,0.00 
2025/6/9 8:00,25.60 ,5.210,-901.22 
2025/6/9 9:00,28.09 ,5.160,-9886.52 
2025/6/9 10:00,29.88 ,4.940,-35038.89 
2025/6/9 11:00,31.06 ,4.700,-59236.73 
2025/6/9 12:00,31.70 ,4.610,-76349.92 
2025/6/9 13:00,31.90 ,4.800,-89216.14 
2025/6/9 14:00,31.00 ,5.140,-92421.20 
2025/6/9 15:00,29.58 ,5.720,-86146.07 
2025/6/9 16:00,28.16 ,6.440,-77809.87 
2025/6/9 17:00,26.84 ,7.170,-76079.02 
2025/6/9 18:00,25.72 ,7.800,-84049.93 
2025/6/9 19:00,24.90 ,8.290,-69783.02 
2025/6/9 20:00,24.50 ,8.640,-18850.29 
2025/6/9 21:00,24.54 ,8.820,-7628.37 
2025/6/9 22:00,24.80 ,8.790,-6192.61 
2025/6/9 23:00,24.95 ,8.470,-5041.41 
2025/6/10 0:00,24.71 ,7.860,-3855.79 
2025/6/10 1:00,23.76 ,6.940,-1454.58 
2025/6/10 2:00,21.80 ,5.820,0.00 
2025/6/10 3:00,19.01 ,4.740,0.00 
2025/6/10 4:00,17.50 ,4.270,0.00 
2025/6/10 5:00,18.11 ,4.440,0.00 
2025/6/10 6:00,19.59 ,4.900,0.00 
2025/6/10 7:00,21.45 ,5.480,0.00 
2025/6/10 8:00,23.20 ,5.980,-1884.92 
2025/6/10 9:00,24.45 ,6.160,-9180.38 
2025/6/10 10:00,25.29 ,6.050,-27996.96 
2025/6/10 11:00,25.92 ,5.780,-46094.10 
2025/6/10 12:00,26.54 ,5.500,-62723.12 
2025/6/10 13:00,27.37 ,5.350,-73490.09 
2025/6/10 14:00,28.60 ,5.490,-82768.47 
2025/6/10 15:00,29.70 ,5.840,-86934.32 
2025/6/10 16:00,29.32 ,5.990,-83742.36 
2025/6/10 17:00,28.32 ,6.200,-82396.14 
2025/6/10 18:00,26.91 ,6.480,-84535.01 
2025/6/10 19:00,25.30 ,6.830,-63845.24 
2025/6/10 20:00,23.70 ,7.300,-14367.39 
2025/6/10 21:00,22.28 ,7.890,-3659.85 
2025/6/10 22:00,21.03 ,8.500,-577.02 
2025/6/10 23:00,19.93 ,9.010,-37.00 
2025/6/11 0:00,18.91 ,9.300,0.00 
2025/6/11 1:00,17.95 ,9.340,0.00 
2025/6/11 2:00,17.00 ,9.020,0.00 
2025/6/11 3:00,16.11 ,8.390,0.00 
2025/6/11 4:00,15.70 ,7.750,0.00 
2025/6/11 5:00,16.39 ,7.440,0.00 
2025/6/11 6:00,18.11 ,7.420,0.00 
2025/6/11 7:00,20.38 ,7.460,0.00 
2025/6/11 8:00,22.70 ,7.380,0.00 
2025/6/11 9:00,24.66 ,7.090,-3062.55 
2025/6/11 10:00,26.28 ,6.690,-21981.58 
2025/6/11 11:00,27.65 ,6.300,-46329.09 
2025/6/11 12:00,28.87 ,6.040,-65444.51 
2025/6/11 13:00,30.06 ,6.030,-82251.59 
2025/6/11 14:00,31.30 ,6.390,-94251.09 
2025/6/11 15:00,32.20 ,7.060,-98584.89 
2025/6/11 16:00,31.86 ,7.540,-96600.93 
2025/6/11 17:00,31.01 ,7.940,-98250.95 
2025/6/11 18:00,29.94 ,8.230,-107675.30 
2025/6/11 19:00,28.91 ,8.410,-93982.35 
2025/6/11 20:00,28.20 ,8.540,-56826.94 
2025/6/11 21:00,27.98 ,8.670,-39011.63 
2025/6/11 22:00,28.00 ,8.740,-35115.22 
2025/6/11 23:00,27.92 ,8.680,-31423.56 
2025/6/12 0:00,27.39 ,8.340,-24418.93 
2025/6/12 1:00,26.07 ,7.750,-10851.67 
2025/6/12 2:00,23.60 ,6.830,-1752.85 
2025/6/12 3:00,20.21 ,5.800,0.00 
2025/6/12 4:00,18.40 ,5.470,0.00 
2025/6/12 5:00,18.95 ,5.960,0.00 
2025/6/12 6:00,20.37 ,6.760,0.00 
2025/6/12 7:00,22.34 ,7.720,0.00 
2025/6/12 8:00,24.50 ,8.600,-5199.13 
2025/6/12 9:00,26.58 ,9.080,-25481.03 
2025/6/12 10:00,28.51 ,9.100,-50728.42 
2025/6/12 11:00,30.29 ,8.740,-74858.01 
2025/6/12 12:00,31.88 ,8.190,-94026.61 
2025/6/12 13:00,33.29 ,7.700,-110794.60 
2025/6/12 14:00,34.50 ,7.640,-122150.57 
2025/6/12 15:00,35.20 ,8.190,-125332.45 
2025/6/12 16:00,34.65 ,8.920,-121748.37 
2025/6/12 17:00,33.24 ,9.640,-119341.44 
2025/6/12 18:00,31.36 ,10.200,-121850.83 
2025/6/12 19:00,29.39 ,10.580,-103383.11 
2025/6/12 20:00,27.70 ,10.900,-62674.66 
2025/6/12 21:00,26.57 ,11.290,-36720.39 
2025/6/12 22:00,25.85 ,11.720,-25038.33 
2025/6/12 23:00,25.26 ,12.040,-15714.26 
2025/6/13 0:00,24.55 ,12.060,-8275.84 
2025/6/13 1:00,23.45 ,11.680,-3792.82 
2025/6/13 2:00,21.70 ,10.720,-431.54 
2025/6/13 3:00,19.41 ,9.400,-18.85 
2025/6/13 4:00,18.20 ,8.710,0.00 
2025/6/13 5:00,18.69 ,8.880,0.00 
2025/6/13 6:00,19.99 ,9.390,0.00 
2025/6/13 7:00,21.82 ,10.080,0.00 
2025/6/13 8:00,23.90 ,10.750,-5697.78 
2025/6/13 9:00,25.99 ,11.180,-27742.82 
2025/6/13 10:00,28.01 ,11.280,-53220.83 
2025/6/13 11:00,29.89 ,11.050,-60434.53 
2025/6/13 12:00,31.59 ,10.550,-89449.46 
2025/6/13 13:00,33.04 ,9.880,-111687.44 
2025/6/13 14:00,34.20 ,9.220,-104283.66 
2025/6/13 15:00,34.80 ,8.670,-118682.05 
2025/6/13 16:00,34.42 ,8.150,-120715.49 
2025/6/13 17:00,33.43 ,7.860,-119376.40 
2025/6/13 18:00,32.02 ,7.840,-121774.93 
2025/6/13 19:00,30.41 ,8.060,-104420.59 
2025/6/13 20:00,28.80 ,8.530,-71678.21 
2025/6/13 21:00,27.35 ,9.230,-43890.07 
2025/6/13 22:00,26.04 ,10.000,-27162.51 
2025/6/13 23:00,24.80 ,10.680,-12291.79 
2025/6/14 0:00,23.58 ,11.120,-4821.93 
2025/6/14 1:00,22.30 ,11.250,-1124.60 
2025/6/14 2:00,20.90 ,10.970,-83.59 
2025/6/14 3:00,19.48 ,10.340,-9.03 
2025/6/14 4:00,18.80 ,9.930,0.00 
2025/6/14 5:00,19.24 ,10.000,0.00 
2025/6/14 6:00,20.39 ,10.280,0.00 
2025/6/14 7:00,22.00 ,10.630,0.00 
2025/6/14 8:00,23.80 ,10.840,-4316.01 
2025/6/14 9:00,25.58 ,10.740,-22457.91 
2025/6/14 10:00,27.27 ,10.340,-45801.82 
2025/6/14 11:00,28.84 ,9.720,-68154.81 
2025/6/14 12:00,30.27 ,9.040,-85945.20 
2025/6/14 13:00,31.54 ,8.510,-101530.32 
2025/6/14 14:00,32.60 ,8.390,-111864.44 
2025/6/14 15:00,33.20 ,8.800,-114360.79 
2025/6/14 16:00,32.66 ,9.290,-110467.67 
2025/6/14 17:00,31.29 ,9.720,-107571.81 
2025/6/14 18:00,29.49 ,10.000,-109154.84 
2025/6/14 19:00,27.66 ,10.170,-91510.92 
2025/6/14 20:00,26.20 ,10.340,-45558.65 
2025/6/14 21:00,25.38 ,10.660,-22722.03 
2025/6/14 22:00,25.00 ,11.060,-14544.39 
2025/6/14 23:00,24.75 ,11.390,-9542.90 
2025/6/15 0:00,24.31 ,11.480,-6031.78 
2025/6/15 1:00,23.37 ,11.100,-2526.96 
2025/6/15 2:00,21.60 ,10.140,-162.77 
2025/6/15 3:00,19.13 ,8.800,0.00 
2025/6/15 4:00,17.80 ,8.140,0.00 
2025/6/15 5:00,18.33 ,8.390,0.00 
2025/6/15 6:00,19.68 ,9.000,0.00 
2025/6/15 7:00,21.46 ,9.740,0.00 
2025/6/15 8:00,23.30 ,10.340,-3360.45 
2025/6/15 9:00,24.90 ,10.520,-20020.80 
2025/6/15 10:00,26.31 ,10.340,-43318.58 
2025/6/15 11:00,27.69 ,9.960,-65697.08 
2025/6/15 12:00,29.19 ,9.600,-84391.25 
2025/6/15 13:00,30.94 ,9.490,-102724.61 
2025/6/15 14:00,33.10 ,9.940,-99085.87 
2025/6/15 15:00,34.80 ,10.750,-101017.70 
2025/6/15 16:00,34.34 ,10.870,-114940.78 
2025/6/15 17:00,33.16 ,10.960,-117991.05 
2025/6/15 18:00,31.59 ,11.000,-120996.71 
2025/6/15 19:00,29.93 ,11.030,-104080.85 
2025/6/15 20:00,28.50 ,11.120,-68291.56 
2025/6/15 21:00,27.52 ,11.370,-43911.66 
2025/6/15 22:00,26.86 ,11.700,-33094.66 
2025/6/15 23:00,26.29 ,12.000,-24082.19 
2025/6/16 0:00,25.57 ,12.120,-15014.62 
2025/6/16 1:00,24.49 ,11.870,-6042.62 
2025/6/16 2:00,22.80 ,11.120,-1228.17 
2025/6/16 3:00,20.63 ,10.040,-47.88 
2025/6/16 4:00,19.50 ,9.560,0.00 
2025/6/16 5:00,19.98 ,9.930,0.00 
2025/6/16 6:00,21.27 ,10.630,-1641.22 
2025/6/16 7:00,23.15 ,11.480,-3417.12 
2025/6/16 8:00,25.40 ,12.200,-21188.61 
2025/6/16 9:00,27.80 ,12.440,-44238.62 
2025/6/16 10:00,30.17 ,12.010,-72352.90 
2025/6/16 11:00,32.32 ,10.890,-95588.72 
2025/6/16 12:00,34.08 ,9.260,-112401.78 
2025/6/16 13:00,35.26 ,7.530,-127379.20 
2025/6/16 14:00,35.70 ,6.280,-130200.40 
2025/6/16 15:00,35.51 ,6.010,-132606.98 
2025/6/16 16:00,35.00 ,6.630,-127617.28 
2025/6/16 17:00,34.25 ,7.770,-107861.59 
2025/6/16 18:00,33.34 ,9.090,-91754.64 
2025/6/16 19:00,32.36 ,10.270,-96239.53 
2025/6/16 20:00,31.40 ,11.120,-94611.14 
2025/6/16 21:00,30.51 ,11.520,-75469.29 
2025/6/16 22:00,29.64 ,11.530,-63571.00 
2025/6/16 23:00,28.73 ,11.230,-51775.09 
2025/6/17 0:00,27.70 ,10.710,-40774.24 
2025/6/17 1:00,26.48 ,9.960,-27372.08 
2025/6/17 2:00,25.00 ,9.070,-11273.00 
2025/6/17 3:00,23.39 ,8.190,-2143.62 
2025/6/17 4:00,22.60 ,7.770,-622.93 
2025/6/17 5:00,22.98 ,7.910,-586.30 
2025/6/17 6:00,23.92 ,8.320,-2916.68 
2025/6/17 7:00,25.15 ,8.870,-12006.06 
2025/6/17 8:00,26.40 ,9.420,-27108.94 
2025/6/17 9:00,27.45 ,9.820,-46646.47 
2025/6/17 10:00,28.29 ,10.070,-62725.73 
2025/6/17 11:00,29.00 ,10.190,-75608.27 
2025/6/17 12:00,29.63 ,10.230,-85791.01 
2025/6/17 13:00,30.24 ,10.240,-80932.73 
2025/6/17 14:00,30.90 ,10.250,-80075.62 
2025/6/17 15:00,31.57 ,10.290,-92656.95 
2025/6/17 16:00,31.90 ,10.180,-93255.03 
2025/6/17 17:00,31.67 ,9.880,-75824.41 
2025/6/17 18:00,31.09 ,9.570,-63113.79 
2025/6/17 19:00,30.31 ,9.390,-52393.04 
2025/6/17 20:00,29.50 ,9.450,-59568.89 
2025/6/17 21:00,28.77 ,9.810,-49310.98 
2025/6/17 22:00,28.07 ,10.340,-40307.29 
2025/6/17 23:00,27.32 ,10.910,-31098.92 
2025/6/18 0:00,26.41 ,11.370,-19542.93 
2025/6/18 1:00,25.27 ,11.540,-6818.10 
2025/6/18 2:00,23.80 ,11.320,-1250.13 
2025/6/18 3:00,22.13 ,10.780,-97.91 
2025/6/18 4:00,21.30 ,10.620,-23.26 
2025/6/18 5:00,21.59 ,11.050,-8.17 
2025/6/18 6:00,22.33 ,11.620,-3.29 
2025/6/18 7:00,23.34 ,12.180,-15.67 
2025/6/18 8:00,24.40 ,12.540,-13012.38 
2025/6/18 9:00,25.38 ,12.530,-34973.71 
2025/6/18 10:00,26.29 ,12.210,-46697.99 
2025/6/18 11:00,27.20 ,11.750,-70128.79 
2025/6/18 12:00,28.18 ,11.290,-88230.65 
2025/6/18 13:00,29.29 ,11.050,-87265.06 
2025/6/18 14:00,30.60 ,11.240,-106614.36 
2025/6/18 15:00,31.60 ,11.740,-98267.06 
2025/6/18 16:00,31.25 ,11.830,-102409.75 
2025/6/18 17:00,30.34 ,11.900,-100675.30 
2025/6/18 18:00,29.09 ,11.970,-68866.60 
2025/6/18 19:00,27.74 ,12.050,-64890.88 
2025/6/18 20:00,26.50 ,12.200,-41310.33 
2025/6/18 21:00,25.54 ,12.490,-22254.72 
2025/6/18 22:00,24.82 ,12.850,-11802.11 
2025/6/18 23:00,24.20 ,13.190,-5371.75 
2025/6/19 0:00,23.58 ,13.400,-2357.60 
2025/6/19 1:00,22.85 ,13.360,-897.56 
2025/6/19 2:00,21.90 ,12.980,-104.36 
2025/6/19 3:00,20.77 ,12.300,-26.95 
2025/6/19 4:00,20.20 ,11.910,0.00 
2025/6/19 5:00,20.34 ,11.920,0.00 
2025/6/19 6:00,20.79 ,11.990,0.00 
2025/6/19 7:00,21.57 ,12.150,0.00 
2025/6/19 8:00,22.70 ,12.370,-5041.79 
2025/6/19 9:00,24.18 ,12.650,-22266.74 
2025/6/19 10:00,25.87 ,12.920,-42034.87 
2025/6/19 11:00,27.63 ,13.130,-74323.92 
2025/6/19 12:00,29.29 ,13.260,-83122.54 
2025/6/19 13:00,30.70 ,13.360,-90944.73 
2025/6/19 14:00,31.70 ,13.510,-116470.70 
2025/6/19 15:00,32.10 ,13.750,-122750.03 
2025/6/19 16:00,31.46 ,13.700,-96926.46 
2025/6/19 17:00,29.81 ,13.270,-100055.24 
2025/6/19 18:00,27.58 ,12.670,-94708.43 
2025/6/19 19:00,25.20 ,12.090,-68431.00 
2025/6/19 20:00,23.10 ,11.760,-15092.23 
2025/6/19 21:00,21.60 ,11.830,-3226.55 
2025/6/19 22:00,20.62 ,12.190,-755.39 
2025/6/19 23:00,19.98 ,12.670,-148.06 
2025/6/20 0:00,19.50 ,13.090,-56.16 
2025/6/20 1:00,19.00 ,13.250,-6.44 
2025/6/20 2:00,18.30 ,12.950,0.00 
2025/6/20 3:00,17.39 ,12.190,0.00 
2025/6/20 4:00,16.90 ,11.530,0.00 
2025/6/20 5:00,17.41 ,11.430,0.00 
2025/6/20 6:00,18.72 ,11.730,0.00 
2025/6/20 7:00,20.49 ,12.220,0.00 
2025/6/20 8:00,22.40 ,12.690,0.00 
2025/6/20 9:00,24.18 ,12.940,-6043.95 
2025/6/20 10:00,25.79 ,12.970,-28647.92 
2025/6/20 11:00,27.30 ,12.810,-35974.23 
2025/6/20 12:00,28.72 ,12.480,-63034.93 
2025/6/20 13:00,30.11 ,12.050,-84456.76 
2025/6/20 14:00,31.50 ,11.550,-97194.09 
2025/6/20 15:00,32.80 ,10.980,-103413.23 
2025/6/20 16:00,33.40 ,10.110,-104719.69 
2025/6/20 17:00,33.11 ,9.120,-106300.99 
2025/6/20 18:00,32.34 ,8.440,-110999.72 
2025/6/20 19:00,31.22 ,8.250,-82090.50 
2025/6/20 20:00,29.90 ,8.610,-67021.85 
2025/6/20 21:00,28.51 ,9.480,-44989.18 
2025/6/20 22:00,27.08 ,10.570,-28355.48 
2025/6/20 23:00,25.66 ,11.580,-12514.81 
2025/6/21 0:00,24.27 ,12.330,-3850.07 
2025/6/21 1:00,22.94 ,12.710,-608.44 
2025/6/21 2:00,21.70 ,12.640,-38.06 
2025/6/21 3:00,20.65 ,12.190,0.00 
2025/6/21 4:00,20.20 ,11.760,0.00 
2025/6/21 5:00,20.78 ,11.750,0.00 
2025/6/21 6:00,22.25 ,12.090,0.00 
2025/6/21 7:00,24.19 ,12.480,-1007.13 
2025/6/21 8:00,26.20 ,12.650,-13081.00 
2025/6/21 9:00,27.96 ,12.370,-33382.08 
2025/6/21 10:00,29.49 ,11.740,-56541.34 
2025/6/21 11:00,30.93 ,10.960,-78954.27 
2025/6/21 12:00,32.38 ,10.260,-97386.75 
2025/6/21 13:00,33.96 ,9.890,-114753.89 
2025/6/21 14:00,35.80 ,10.140,-128935.56 
2025/6/21 15:00,37.20 ,10.900,-135723.66 
2025/6/21 16:00,36.84 ,11.330,-133726.55 
2025/6/21 17:00,35.90 ,11.910,-133020.82 
2025/6/21 18:00,34.60 ,12.510,-136974.96 
2025/6/21 19:00,33.16 ,13.060,-122778.11 
2025/6/21 20:00,31.80 ,13.590,-104987.31 
2025/6/21 21:00,30.68 ,14.130,-80032.44 
2025/6/21 22:00,29.69 ,14.610,-66531.40 
2025/6/21 23:00,28.69 ,14.910,-53717.19 
2025/6/22 0:00,27.51 ,14.870,-39796.95 
2025/6/22 1:00,26.00 ,14.400,-23030.97 
2025/6/22 2:00,24.00 ,13.390,-5677.78 
2025/6/22 3:00,21.67 ,12.060,-516.69 
2025/6/22 4:00,20.50 ,11.500,-66.74 
2025/6/22 5:00,20.94 ,11.960,-41.56 
2025/6/22 6:00,22.10 ,12.750,-53.21 
2025/6/22 7:00,23.74 ,13.650,-3323.72 
2025/6/22 8:00,25.60 ,14.330,-30073.22 
2025/6/22 9:00,27.48 ,14.460,-46543.80 
2025/6/22 10:00,29.31 ,13.960,-66136.09 
2025/6/22 11:00,31.08 ,12.940,-87793.75 
2025/6/22 12:00,32.76 ,11.610,-106051.31 
2025/6/22 13:00,34.34 ,10.270,-124109.19 
2025/6/22 14:00,35.80 ,9.370,-135132.70 
2025/6/22 15:00,36.70 ,9.150,-139657.73 
2025/6/22 16:00,36.27 ,9.320,-135489.70 
2025/6/22 17:00,35.15 ,9.960,-131952.93 
2025/6/22 18:00,33.58 ,10.860,-131300.34 
2025/6/22 19:00,31.82 ,11.840,-111912.15 
2025/6/22 20:00,30.10 ,12.850,-89510.74 
2025/6/22 21:00,28.63 ,13.910,-62834.93 
2025/6/22 22:00,27.38 ,14.930,-46590.71 
2025/6/22 23:00,26.29 ,15.820,-32514.62 
2025/6/23 0:00,25.30 ,16.500,-20138.26 
2025/6/23 1:00,24.32 ,16.790,-9092.44 
2025/6/23 2:00,23.30 ,16.620,-3653.08 
2025/6/23 3:00,22.28 ,16.050,-926.02 
2025/6/23 4:00,21.80 ,15.670,-202.60 
2025/6/23 5:00,22.07 ,15.740,-169.11 
2025/6/23 6:00,22.75 ,15.920,-1144.80 
2025/6/23 7:00,23.62 ,16.030,-4489.60 
2025/6/23 8:00,24.50 ,15.860,-19693.42 
2025/6/23 9:00,25.23 ,15.290,-34809.70 
2025/6/23 10:00,25.94 ,14.490,-50633.90 
2025/6/23 11:00,26.77 ,13.710,-67481.80 
2025/6/23 12:00,27.91 ,13.180,-81180.17 
2025/6/23 13:00,29.53 ,13.140,-96969.27 
2025/6/23 14:00,31.80 ,13.910,-107894.20 
2025/6/23 15:00,33.70 ,14.960,-118517.72 
2025/6/23 16:00,33.39 ,14.750,-116537.96 
2025/6/23 17:00,32.59 ,14.620,-114264.22 
2025/6/23 18:00,31.45 ,14.600,-115129.25 
2025/6/23 19:00,30.17 ,14.670,-96839.31 
2025/6/23 20:00,28.90 ,14.880,-73095.49 
2025/6/23 21:00,27.79 ,15.240,-51000.02 
2025/6/23 22:00,26.83 ,15.680,-37916.04 
2025/6/23 23:00,26.00 ,16.110,-26581.57 
2025/6/24 0:00,25.26 ,16.490,-16699.36 
2025/6/24 1:00,24.57 ,16.640,-8503.86 
2025/6/24 2:00,23.90 ,16.520,-4173.92 
2025/6/24 3:00,23.28 ,16.150,-1685.04 
2025/6/24 4:00,23.00 ,15.840,-759.04 
2025/6/24 5:00,23.13 ,15.660,-684.20 
2025/6/24 6:00,23.60 ,15.560,-6804.50 
2025/6/24 7:00,24.57 ,15.660,-18714.77 
2025/6/24 8:00,26.20 ,16.070,-34026.37 
2025/6/24 9:00,28.52 ,16.820,-55691.85 
2025/6/24 10:00,31.16 ,17.610,-80198.47 
2025/6/24 11:00,33.64 ,18.100,-103231.43 
2025/6/24 12:00,35.48 ,18.070,-123067.57 
2025/6/24 13:00,36.20 ,17.460,-131855.55 
2025/6/24 14:00,34.30 ,15.400,-131789.23 
2025/6/24 15:00,31.77 ,14.030,-139557.75 
2025/6/24 16:00,29.64 ,13.700,-112602.52 
2025/6/24 17:00,27.90 ,13.930,-81398.91 
2025/6/24 18:00,26.53 ,14.440,-61235.36 
2025/6/24 19:00,25.50 ,15.040,-61973.55 
2025/6/24 20:00,24.80 ,15.590,-30480.34 
2025/6/24 21:00,24.39 ,15.990,-15898.51 
2025/6/24 22:00,24.21 ,16.250,-10558.62 
2025/6/24 23:00,24.14 ,16.380,-7467.23 
2025/6/25 0:00,24.11 ,16.290,-6055.73 
2025/6/25 1:00,24.03 ,16.110,-4514.18 
2025/6/25 2:00,23.80 ,15.760,-2772.04 
2025/6/25 3:00,23.42 ,15.290,-1533.22 
2025/6/25 4:00,23.20 ,14.970,-788.34 
2025/6/25 5:00,23.47 ,15.060,-894.44 
2025/6/25 6:00,24.15 ,15.410,-1671.42 
2025/6/25 7:00,25.02 ,15.790,-8020.36 
2025/6/25 8:00,25.90 ,15.930,-34233.24 
2025/6/25 9:00,26.61 ,15.600,-54026.28 
2025/6/25 10:00,27.18 ,14.910,-53359.81 
2025/6/25 11:00,27.67 ,14.070,-79835.50 
2025/6/25 12:00,28.15 ,13.290,-74787.44 
2025/6/25 13:00,28.67 ,12.790,-73412.10 
2025/6/25 14:00,29.30 ,12.810,-76020.10 
2025/6/25 15:00,29.80 ,13.310,-75477.38 
2025/6/25 16:00,29.56 ,13.730,-89673.50 
2025/6/25 17:00,28.97 ,14.170,-67818.59 
2025/6/25 18:00,28.20 ,14.570,-51088.05 
2025/6/25 19:00,27.41 ,14.900,-39319.23 
2025/6/25 20:00,26.80 ,15.190,-33395.54 
2025/6/25 21:00,26.47 ,15.490,-26354.48 
2025/6/25 22:00,26.31 ,15.740,-22133.34 
2025/6/25 23:00,26.14 ,15.880,-18262.67 
2025/6/26 0:00,25.80 ,15.770,-11680.74 
2025/6/26 1:00,25.11 ,15.400,-4208.52 
2025/6/26 2:00,23.90 ,14.650,-1144.97 
2025/6/26 3:00,22.27 ,13.680,-69.16 
2025/6/26 4:00,21.40 ,13.400,-14.00 
2025/6/26 5:00,21.42 ,13.780,0.00 
2025/6/26 6:00,21.54 ,14.080,0.00 
2025/6/26 7:00,21.90 ,14.300,0.00 
2025/6/26 8:00,22.60 ,14.420,-2319.64 
2025/6/26 9:00,23.72 ,14.370,-15500.92 
2025/6/26 10:00,25.14 ,14.090,-35407.50 
2025/6/26 11:00,26.70 ,13.530,-58350.48 
2025/6/26 12:00,28.24 ,12.710,-74544.80 
2025/6/26 13:00,29.59 ,11.750,-89473.86 
2025/6/26 14:00,30.60 ,10.930,-101811.29 
2025/6/26 15:00,31.14 ,10.520,-103004.35 
2025/6/26 16:00,31.30 ,10.590,-100639.78 
2025/6/26 17:00,31.05 ,10.980,-100573.27 
2025/6/26 18:00,30.39 ,11.490,-101484.23 
2025/6/26 19:00,29.49 ,12.000,-89498.60 
2025/6/26 20:00,28.50 ,12.440,-64376.78 
2025/6/26 21:00,27.55 ,12.770,-43137.70 
2025/6/26 22:00,26.60 ,12.940,-30140.67 
2025/6/26 23:00,25.60 ,12.900,-17325.59 
2025/6/27 0:00,24.50 ,12.620,-6053.29 
2025/6/27 1:00,23.22 ,12.020,-1600.19 
2025/6/27 2:00,21.70 ,11.110,-110.19 
2025/6/27 3:00,20.09 ,10.040,-19.75 
2025/6/27 4:00,19.30 ,9.420,0.00 
2025/6/27 5:00,19.84 ,9.470,0.00 
2025/6/27 6:00,21.23 ,9.890,0.00 
2025/6/27 7:00,23.10 ,10.480,0.00 
2025/6/27 8:00,25.10 ,11.000,-9220.86 
2025/6/27 9:00,26.93 ,11.210,-29756.12 
2025/6/27 10:00,28.54 ,11.100,-52901.22 
2025/6/27 11:00,29.94 ,10.750,-74720.56 
2025/6/27 12:00,31.13 ,10.280,-91599.97 
2025/6/27 13:00,32.11 ,9.830,-105932.11 
2025/6/27 14:00,32.90 ,9.570,-115174.71 
2025/6/27 15:00,33.47 ,9.660,-117421.84 
2025/6/27 16:00,33.70 ,10.010,-116180.63 
2025/6/27 17:00,33.38 ,10.460,-117123.48 
2025/6/27 18:00,32.55 ,10.910,-121832.16 
2025/6/27 19:00,31.37 ,11.310,-108496.14 
2025/6/27 20:00,30.00 ,11.680,-83828.29 
2025/6/27 21:00,28.60 ,12.000,-56867.97 
2025/6/27 22:00,27.22 ,12.250,-39610.96 
2025/6/27 23:00,25.88 ,12.370,-23323.84 
2025/6/28 0:00,24.63 ,12.400,-9546.02 
2025/6/28 1:00,23.49 ,12.220,-3792.94 
2025/6/28 2:00,22.50 ,11.910,-957.42 
2025/6/28 3:00,21.72 ,11.490,-120.89 
2025/6/28 4:00,21.40 ,11.170,-38.23 
2025/6/28 5:00,21.77 ,11.130,-25.11 
2025/6/28 6:00,22.71 ,11.270,-466.21 
2025/6/28 7:00,23.97 ,11.420,-4630.47 
2025/6/28 8:00,25.30 ,11.390,-21535.42 
2025/6/28 9:00,26.50 ,11.030,-39093.45 
2025/6/28 10:00,27.60 ,10.420,-62926.77 
2025/6/28 11:00,28.68 ,9.710,-78496.94 
2025/6/28 12:00,29.80 ,9.070,-93586.66 
2025/6/28 13:00,31.05 ,8.680,-108473.90 
2025/6/28 14:00,32.50 ,8.760,-118253.51 
2025/6/28 15:00,33.60 ,9.240,-116564.55 
2025/6/28 16:00,33.33 ,9.540,-116813.88 
2025/6/28 17:00,32.64 ,9.970,-117477.45 
2025/6/28 18:00,31.69 ,10.440,-119595.89 
2025/6/28 19:00,30.66 ,10.870,-105466.62 
2025/6/28 20:00,29.70 ,11.250,-82925.96 
2025/6/28 21:00,28.94 ,11.590,-62554.01 
2025/6/28 22:00,28.31 ,11.890,-52447.17 
2025/6/28 23:00,27.67 ,12.090,-42964.97 
2025/6/29 0:00,26.91 ,12.190,-33541.45 
2025/6/29 1:00,25.89 ,12.060,-21601.62 
2025/6/29 2:00,24.50 ,11.680,-7555.26 
2025/6/29 3:00,22.84 ,11.140,-1660.21 
2025/6/29 4:00,22.00 ,11.120,-373.26 
2025/6/29 5:00,22.28 ,11.780,-409.10 
2025/6/29 6:00,23.00 ,12.650,-4832.53 
2025/6/29 7:00,24.00 ,13.540,-17208.01 
2025/6/29 8:00,25.10 ,14.210,-33972.63 
2025/6/29 9:00,26.17 ,14.420,-47712.72 
2025/6/29 10:00,27.22 ,14.240,-64046.17 
2025/6/29 11:00,28.32 ,13.810,-103090.90 
2025/6/29 12:00,29.53 ,13.340,-102742.82 
2025/6/29 13:00,30.90 ,13.060,-105990.08 
2025/6/29 14:00,32.50 ,13.260,-113454.43 
2025/6/29 15:00,33.70 ,13.760,-115632.16 
2025/6/29 16:00,33.22 ,13.570,-135495.76 
2025/6/29 17:00,32.04 ,13.320,-135293.75 
2025/6/29 18:00,30.57 ,13.150,-91319.25 
2025/6/29 19:00,29.22 ,13.230,-65849.55 
2025/6/29 20:00,28.40 ,13.750,-62358.94 
2025/6/29 21:00,28.20 ,14.760,-54364.01 
2025/6/29 22:00,27.75 ,15.480,-46641.10 
2025/6/29 23:00,26.95 ,15.750,-36129.10 
2025/6/30 0:00,26.02 ,15.640,-25717.30 
2025/6/30 1:00,25.14 ,15.380,-15183.22 
2025/6/30 2:00,24.50 ,15.100,-7470.55 
2025/6/30 3:00,24.25 ,14.910,-4443.29 
2025/6/30 4:00,24.33 ,14.840,-3482.02 
2025/6/30 5:00,24.61 ,14.850,-3623.34 
2025/6/30 6:00,24.98 ,14.960,-7869.28 
2025/6/30 7:00,25.31 ,15.140,-17155.96 
2025/6/30 8:00,25.50 ,15.400,-29262.72 
2025/6/30 9:00,25.46 ,15.730,-37801.14 
2025/6/30 10:00,25.23 ,16.100,-45195.14 
2025/6/30 11:00,24.91 ,16.470,-50795.61 
2025/6/30 12:00,24.57 ,16.820,-54120.25 
2025/6/30 13:00,24.31 ,17.140,-55147.75 
2025/6/30 14:00,24.20 ,17.430,-53722.77 
2025/6/30 15:00,23.76 ,17.110,-48057.34 
2025/6/30 16:00,22.84 ,16.110,-37731.32 
2025/6/30 17:00,22.05 ,15.180,-25840.89 
2025/6/30 18:00,22.00 ,14.940,-16004.03 
2025/6/30 19:00,23.01 ,15.720,-11234.97 
2025/6/30 20:00,24.20 ,16.830,-4267.80 
2025/6/30 21:00,24.64 ,17.350,-4442.13 
2025/6/30 22:00,24.36 ,17.240,-2923.72 
2025/6/30 23:00,23.59 ,16.720,-1272.34 
2025/7/1 0:00,22.59 ,15.970,-77.16 
2025/7/1 1:00,21.61 ,15.330,-24.30 
2025/7/1 2:00,20.90 ,14.940,0.00 
2025/7/1 3:00,20.63 ,14.920,0.00 
2025/7/1 4:00,20.60 ,15.060,0.00 
2025/7/1 5:00,20.63 ,15.160,0.00 
2025/7/1 6:00,20.73 ,15.230,0.00 
2025/7/1 7:00,20.91 ,15.260,0.00 
2025/7/1 8:00,21.20 ,15.230,0.00 
2025/7/1 9:00,21.60 ,15.150,-2392.28 
2025/7/1 10:00,22.14 ,15.080,-30251.75 
2025/7/1 11:00,22.81 ,15.060,-38979.07 
2025/7/1 12:00,23.64 ,15.190,-47210.50 
2025/7/1 13:00,24.63 ,15.560,-59955.98 
2025/7/1 14:00,25.80 ,16.280,-69839.89 
2025/7/1 15:00,27.01 ,17.350,-67171.94 
2025/7/1 16:00,27.60 ,18.060,-62410.34 
2025/7/1 17:00,27.29 ,17.980,-53282.57 
2025/7/1 18:00,26.55 ,17.580,-40926.73 
2025/7/1 19:00,25.72 ,17.120,-45308.52 
2025/7/1 20:00,25.10 ,16.860,-17459.69 
2025/7/1 21:00,24.92 ,17.000,-7432.59 
2025/7/1 22:00,25.03 ,17.380,-6728.83 
2025/7/1 23:00,25.17 ,17.730,-8247.45 
2025/7/2 0:00,25.09 ,17.810,-6430.44 
2025/7/2 1:00,24.55 ,17.320,-2096.62 
2025/7/2 2:00,23.30 ,16.060,-198.55 
2025/7/2 3:00,21.43 ,14.270,-11.41 
2025/7/2 4:00,20.40 ,13.310,0.00 
2025/7/2 5:00,20.87 ,13.560,0.00 
2025/7/2 6:00,22.02 ,14.320,0.00 
2025/7/2 7:00,23.46 ,15.250,-3.14 
2025/7/2 8:00,24.80 ,15.950,-5881.51 
2025/7/2 9:00,25.76 ,16.090,-22256.65 
2025/7/2 10:00,26.45 ,15.820,-41816.70 
2025/7/2 11:00,27.08 ,15.420,-60683.73 
2025/7/2 12:00,27.86 ,15.190,-75204.50 
2025/7/2 13:00,29.00 ,15.450,-89621.12 
2025/7/2 14:00,30.70 ,16.550,-102000.46 
2025/7/2 15:00,32.20 ,17.990,-107975.06 
2025/7/2 16:00,31.96 ,18.110,-105746.10 
2025/7/2 17:00,31.34 ,18.170,-107186.67 
2025/7/2 18:00,30.48 ,18.180,-115239.58 
2025/7/2 19:00,29.52 ,18.190,-105321.09 
2025/7/2 20:00,28.60 ,18.250,-86843.51 
2025/7/2 21:00,27.84 ,18.420,-68293.34 
2025/7/2 22:00,27.20 ,18.640,-62012.61 
2025/7/2 23:00,26.62 ,18.810,-56094.18 
2025/7/3 0:00,26.06 ,18.790,-48369.89 
2025/7/3 1:00,25.44 ,18.600,-35010.51 
2025/7/3 2:00,24.70 ,18.090,-10380.41 
2025/7/3 3:00,23.90 ,17.330,-3816.47 
2025/7/3 4:00,23.50 ,16.840,-1360.43 
2025/7/3 5:00,23.80 ,16.900,-1152.42 
2025/7/3 6:00,24.57 ,17.300,-8450.21 
2025/7/3 7:00,25.67 ,17.840,-30524.63 
2025/7/3 8:00,26.90 ,18.320,-30244.69 
2025/7/3 9:00,28.13 ,18.580,-51926.63 
2025/7/3 10:00,29.30 ,18.580,-60614.54 
2025/7/3 11:00,30.37 ,18.370,-87104.14 
2025/7/3 12:00,31.30 ,18.040,-104375.58 
2025/7/3 13:00,32.06 ,17.690,-115682.40 
2025/7/3 14:00,32.60 ,17.470,-122325.69 
2025/7/3 15:00,32.91 ,17.490,-122769.63 
2025/7/3 16:00,33.00 ,17.780,-121226.39 
2025/7/3 17:00,32.68 ,18.040,-122661.21 
2025/7/3 18:00,31.85 ,18.070,-126562.50 
2025/7/3 19:00,30.72 ,17.960,-112569.59 
2025/7/3 20:00,29.50 ,17.840,-94316.54 
2025/7/3 21:00,28.34 ,17.800,-69291.91 
2025/7/3 22:00,27.24 ,17.770,-54347.34 
2025/7/3 23:00,26.16 ,17.640,-38473.34 
2025/7/4 0:00,25.03 ,17.300,-21204.47 
2025/7/4 1:00,23.83 ,16.760,-7162.50 
2025/7/4 2:00,22.50 ,15.920,-2422.32 
2025/7/4 3:00,21.15 ,14.920,-309.40 
2025/7/4 4:00,20.50 ,14.450,-49.73 
2025/7/4 5:00,20.74 ,14.670,-27.31 
2025/7/4 6:00,21.34 ,15.120,-13.98 
2025/7/4 7:00,22.09 ,15.630,-17.74 
2025/7/4 8:00,22.80 ,16.040,-5744.53 
2025/7/4 9:00,23.33 ,16.200,-30149.65 
2025/7/4 10:00,23.76 ,16.230,-32887.60 
2025/7/4 11:00,24.22 ,16.290,-38369.04 
2025/7/4 12:00,24.85 ,16.560,-46524.73 
2025/7/4 13:00,25.76 ,17.210,-78437.08 
2025/7/4 14:00,27.10 ,18.500,-70069.94 
2025/7/4 15:00,28.75 ,20.440,-77898.34 
2025/7/4 16:00,29.60 ,21.680,-104425.10 
2025/7/4 17:00,29.18 ,21.420,-104586.05 
2025/7/4 18:00,28.17 ,20.480,-93037.02 
2025/7/4 19:00,26.98 ,19.340,-70938.73 
2025/7/4 20:00,26.00 ,18.420,-54844.24 
2025/7/4 21:00,25.52 ,17.990,-34453.76 
2025/7/4 22:00,25.45 ,17.960,-29441.87 
2025/7/4 23:00,25.61 ,18.120,-30679.36 
2025/7/5 0:00,25.79 ,18.370,-33239.06 
2025/7/5 1:00,25.82 ,18.420,-32888.94 
2025/7/5 2:00,25.50 ,18.130,-22749.91 
2025/7/5 3:00,24.81 ,17.520,-5181.54 
2025/7/5 4:00,24.40 ,17.240,-2087.68 
2025/7/5 5:00,24.46 ,17.430,-2435.33 
2025/7/5 6:00,24.64 ,17.660,-11998.11 
2025/7/5 7:00,24.98 ,17.910,-22824.39 
2025/7/5 8:00,25.50 ,18.130,-26519.26 
2025/7/5 9:00,26.20 ,18.300,-37796.36 
2025/7/5 10:00,27.04 ,18.390,-49653.21 
2025/7/5 11:00,27.93 ,18.440,-83544.99 
2025/7/5 12:00,28.80 ,18.480,-79730.67 
2025/7/5 13:00,29.58 ,18.600,-106207.41 
2025/7/5 14:00,30.20 ,18.890,-94716.20 
2025/7/5 15:00,30.50 ,19.320,-87381.05 
2025/7/5 16:00,30.17 ,19.440,-101839.55 
2025/7/5 17:00,29.34 ,19.270,-78066.03 
2025/7/5 18:00,28.28 ,18.950,-58744.01 
2025/7/5 19:00,27.25 ,18.660,-44696.78 
2025/7/5 20:00,26.50 ,18.580,-53845.87 
2025/7/5 21:00,26.21 ,18.860,-51734.30 
2025/7/5 22:00,26.24 ,19.360,-57314.19 
2025/7/5 23:00,26.35 ,19.860,-64136.48 
2025/7/6 0:00,26.30 ,20.290,-64107.82 
2025/7/6 1:00,25.86 ,20.020,-54546.11 
2025/7/6 2:00,24.80 ,19.000,-8337.12 
2025/7/6 3:00,23.19 ,17.420,-1185.25 
2025/7/6 4:00,22.30 ,16.650,-80.47 
2025/7/6 5:00,22.45 ,16.900,-32.72 
2025/7/6 6:00,22.90 ,17.320,-27.70 
2025/7/6 7:00,23.63 ,17.830,-772.09 
2025/7/6 8:00,24.60 ,18.350,-19682.94 
2025/7/6 9:00,25.80 ,18.770,-38075.08 
2025/7/6 10:00,27.14 ,19.090,-58639.15 
2025/7/6 11:00,28.54 ,19.360,-78782.29 
2025/7/6 12:00,29.93 ,19.680,-96972.74 
2025/7/6 13:00,31.21 ,20.220,-113045.28 
2025/7/6 14:00,32.30 ,21.230,-126543.88 
2025/7/6 15:00,32.90 ,22.580,-134922.20 
2025/7/6 16:00,32.54 ,23.330,-133421.08 
2025/7/6 17:00,31.58 ,23.450,-113481.18 
2025/7/6 18:00,30.21 ,22.790,-92889.53 
2025/7/6 19:00,28.62 ,21.380,-69457.04 
2025/7/6 20:00,27.00 ,19.330,-72990.41 
2025/7/6 21:00,25.61 ,16.940,-22156.79 
2025/7/6 22:00,25.00 ,14.990,-12554.03 
2025/7/6 23:00,25.38 ,13.670,-12286.88 
2025/7/7 0:00,26.28 ,12.630,-16762.07 
2025/7/7 1:00,27.40 ,11.870,-24514.54 
2025/7/7 2:00,28.40 ,11.450,-32160.70 
2025/7/7 3:00,29.03 ,11.530,-36937.19 
2025/7/7 4:00,29.34 ,12.030,-39021.27 
2025/7/7 5:00,29.45 ,12.780,-42679.77 
2025/7/7 6:00,29.48 ,13.550,-52882.31 
2025/7/7 7:00,29.56 ,14.150,-56695.46 
2025/7/7 8:00,29.80 ,14.370,-44492.84 
2025/7/7 9:00,30.30 ,14.080,-58401.91 
2025/7/7 10:00,31.00 ,13.360,-78357.52 
2025/7/7 11:00,31.84 ,12.400,-98884.48 
2025/7/7 12:00,32.72 ,11.430,-114224.12 
2025/7/7 13:00,33.57 ,10.760,-127461.26 
2025/7/7 14:00,34.30 ,10.780,-135367.84 
2025/7/7 15:00,34.70 ,11.740,-135242.81 
2025/7/7 16:00,34.36 ,13.180,-130513.68 
2025/7/7 17:00,33.49 ,14.800,-129799.92 
2025/7/7 18:00,32.29 ,16.310,-135722.77 
2025/7/7 19:00,30.99 ,17.570,-120917.03 
2025/7/7 20:00,29.80 ,18.560,-92534.52 
2025/7/7 21:00,28.87 ,19.360,-93548.51 
2025/7/7 22:00,28.15 ,19.940,-98057.66 
2025/7/7 23:00,27.53 ,20.220,-94003.37 
2025/7/8 0:00,26.89 ,19.990,-83067.27 
2025/7/8 1:00,26.11 ,19.290,-61133.91 
2025/7/8 2:00,25.10 ,17.960,-27041.75 
2025/7/8 3:00,23.91 ,16.180,-5682.29 
2025/7/8 4:00,23.30 ,14.830,-2693.11 
2025/7/8 5:00,23.52 ,14.080,-2792.21 
2025/7/8 6:00,24.13 ,13.520,-13012.08 
2025/7/8 7:00,25.07 ,13.150,-20970.84 
2025/7/8 8:00,26.30 ,12.970,-36843.43 
2025/7/8 9:00,27.72 ,13.010,-73435.98 
2025/7/8 10:00,29.17 ,13.200,-79090.83 
2025/7/8 11:00,30.44 ,13.470,-88251.26 
2025/7/8 12:00,31.35 ,13.770,-99291.32 
2025/7/8 13:00,31.70 ,14.030,-105081.61 
2025/7/8 14:00,31.00 ,13.880,-141598.74 
2025/7/8 15:00,30.01 ,13.930,-109937.19 
2025/7/8 16:00,29.10 ,14.310,-87316.81 
2025/7/8 17:00,28.24 ,14.860,-108958.46 
2025/7/8 18:00,27.42 ,15.450,-72438.51 
2025/7/8 19:00,26.61 ,15.970,-48797.66 
2025/7/8 20:00,25.80 ,16.310,-34265.91 
2025/7/8 21:00,24.98 ,16.420,-21380.33 
2025/7/8 22:00,24.18 ,16.340,-11022.48 
2025/7/8 23:00,23.43 ,16.160,-5122.97 
2025/7/9 0:00,22.77 ,15.920,-2713.45 
2025/7/9 1:00,22.25 ,15.720,-1409.60 
2025/7/9 2:00,21.90 ,15.590,-436.43 
2025/7/9 3:00,21.74 ,15.560,-96.87 
2025/7/9 4:00,21.70 ,15.580,-44.88 
2025/7/9 5:00,21.84 ,15.700,-22.71 
2025/7/9 6:00,22.20 ,15.950,-18.01 
2025/7/9 7:00,22.65 ,16.230,-110.61 
2025/7/9 8:00,23.10 ,16.420,-9498.52 
2025/7/9 9:00,23.46 ,16.440,-17014.35 
2025/7/9 10:00,23.81 ,16.390,-25978.50 
2025/7/9 11:00,24.24 ,16.380,-44483.50 
2025/7/9 12:00,24.87 ,16.570,-57463.13 
2025/7/9 13:00,25.78 ,17.080,-67612.90 
2025/7/9 14:00,27.10 ,18.110,-75779.17 
2025/7/9 15:00,28.69 ,19.630,-87846.16 
2025/7/9 16:00,29.50 ,20.430,-81018.90 
2025/7/9 17:00,29.23 ,20.080,-82524.20 
2025/7/9 18:00,28.56 ,19.400,-61206.47 
2025/7/9 19:00,27.68 ,18.640,-54703.51 
2025/7/9 20:00,26.80 ,18.020,-48607.33 
2025/7/9 21:00,26.07 ,17.680,-29722.46 
2025/7/9 22:00,25.49 ,17.560,-19405.92 
2025/7/9 23:00,25.00 ,17.540,-10604.94 
2025/7/10 0:00,24.55 ,17.530,-4388.89 
2025/7/10 1:00,24.10 ,17.420,-1934.15 
2025/7/10 2:00,23.60 ,17.140,-866.70 
2025/7/10 3:00,23.06 ,16.680,-69.02 
2025/7/10 4:00,22.80 ,16.360,-29.66 
2025/7/10 5:00,23.10 ,16.470,-18.39 
2025/7/10 6:00,23.85 ,16.880,-586.75 
2025/7/10 7:00,24.83 ,17.360,-7835.84 
2025/7/10 8:00,25.80 ,17.630,-24037.20 
2025/7/10 9:00,26.59 ,17.490,-44473.99 
2025/7/10 10:00,27.23 ,17.050,-59068.70 
2025/7/10 11:00,27.83 ,16.530,-75283.61 
2025/7/10 12:00,28.46 ,16.130,-86971.26 
2025/7/10 13:00,29.22 ,16.090,-96105.25 
2025/7/10 14:00,30.20 ,16.650,-106479.45 
2025/7/10 15:00,31.00 ,17.590,-120089.85 
2025/7/10 16:00,30.71 ,17.900,-117522.58 
2025/7/10 17:00,29.98 ,18.050,-106479.18 
2025/7/10 18:00,28.98 ,18.060,-115218.60 
2025/7/10 19:00,27.89 ,17.980,-88962.21 
2025/7/10 20:00,26.90 ,17.900,-64898.76 
2025/7/10 21:00,26.15 ,17.910,-47244.61 
2025/7/10 22:00,25.61 ,18.000,-39563.23 
2025/7/10 23:00,25.24 ,18.120,-33938.51 
2025/7/11 0:00,24.96 ,18.190,-30559.92 
2025/7/11 1:00,24.74 ,18.210,-23011.89 
2025/7/11 2:00,24.50 ,18.100,-13804.84 
2025/7/11 3:00,24.23 ,17.840,-7658.29 
2025/7/11 4:00,24.10 ,17.630,-5055.81 
2025/7/11 5:00,24.17 ,17.560,-3903.64 
2025/7/11 6:00,24.40 ,17.580,-5125.69 
2025/7/11 7:00,24.83 ,17.770,-15042.03 
2025/7/11 8:00,25.50 ,18.160,-26049.79 
2025/7/11 9:00,26.41 ,18.790,-37706.22 
2025/7/11 10:00,27.41 ,19.550,-51471.92 
2025/7/11 11:00,28.35 ,20.270,-64187.42 
2025/7/11 12:00,29.03 ,20.800,-73696.61 
2025/7/11 13:00,29.30 ,20.940,-78017.86 
2025/7/11 14:00,28.50 ,19.950,-71116.46 
2025/7/11 15:00,27.42 ,18.860,-59452.94 
2025/7/11 16:00,26.50 ,18.120,-47484.24 
2025/7/11 17:00,25.76 ,17.620,-35863.39 
2025/7/11 18:00,25.20 ,17.290,-24992.05 
2025/7/11 19:00,24.85 ,17.060,-15938.71 
2025/7/11 20:00,24.70 ,16.880,-5104.33 
2025/7/11 21:00,24.75 ,16.680,-3617.39 
2025/7/11 22:00,24.88 ,16.430,-3063.43 
2025/7/11 23:00,24.97 ,16.100,-2556.79 
2025/7/12 0:00,24.87 ,15.620,-1806.03 
2025/7/12 1:00,24.46 ,15.060,-867.96 
2025/7/12 2:00,23.60 ,14.390,-52.98 
2025/7/12 3:00,22.37 ,13.720,-3.62 
2025/7/12 4:00,21.70 ,13.720,0.00 
2025/7/12 5:00,21.69 ,14.350,0.00 
2025/7/12 6:00,21.68 ,14.940,0.00 
2025/7/12 7:00,21.74 ,15.410,0.00 
2025/7/12 8:00,21.90 ,15.710,0.00 
2025/7/12 9:00,22.21 ,15.760,-635.60 
2025/7/12 10:00,22.66 ,15.630,-7653.46 
2025/7/12 11:00,23.22 ,15.390,-17106.46 
2025/7/12 12:00,23.86 ,15.120,-25296.61 
2025/7/12 13:00,24.56 ,14.910,-31578.01 
2025/7/12 14:00,25.30 ,14.910,-35445.02 
2025/7/12 15:00,25.80 ,14.990,-35774.03 
2025/7/12 16:00,25.73 ,14.860,-31477.85 
2025/7/12 17:00,25.55 ,14.880,-24797.08 
2025/7/12 18:00,25.29 ,15.030,-16916.48 
2025/7/12 19:00,24.99 ,15.280,-8831.13 
2025/7/12 20:00,24.70 ,15.600,-1722.04 
2025/7/12 21:00,24.44 ,15.970,-891.01 
2025/7/12 22:00,24.20 ,16.360,-309.96 
2025/7/12 23:00,23.97 ,16.730,-39.45 
2025/7/13 0:00,23.74 ,17.170,-19.97 
2025/7/13 1:00,23.48 ,17.410,0.00 
2025/7/13 2:00,23.20 ,17.520,0.00 
2025/7/13 3:00,22.88 ,17.490,0.00 
2025/7/13 4:00,22.55 ,17.360,0.00 
2025/7/13 5:00,22.27 ,17.170,0.00 
2025/7/13 6:00,22.07 ,16.970,0.00 
2025/7/13 7:00,22.00 ,16.800,0.00 
2025/7/13 8:00,22.10 ,16.710,0.00 
2025/7/13 9:00,22.41 ,16.730,0.00 
2025/7/13 10:00,22.89 ,16.870,-2957.00 
2025/7/13 11:00,23.53 ,17.120,-11797.75 
2025/7/13 12:00,24.29 ,17.510,-20398.61 
2025/7/13 13:00,25.12 ,18.060,-29295.78 
2025/7/13 14:00,26.00 ,18.790,-38111.58 
2025/7/13 15:00,26.82 ,19.650,-44150.97 
2025/7/13 16:00,27.20 ,20.160,-44772.66 
2025/7/13 17:00,27.10 ,20.210,-39795.93 
2025/7/13 18:00,26.85 ,20.160,-32714.81 
2025/7/13 19:00,26.53 ,20.050,-24970.98 
2025/7/13 20:00,26.20 ,19.940,-52530.68 
2025/7/13 21:00,25.92 ,19.850,-41542.98 
2025/7/13 22:00,25.69 ,19.800,-19743.18 
2025/7/13 23:00,25.47 ,19.740,-5647.30 
2025/7/14 0:00,25.25 ,19.720,-2398.02 
2025/7/14 1:00,25.00 ,19.630,-814.35 
2025/7/14 2:00,24.70 ,19.480,-103.22 
2025/7/14 3:00,24.37 ,19.290,-83.31 
2025/7/14 4:00,24.20 ,19.270,0.00 
2025/7/14 5:00,24.24 ,19.390,0.00 
2025/7/14 6:00,24.42 ,19.500,0.00 
2025/7/14 7:00,24.78 ,19.590,-10160.75 
2025/7/14 8:00,25.40 ,19.680,-45114.55 
2025/7/14 9:00,26.31 ,19.720,-49222.78 
2025/7/14 10:00,27.45 ,19.720,-66434.46 
2025/7/14 11:00,28.74 ,19.720,-89102.43 
2025/7/14 12:00,30.12 ,19.800,-108255.11 
2025/7/14 13:00,31.50 ,20.090,-126283.47 
2025/7/14 14:00,32.80 ,20.810,-141117.66 
2025/7/14 15:00,33.60 ,21.730,-143916.34 
2025/7/14 16:00,33.41 ,22.090,-129870.48 
2025/7/14 17:00,32.90 ,22.460,-131258.22 
2025/7/14 18:00,32.18 ,22.680,-109505.70 
2025/7/14 19:00,31.35 ,22.650,-91457.38 
2025/7/14 20:00,30.50 ,22.310,-158629.08 
2025/7/14 21:00,29.72 ,21.660,-136145.94 
2025/7/14 22:00,29.02 ,20.780,-112341.39 
2025/7/14 23:00,28.38 ,19.740,-86790.26 
2025/7/15 0:00,27.79 ,18.610,-59772.99 
2025/7/15 1:00,27.24 ,17.470,-33257.05 
2025/7/15 2:00,26.70 ,16.350,-22447.67 
2025/7/15 3:00,26.22 ,15.340,-15835.87 
2025/7/15 4:00,26.00 ,14.600,-11720.55 
2025/7/15 5:00,26.32 ,14.350,-13338.17 
2025/7/15 6:00,27.09 ,14.490,-29472.75 
2025/7/15 7:00,28.08 ,14.800,-42871.01 
2025/7/15 8:00,29.00 ,15.030,-42181.99 
2025/7/15 9:00,29.68 ,15.040,-57567.32 
2025/7/15 10:00,30.17 ,14.920,-76239.02 
2025/7/15 11:00,30.63 ,14.850,-93337.75 
2025/7/15 12:00,31.18 ,14.990,-105917.28 
2025/7/15 13:00,31.95 ,15.550,-117786.00 
2025/7/15 14:00,33.10 ,16.740,-126936.75 
2025/7/15 15:00,34.10 ,18.210,-129381.89 
2025/7/15 16:00,33.81 ,18.680,-124163.03 
2025/7/15 17:00,33.06 ,18.880,-119207.20 
2025/7/15 18:00,32.04 ,18.900,-127195.93 
2025/7/15 19:00,30.93 ,18.880,-111701.90 
2025/7/15 20:00,29.90 ,18.950,-113311.07 
2025/7/15 21:00,29.10 ,19.250,-98870.03 
2025/7/15 22:00,28.48 ,19.670,-95868.44 
2025/7/15 23:00,27.95 ,20.090,-94214.36 
2025/7/16 0:00,27.42 ,20.350,-91770.92 
2025/7/16 1:00,26.80 ,20.350,-83344.88 
2025/7/16 2:00,26.00 ,19.920,-66335.53 
2025/7/16 3:00,25.07 ,19.140,-41415.95 
2025/7/16 4:00,24.60 ,18.710,-16528.06 
2025/7/16 5:00,24.86 ,18.960,-20305.55 
2025/7/16 6:00,25.53 ,19.500,-59541.86 
2025/7/16 7:00,26.40 ,20.120,-78918.45 
2025/7/16 8:00,27.30 ,20.580,-53472.20 
2025/7/16 9:00,28.07 ,20.690,-69408.15 
2025/7/16 10:00,28.72 ,20.490,-87761.45 
2025/7/16 11:00,29.26 ,20.090,-102368.13 
2025/7/16 12:00,29.73 ,19.640,-112312.94 
2025/7/16 13:00,30.17 ,19.280,-121214.47 
2025/7/16 14:00,30.60 ,19.150,-120415.24 
2025/7/16 15:00,31.01 ,19.330,-124549.93 
2025/7/16 16:00,31.20 ,19.580,-121789.41 
2025/7/16 17:00,31.03 ,19.670,-116386.93 
2025/7/16 18:00,30.58 ,19.630,-117532.76 
2025/7/16 19:00,29.97 ,19.510,-103393.96 
2025/7/16 20:00,29.30 ,19.360,-112570.55 
2025/7/16 21:00,28.66 ,19.250,-94390.74 
2025/7/16 22:00,28.06 ,19.150,-83453.37 
2025/7/16 23:00,27.46 ,19.040,-72825.39 
2025/7/17 0:00,26.85 ,18.940,-62548.32 
2025/7/17 1:00,26.20 ,18.740,-50860.22 
2025/7/17 2:00,25.50 ,18.470,-37414.16 
2025/7/17 3:00,24.76 ,18.140,-19280.53 
2025/7/17 4:00,24.15 ,17.910,-6518.93 
2025/7/17 5:00,23.90 ,17.980,-3696.75 
2025/7/17 6:00,23.98 ,18.290,-13883.89 
2025/7/17 7:00,24.14 ,18.550,-36881.50 
2025/7/17 8:00,24.30 ,18.580,-40134.31 
2025/7/17 9:00,24.38 ,18.290,-38449.39 
2025/7/17 10:00,24.43 ,17.810,-41186.31 
2025/7/17 11:00,24.57 ,17.330,-69291.98 
2025/7/17 12:00,24.88 ,17.020,-61427.44 
2025/7/17 13:00,25.46 ,17.070,-58750.06 
2025/7/17 14:00,26.40 ,17.670,-62633.95 
2025/7/17 15:00,27.69 ,18.950,-94490.12 
2025/7/17 16:00,28.88 ,20.470,-85591.48 
2025/7/17 17:00,29.40 ,21.450,-78488.83 
2025/7/17 18:00,28.71 ,21.040,-87716.28 
2025/7/17 19:00,27.10 ,19.600,-53735.23 
2025/7/17 20:00,25.30 ,18.030,-33339.08 
2025/7/17 21:00,23.88 ,16.920,-6357.09 
2025/7/17 22:00,22.87 ,16.230,-2373.60 
2025/7/17 23:00,22.16 ,15.800,-919.12 
2025/7/18 0:00,21.63 ,15.530,-117.97 
2025/7/18 1:00,21.19 ,15.250,-47.54 
2025/7/18 2:00,20.70 ,14.870,-7.80 
2025/7/18 3:00,20.12 ,14.340,0.00 
2025/7/18 4:00,19.62 ,13.810,0.00 
2025/7/18 5:00,19.40 ,13.450,0.00 
2025/7/18 6:00,19.84 ,13.540,0.00 
2025/7/18 7:00,21.01 ,14.120,0.00 
2025/7/18 8:00,22.70 ,15.020,0.00 
2025/7/18 9:00,24.68 ,16.020,-11249.76 
2025/7/18 10:00,26.69 ,16.940,-38784.19 
2025/7/18 11:00,28.46 ,17.620,-64177.24 
2025/7/18 12:00,29.72 ,17.950,-82615.09 
2025/7/18 13:00,30.20 ,17.850,-95891.60 
2025/7/18 14:00,28.80 ,16.470,-96589.97 
2025/7/18 15:00,26.83 ,15.300,-86219.61 
2025/7/18 16:00,25.06 ,14.790,-72346.36 
2025/7/18 17:00,23.52 ,14.650,-60126.59 
2025/7/18 18:00,22.26 ,14.730,-62101.67 
2025/7/18 19:00,21.31 ,14.940,-43626.39 
2025/7/18 20:00,20.70 ,15.190,-5831.25 
2025/7/18 21:00,20.45 ,15.320,-730.37 
2025/7/18 22:00,20.45 ,15.570,-67.74 
2025/7/18 23:00,20.60 ,15.610,-23.91 
2025/7/19 0:00,20.77 ,15.840,0.00 
2025/7/19 1:00,20.85 ,15.690,0.00 
2025/7/19 2:00,20.70 ,15.410,0.00 
2025/7/19 3:00,20.28 ,14.740,0.00 
2025/7/19 4:00,19.82 ,14.020,0.00 
2025/7/19 5:00,19.60 ,13.440,0.00 
2025/7/19 6:00,20.41 ,13.590,0.00 
2025/7/19 7:00,22.38 ,14.510,0.00 
2025/7/19 8:00,24.80 ,15.490,-1608.67 
2025/7/19 9:00,27.08 ,15.790,-17446.31 
2025/7/19 10:00,29.10 ,15.270,-47501.61 
2025/7/19 11:00,30.85 ,14.030,-75061.42 
2025/7/19 12:00,32.30 ,12.370,-95393.99 
2025/7/19 13:00,33.46 ,10.670,-112112.86 
2025/7/19 14:00,34.30 ,9.420,-122075.97 
2025/7/19 15:00,34.70 ,8.970,-122381.26 
2025/7/19 16:00,34.37 ,9.120,-116440.74 
2025/7/19 17:00,33.51 ,9.730,-109606.32 
2025/7/19 18:00,32.33 ,10.550,-117804.20 
2025/7/19 19:00,31.03 ,11.410,-97727.32 
2025/7/19 20:00,29.80 ,12.230,-74840.04 
2025/7/19 21:00,28.80 ,12.990,-53563.49 
2025/7/19 22:00,27.98 ,13.640,-42263.22 
2025/7/19 23:00,27.23 ,14.090,-32167.39 
2025/7/20 0:00,26.45 ,14.240,-22242.06 
2025/7/20 1:00,25.54 ,13.990,-11478.93 
2025/7/20 2:00,24.40 ,13.280,-4566.27 
2025/7/20 3:00,23.02 ,12.150,-1053.72 
2025/7/20 4:00,21.82 ,11.010,-35.13 
2025/7/20 5:00,21.30 ,10.240,-0.04 
2025/7/20 6:00,22.42 ,10.380,-34.66 
2025/7/20 7:00,24.98 ,11.320,-4542.09 
2025/7/20 8:00,27.80 ,12.340,-24893.02 
2025/7/20 9:00,29.93 ,12.740,-49693.77 
2025/7/20 10:00,31.34 ,12.530,-76700.68 
2025/7/20 11:00,32.22 ,11.980,-99858.47 
2025/7/20 12:00,32.76 ,11.420,-115503.86 
2025/7/20 13:00,33.15 ,11.150,-127931.63 
2025/7/20 14:00,33.60 ,11.440,-135056.24 
2025/7/20 15:00,34.00 ,12.360,-134191.54 
2025/7/20 16:00,33.69 ,13.330,-127210.06 
2025/7/20 17:00,32.87 ,14.220,-119444.50 
2025/7/20 18:00,31.74 ,14.960,-126374.49 
2025/7/20 19:00,30.49 ,15.510,-104791.57 
2025/7/20 20:00,29.30 ,15.930,-79810.60 
2025/7/20 21:00,28.32 ,16.290,-58334.75 
2025/7/20 22:00,27.52 ,16.610,-46560.80 
2025/7/20 23:00,26.79 ,16.830,-36043.21 
2025/7/21 0:00,26.05 ,16.850,-25981.47 
2025/7/21 1:00,25.22 ,16.710,-15332.33 
2025/7/21 2:00,24.20 ,16.290,-6611.04 
2025/7/21 3:00,22.99 ,15.620,-2320.79 
2025/7/21 4:00,21.95 ,15.010,-436.10 
2025/7/21 5:00,21.50 ,14.820,-45.95 
2025/7/21 6:00,22.10 ,15.420,-293.35 
2025/7/21 7:00,23.53 ,16.610,-2712.79 
2025/7/21 8:00,25.20 ,17.750,-19152.86 
2025/7/21 9:00,26.65 ,18.230,-39523.64 
2025/7/21 10:00,27.85 ,18.030,-63443.40 
2025/7/21 11:00,28.88 ,17.420,-84395.72 
2025/7/21 12:00,29.85 ,16.690,-100127.48 
2025/7/21 13:00,30.82 ,16.180,-114016.59 
2025/7/21 14:00,31.90 ,16.300,-123551.09 
2025/7/21 15:00,32.70 ,16.960,-124911.20 
2025/7/21 16:00,32.40 ,17.290,-118212.22 
2025/7/21 17:00,31.60 ,17.630,-110002.12 
2025/7/21 18:00,30.46 ,17.850,-113724.20 
2025/7/21 19:00,29.14 ,17.900,-92943.27 
2025/7/21 20:00,27.80 ,17.770,-69891.04 
2025/7/21 21:00,26.57 ,17.510,-43243.15 
2025/7/21 22:00,25.47 ,17.190,-25339.31 
2025/7/21 23:00,24.52 ,16.830,-13120.82 
2025/7/22 0:00,23.70 ,16.410,-6953.45 
2025/7/22 1:00,23.03 ,16.100,-3653.18 
2025/7/22 2:00,22.50 ,15.850,-1483.96 
2025/7/22 3:00,22.11 ,15.660,-535.31 
2025/7/22 4:00,21.88 ,15.520,-104.14 
2025/7/22 5:00,21.80 ,15.420,-22.43 
2025/7/22 6:00,22.13 ,15.590,-14.71 
2025/7/22 7:00,22.93 ,16.050,-226.57 
2025/7/22 8:00,23.90 ,16.500,-13164.13 
2025/7/22 9:00,24.80 ,16.640,-20979.57 
2025/7/22 10:00,25.62 ,16.540,-32561.84 
2025/7/22 11:00,26.41 ,16.320,-45340.00 
2025/7/22 12:00,27.20 ,16.170,-83347.48 
2025/7/22 13:00,28.05 ,16.280,-76905.32 
2025/7/22 14:00,29.00 ,16.860,-104496.75 
2025/7/22 15:00,29.70 ,17.730,-114516.17 
2025/7/22 16:00,29.55 ,18.160,-107399.23 
2025/7/22 17:00,29.14 ,18.600,-104019.48 
2025/7/22 18:00,28.56 ,18.960,-110492.56 
2025/7/22 19:00,27.89 ,19.180,-76758.64 
2025/7/22 20:00,27.20 ,19.220,-80384.02 
2025/7/22 21:00,26.56 ,19.080,-65122.73 
2025/7/22 22:00,25.98 ,18.820,-51972.19 
2025/7/22 23:00,25.44 ,18.470,-37339.62 
2025/7/23 0:00,24.92 ,18.040,-23338.26 
2025/7/23 1:00,24.41 ,17.640,-10251.21 
2025/7/23 2:00,23.90 ,17.250,-4707.79 
2025/7/23 3:00,23.39 ,16.910,-2111.09 
2025/7/23 4:00,22.94 ,16.640,-715.31 
2025/7/23 5:00,22.63 ,16.490,-220.89 
2025/7/23 6:00,22.55 ,16.490,-129.22 
2025/7/23 7:00,22.78 ,16.680,-516.25 
2025/7/23 8:00,23.40 ,17.110,-7942.65 
2025/7/23 9:00,24.43 ,17.770,-20392.28 
2025/7/23 10:00,25.63 ,18.490,-37374.96 
2025/7/23 11:00,26.72 ,19.030,-52947.97 
2025/7/23 12:00,27.41 ,19.140,-62590.10 
2025/7/23 13:00,27.40 ,18.630,-64095.51 
2025/7/23 14:00,26.60 ,17.570,-56868.37 
2025/7/23 15:00,25.58 ,16.690,-47792.63 
2025/7/23 16:00,24.58 ,16.140,-37583.16 
2025/7/23 17:00,23.74 ,15.920,-26326.12 
2025/7/23 18:00,23.17 ,16.020,-15403.95 
2025/7/23 19:00,23.00 ,16.490,-6638.39 
2025/7/23 20:00,23.20 ,17.270,-1341.43 
2025/7/23 21:00,23.29 ,17.790,-860.23 
2025/7/23 22:00,23.17 ,17.940,-458.58 
2025/7/23 23:00,22.90 ,17.790,-68.81 
2025/7/24 0:00,22.52 ,17.450,-35.50 
2025/7/24 1:00,22.07 ,16.930,0.00 
2025/7/24 2:00,21.60 ,16.340,0.00 
2025/7/24 3:00,21.16 ,15.760,0.00 
2025/7/24 4:00,20.83 ,15.250,0.00 
2025/7/24 5:00,20.70 ,14.870,0.00 
2025/7/24 6:00,21.18 ,14.980,0.00 
2025/7/24 7:00,22.33 ,15.590,0.00 
2025/7/24 8:00,23.70 ,16.290,0.00 
2025/7/24 9:00,24.93 ,16.670,-10952.93 
2025/7/24 10:00,26.00 ,16.740,-35619.60 
2025/7/24 11:00,26.94 ,16.630,-57988.98 
2025/7/24 12:00,27.81 ,16.520,-74861.68 
2025/7/24 13:00,28.64 ,16.600,-89515.40 
2025/7/24 14:00,29.50 ,17.090,-99275.59 
2025/7/24 15:00,30.10 ,17.840,-100488.00 
2025/7/24 16:00,29.84 ,18.160,-94699.86 
2025/7/24 17:00,29.19 ,18.340,-89968.04 
2025/7/24 18:00,28.32 ,18.430,-95302.70 
2025/7/24 19:00,27.40 ,18.460,-73206.72 
2025/7/24 20:00,26.60 ,18.530,-59894.20 
2025/7/24 21:00,26.06 ,18.720,-48242.54 
2025/7/24 22:00,25.72 ,18.990,-44844.95 
2025/7/24 23:00,25.52 ,19.270,-42152.46 
2025/7/25 0:00,25.35 ,19.430,-42095.72 
2025/7/25 1:00,25.14 ,19.470,-26647.83 
2025/7/25 2:00,24.80 ,19.260,-16570.11 
2025/7/25 3:00,24.29 ,18.780,-7301.94 
2025/7/25 4:00,23.81 ,18.230,-2583.87 
2025/7/25 5:00,23.60 ,17.900,-877.89 
2025/7/25 6:00,23.75 ,17.860,-3219.23 
2025/7/25 7:00,24.17 ,18.000,-6454.79 
2025/7/25 8:00,24.80 ,18.220,-25635.81 
2025/7/25 9:00,25.58 ,18.450,-43693.29 
2025/7/25 10:00,26.44 ,18.660,-64918.50 
2025/7/25 11:00,27.31 ,18.840,-68570.90 
2025/7/25 12:00,28.12 ,18.990,-90784.08 
2025/7/25 13:00,28.81 ,19.130,-106562.14 
2025/7/25 14:00,29.30 ,19.280,-94576.49 
2025/7/25 15:00,29.50 ,19.430,-103831.38 
2025/7/25 16:00,29.31 ,19.430,-86761.22 
2025/7/25 17:00,28.83 ,19.300,-85293.37 
2025/7/25 18:00,28.16 ,19.080,-82005.61 
2025/7/25 19:00,27.41 ,18.820,-53461.64 
2025/7/25 20:00,26.70 ,18.590,-58700.83 
2025/7/25 21:00,26.11 ,18.430,-46807.61 
2025/7/25 22:00,25.63 ,18.340,-37987.53 
2025/7/25 23:00,25.23 ,18.270,-29867.88 
2025/7/26 0:00,24.88 ,18.210,-19750.50 
2025/7/26 1:00,24.55 ,18.110,-9971.44 
2025/7/26 2:00,24.20 ,17.960,-4243.01 
2025/7/26 3:00,23.83 ,17.740,-1877.83 
2025/7/26 4:00,23.53 ,17.540,-987.69 
2025/7/26 5:00,23.40 ,17.480,-309.53 
2025/7/26 6:00,23.45 ,17.550,-320.90 
2025/7/26 7:00,23.61 ,17.670,-1526.73 
2025/7/26 8:00,23.90 ,17.830,-18882.54 
2025/7/26 9:00,24.32 ,18.040,-28670.40 
2025/7/26 10:00,24.84 ,18.300,-41678.43 
2025/7/26 11:00,25.45 ,18.640,-54222.39 
2025/7/26 12:00,26.11 ,19.060,-65157.20 
2025/7/26 13:00,26.80 ,19.590,-73923.35 
2025/7/26 14:00,27.50 ,20.250,-79914.08 
2025/7/26 15:00,28.12 ,21.000,-82564.13 
2025/7/26 16:00,28.40 ,21.480,-79915.66 
2025/7/26 17:00,28.29 ,21.570,-72266.83 
2025/7/26 18:00,28.00 ,21.490,-62235.71 
2025/7/26 19:00,27.61 ,21.310,-50854.41 
2025/7/26 20:00,27.20 ,21.090,-95581.11 
2025/7/26 21:00,26.83 ,20.890,-86142.49 
2025/7/26 22:00,26.51 ,20.710,-78227.03 
2025/7/26 23:00,26.22 ,20.530,-70784.68 
2025/7/27 0:00,25.94 ,20.400,-63338.88 
2025/7/27 1:00,25.68 ,20.220,-54559.76 
2025/7/27 2:00,25.40 ,20.020,-31662.87 
2025/7/27 3:00,25.12 ,19.810,-11790.29 
2025/7/27 4:00,24.89 ,19.640,-5707.33 
2025/7/27 5:00,24.80 ,19.550,-3279.99 
2025/7/27 6:00,24.87 ,19.570,-24176.83 
2025/7/27 7:00,25.17 ,19.710,-56703.71 
2025/7/27 8:00,25.80 ,20.070,-34771.28 
2025/7/27 9:00,26.82 ,20.710,-51817.39 
2025/7/27 10:00,28.10 ,21.530,-70994.07 
2025/7/27 11:00,29.43 ,22.360,-108627.83 
2025/7/27 12:00,30.61 ,23.090,-113235.07 
2025/7/27 13:00,31.47 ,23.560,-140236.94 
2025/7/27 14:00,31.80 ,23.660,-152808.22 
2025/7/27 15:00,31.58 ,23.480,-148522.38 
2025/7/27 16:00,31.04 ,23.210,-119284.14 
2025/7/27 17:00,30.35 ,22.900,-100718.33 
2025/7/27 18:00,29.69 ,22.640,-108127.61 
2025/7/27 19:00,29.21 ,22.510,-91295.27 
2025/7/27 20:00,29.10 ,22.610,-153520.02 
2025/7/27 21:00,29.30 ,22.770,-151588.89 
2025/7/27 22:00,29.10 ,22.110,-136569.65 
2025/7/27 23:00,28.51 ,20.770,-107281.48 
2025/7/28 0:00,27.78 ,19.260,-73932.68 
2025/7/28 1:00,27.16 ,17.960,-44906.46 
2025/7/28 2:00,26.90 ,17.200,-27835.33 
2025/7/28 3:00,26.72 ,16.700,-23890.09 
2025/7/28 4:00,26.28 ,16.120,-18007.29 
2025/7/28 5:00,25.70 ,15.600,-10783.32 
2025/7/28 6:00,25.12 ,15.240,-7068.79 
2025/7/28 7:00,24.68 ,15.160,-7276.24 
2025/7/28 8:00,24.50 ,15.470,-18486.28 
2025/7/28 9:00,24.42 ,15.990,-24808.85 
2025/7/28 10:00,24.25 ,16.500,-30812.74 
2025/7/28 11:00,24.10 ,17.020,-35833.29 
2025/7/28 12:00,24.04 ,17.580,-39449.61 
2025/7/28 13:00,24.08 ,18.130,-41293.68 
2025/7/28 14:00,24.20 ,18.590,-43598.04 
2025/7/28 15:00,24.38 ,18.910,-44194.08 
2025/7/28 16:00,24.57 ,19.070,-40905.41 
2025/7/28 17:00,24.75 ,19.100,-35050.33 
2025/7/28 18:00,24.87 ,19.030,-27936.15 
2025/7/28 19:00,24.90 ,18.870,-20067.78 
2025/7/28 20:00,24.80 ,18.670,-12271.52 
2025/7/28 21:00,24.54 ,18.440,-5443.94 
2025/7/28 22:00,24.16 ,18.200,-2978.29 
2025/7/28 23:00,23.73 ,17.950,-1387.13 
2025/7/29 0:00,23.28 ,17.680,-132.46 
2025/7/29 1:00,22.89 ,17.430,-45.32 
2025/7/29 2:00,22.60 ,17.190,0.00 
2025/7/29 3:00,22.45 ,16.970,0.00 
2025/7/29 4:00,22.40 ,16.730,0.00 
2025/7/29 5:00,22.40 ,16.410,0.00 
2025/7/29 6:00,22.90 ,16.490,0.00 
2025/7/29 7:00,24.09 ,17.160,0.00 
2025/7/29 8:00,25.50 ,17.950,-10280.01 
2025/7/29 9:00,26.74 ,18.460,-36634.26 
2025/7/29 10:00,27.78 ,18.650,-76563.67 
2025/7/29 11:00,28.67 ,18.690,-90838.00 
2025/7/29 12:00,29.45 ,18.710,-103001.38 
2025/7/29 13:00,30.18 ,18.890,-110179.11 
2025/7/29 14:00,30.90 ,19.430,-125154.11 
2025/7/29 15:00,31.40 ,20.170,-130599.48 
2025/7/29 16:00,31.23 ,20.520,-113431.52 
2025/7/29 17:00,30.79 ,20.800,-113515.74 
2025/7/29 18:00,30.17 ,20.990,-133293.49 
2025/7/29 19:00,29.48 ,21.090,-98042.34 
2025/7/29 20:00,28.80 ,21.130,-129123.08 
2025/7/29 21:00,28.22 ,21.120,-115723.77 
2025/7/29 22:00,27.72 ,21.090,-107044.54 
2025/7/29 23:00,27.28 ,21.020,-98727.09 
2025/7/30 0:00,26.85 ,20.890,-90534.98 
2025/7/30 1:00,26.40 ,20.690,-80796.94 
2025/7/30 2:00,25.90 ,20.410,-69304.30 
2025/7/30 3:00,25.35 ,20.040,-54262.69 
2025/7/30 4:00,24.89 ,19.740,-20654.07 
2025/7/30 5:00,24.70 ,19.630,-12713.55 
2025/7/30 6:00,25.02 ,19.980,-54305.79 
2025/7/30 7:00,25.78 ,20.640,-91635.82 
2025/7/30 8:00,26.70 ,21.190,-57765.10 
2025/7/30 9:00,27.54 ,21.260,-96013.89 
2025/7/30 10:00,28.29 ,20.890,-104769.92 
2025/7/30 11:00,28.98 ,20.290,-110066.55 
2025/7/30 12:00,29.64 ,19.690,-124351.62 
2025/7/30 13:00,30.30 ,19.340,-127844.07 
2025/7/30 14:00,31.00 ,19.540,-129474.12 
2025/7/30 15:00,31.50 ,20.200,-129434.68 
2025/7/30 16:00,31.21 ,20.520,-120610.24 
2025/7/30 17:00,30.46 ,20.650,-106484.12 
2025/7/30 18:00,29.44 ,20.580,-113487.95 
2025/7/30 19:00,28.32 ,20.350,-87855.36 
2025/7/30 20:00,27.30 ,20.030,-101104.84 
2025/7/30 21:00,26.51 ,19.710,-80782.88 
2025/7/30 22:00,25.94 ,19.420,-66706.33 
2025/7/30 23:00,25.51 ,19.140,-54580.21 
2025/7/31 0:00,25.15 ,18.880,-42822.35 
2025/7/31 1:00,24.80 ,18.570,-30028.24 
2025/7/31 2:00,24.40 ,18.220,-13275.36 
2025/7/31 3:00,23.91 ,17.820,-4730.67 
2025/7/31 4:00,23.48 ,17.500,-2352.03 
2025/7/31 5:00,23.30 ,17.400,-1308.59 
2025/7/31 6:00,23.46 ,17.560,-3029.68 
2025/7/31 7:00,23.88 ,17.850,-11291.80 
2025/7/31 8:00,24.50 ,18.120,-31826.30 
2025/7/31 9:00,25.24 ,18.250,-46646.63 
2025/7/31 10:00,26.06 ,18.240,-63023.62 
2025/7/31 11:00,26.94 ,18.140,-77795.99 
2025/7/31 12:00,27.82 ,18.020,-115288.69 
2025/7/31 13:00,28.69 ,17.990,-138543.74 
2025/7/31 14:00,29.50 ,18.170,-118211.77 
2025/7/31 15:00,30.00 ,18.440,-108156.67 
2025/7/31 16:00,29.73 ,18.260,-121136.71 
2025/7/31 17:00,29.10 ,18.000,-114190.19 
2025/7/31 18:00,28.38 ,17.850,-106347.33 
2025/7/31 19:00,27.86 ,17.990,-67762.15 
2025/7/31 20:00,27.80 ,18.660,-80406.11 
2025/7/31 21:00,28.10 ,19.710,-95183.36 
2025/7/31 22:00,28.24 ,20.560,-107032.01 
2025/7/31 23:00,28.61 ,21.640,-124943.01 
2025/8/1 0:00,29.08 ,22.760,-146279.09 
2025/8/1 1:00,29.54 ,23.890,-166416.05 
2025/8/1 2:00,29.90 ,24.800,-182734.99 
2025/8/1 3:00,30.07 ,25.320,-191193.52 
2025/8/1 4:00,30.08 ,25.460,-192102.41 
2025/8/1 5:00,30.00 ,25.320,-187718.74 
2025/8/1 6:00,29.90 ,24.960,-192219.31 
2025/8/1 7:00,29.85 ,24.480,-196527.93 
2025/8/1 8:00,29.90 ,23.940,-89670.84 
2025/8/1 9:00,30.12 ,23.420,-121603.23 
2025/8/1 10:00,30.51 ,22.980,-118264.00 
2025/8/1 11:00,31.08 ,22.720,-121834.39 
2025/8/1 12:00,31.82 ,22.720,-175590.31 
2025/8/1 13:00,32.72 ,23.100,-160001.39 
2025/8/1 14:00,33.80 ,24.030,-154779.38 
2025/8/1 15:00,34.60 ,25.040,-157931.42 
2025/8/1 16:00,34.39 ,24.990,-149648.18 
2025/8/1 17:00,33.86 ,24.720,-136512.70 
2025/8/1 18:00,33.14 ,24.330,-121353.84 
2025/8/1 19:00,32.37 ,23.870,-104575.45 
2025/8/1 20:00,31.70 ,23.470,-196572.62 
2025/8/1 21:00,31.22 ,23.170,-183342.04 
2025/8/1 22:00,30.88 ,22.940,-173393.12 
2025/8/1 23:00,30.60 ,22.710,-164377.78 
2025/8/2 0:00,30.28 ,22.450,-153820.57 
2025/8/2 1:00,29.84 ,22.000,-140309.46 
2025/8/2 2:00,29.20 ,21.350,-121961.09 
2025/8/2 3:00,28.34 ,20.520,-98645.31 
2025/8/2 4:00,27.55 ,19.810,-77716.03 
2025/8/2 5:00,27.20 ,19.610,-68921.61 
2025/8/2 6:00,27.38 ,19.940,-81240.62 
2025/8/2 7:00,27.82 ,20.430,-100048.98 
2025/8/2 8:00,28.40 ,20.870,-65859.90 
2025/8/2 9:00,29.02 ,21.100,-111341.16 
2025/8/2 10:00,29.71 ,21.180,-117093.49 
2025/8/2 11:00,30.48 ,21.280,-128288.62 
2025/8/2 12:00,31.40 ,21.580,-135353.99 
2025/8/2 13:00,32.49 ,22.300,-144701.75 
2025/8/2 14:00,33.80 ,23.710,-169058.22 
2025/8/2 15:00,34.80 ,25.290,-180145.99 
2025/8/2 16:00,34.56 ,25.570,-160996.96 
2025/8/2 17:00,33.99 ,25.670,-145065.35 
2025/8/2 18:00,33.30 ,25.720,-130929.24 
2025/8/2 19:00,32.70 ,25.920,-116087.67 
2025/8/2 20:00,32.40 ,26.480,-252235.34 
2025/8/2 21:00,32.53 ,27.530,-266267.96 
2025/8/2 22:00,32.88 ,28.790,-286896.82 
2025/8/2 23:00,33.15 ,29.770,-302914.22 
2025/8/3 0:00,33.04 ,29.950,-303067.16 
2025/8/3 1:00,32.26 ,28.810,-275967.87 
2025/8/3 2:00,30.50 ,26.030,-213527.15 
2025/8/3 3:00,27.75 ,22.050,-122233.18 
2025/8/3 4:00,25.09 ,18.640,-39760.15 
2025/8/3 5:00,23.90 ,17.120,-3811.98 
2025/8/3 6:00,24.15 ,17.050,-7952.32 
2025/8/3 7:00,24.80 ,17.240,-19427.66 
2025/8/3 8:00,25.70 ,17.500,-53903.63 
2025/8/3 9:00,26.73 ,17.680,-66637.38 
2025/8/3 10:00,27.83 ,17.760,-81166.14 
2025/8/3 11:00,28.97 ,17.820,-97803.34 
2025/8/3 12:00,30.10 ,17.950,-120713.05 
2025/8/3 13:00,31.19 ,18.290,-127645.40 
2025/8/3 14:00,32.20 ,19.010,-145474.61 
2025/8/3 15:00,33.04 ,20.210,-153879.12 
2025/8/3 16:00,33.40 ,21.440,-139831.09 
2025/8/3 17:00,33.09 ,22.240,-127498.20 
2025/8/3 18:00,32.28 ,22.560,-135796.99 
2025/8/3 19:00,31.18 ,22.480,-126019.81 
2025/8/3 20:00,30.00 ,22.110,-169416.85 
2025/8/3 21:00,28.90 ,21.590,-139823.05 
2025/8/3 22:00,27.90 ,21.030,-117365.04 
2025/8/3 23:00,27.02 ,20.460,-96293.85 
2025/8/4 0:00,26.25 ,20.050,-76217.72 
2025/8/4 1:00,25.57 ,19.580,-59531.24 
2025/8/4 2:00,25.00 ,19.210,-44245.73 
2025/8/4 3:00,24.53 ,18.940,-25358.13 
2025/8/4 4:00,24.22 ,18.800,-12212.76 
2025/8/4 5:00,24.10 ,18.800,-6218.90 
2025/8/4 6:00,24.27 ,18.990,-24508.45 
2025/8/4 7:00,24.73 ,19.330,-62534.77 
2025/8/4 8:00,25.40 ,19.680,-48172.23 
2025/8/4 9:00,26.22 ,19.930,-87960.79 
2025/8/4 10:00,27.16 ,20.070,-101043.89 
2025/8/4 11:00,28.16 ,20.160,-109461.60 
2025/8/4 12:00,29.21 ,20.300,-122023.34 
2025/8/4 13:00,30.27 ,20.600,-133184.70 
2025/8/4 14:00,31.30 ,21.230,-140492.22 
2025/8/4 15:00,32.20 ,22.240,-143530.64 
2025/8/4 16:00,32.60 ,23.100,-139501.09 
2025/8/4 17:00,32.27 ,23.350,-127595.82 
2025/8/4 18:00,31.45 ,23.080,-111175.51 
2025/8/4 19:00,30.35 ,22.490,-96053.85 
2025/8/4 20:00,29.20 ,21.760,-144364.78 
2025/8/4 21:00,28.19 ,21.050,-117125.51 
2025/8/4 22:00,27.32 ,20.400,-94741.00 
2025/8/4 23:00,26.53 ,19.780,-73938.45 
2025/8/5 0:00,25.78 ,19.120,-54509.68 
2025/8/5 1:00,25.02 ,18.490,-31940.35 
2025/8/5 2:00,24.20 ,17.830,-8933.01 
2025/8/5 3:00,23.32 ,17.140,-2697.34 
2025/8/5 4:00,22.60 ,16.610,-887.89 
2025/8/5 5:00,22.30 ,16.440,-168.44 
2025/8/5 6:00,22.47 ,16.630,-328.48 
2025/8/5 7:00,22.94 ,16.930,-1457.92 
2025/8/5 8:00,23.60 ,17.180,-23089.21 
2025/8/5 9:00,24.39 ,17.240,-41539.64 
2025/8/5 10:00,25.28 ,17.160,-59877.41 
2025/8/5 11:00,26.26 ,17.050,-76431.04 
2025/8/5 12:00,27.31 ,17.070,-97820.04 
2025/8/5 13:00,28.43 ,17.410,-122202.36 
2025/8/5 14:00,29.60 ,18.310,-138448.37 
2025/8/5 15:00,30.40 ,19.550,-143983.88 
2025/8/5 16:00,30.18 ,20.130,-135578.16 
2025/8/5 17:00,29.63 ,20.460,-120576.70 
2025/8/5 18:00,28.89 ,20.390,-123172.29 
2025/8/5 19:00,28.13 ,19.870,-85052.00 
2025/8/5 20:00,27.50 ,18.850,-83460.49 
2025/8/5 21:00,27.11 ,17.340,-48398.03 
2025/8/5 22:00,26.88 ,15.450,-39960.02 
2025/8/5 23:00,26.69 ,13.310,-34169.98 
2025/8/6 0:00,26.43 ,11.070,-26654.39 
2025/8/6 1:00,25.97 ,9.020,-18404.82 
2025/8/6 2:00,25.20 ,7.340,-8989.47 
2025/8/6 3:00,24.09 ,6.200,-3072.05 
2025/8/6 4:00,23.06 ,5.610,-980.99 
2025/8/6 5:00,22.60 ,5.530,-241.33 
2025/8/6 6:00,23.05 ,5.900,-508.26 
2025/8/6 7:00,24.07 ,6.530,-1871.75 
2025/8/6 8:00,25.20 ,7.130,-15840.11 
2025/8/6 9:00,26.05 ,7.390,-39475.76 
2025/8/6 10:00,26.65 ,7.340,-64916.12 
2025/8/6 11:00,27.14 ,7.110,-87128.66 
2025/8/6 12:00,27.64 ,6.860,-102697.19 
2025/8/6 13:00,28.28 ,6.750,-116143.09 
2025/8/6 14:00,29.20 ,6.950,-124633.90 
2025/8/6 15:00,30.00 ,7.430,-123668.50 
2025/8/6 16:00,29.78 ,7.770,-112723.57 
2025/8/6 17:00,29.20 ,8.140,-102131.60 
2025/8/6 18:00,28.40 ,8.500,-105270.60 
2025/8/6 19:00,27.52 ,8.840,-67449.86 
2025/8/6 20:00,26.70 ,9.160,-43841.98 
2025/8/6 21:00,26.03 ,9.470,-30063.26 
2025/8/6 22:00,25.46 ,9.740,-20537.92 
2025/8/6 23:00,24.92 ,9.930,-12981.38 
2025/8/7 0:00,24.32 ,9.940,-8047.88 
2025/8/7 1:00,23.57 ,9.800,-4022.36 
2025/8/7 2:00,22.60 ,9.410,-1271.10 
2025/8/7 3:00,21.40 ,8.820,-184.41 
2025/8/7 4:00,20.35 ,8.250,-10.44 
2025/8/7 5:00,19.90 ,7.940,0.00 
2025/8/7 6:00,20.68 ,8.180,0.00 
2025/8/7 7:00,22.41 ,8.880,0.00 
2025/8/7 8:00,24.20 ,9.600,-5388.48 
2025/8/7 9:00,25.36 ,9.920,-29653.64 
2025/8/7 10:00,25.97 ,9.880,-55253.26 
2025/8/7 11:00,26.30 ,9.700,-76647.14 
2025/8/7 12:00,26.65 ,9.580,-91695.49 
2025/8/7 13:00,27.29 ,9.740,-105361.48 
2025/8/7 14:00,28.50 ,10.410,-115499.85 
2025/8/7 15:00,29.70 ,11.340,-117116.04 
2025/8/7 16:00,29.45 ,11.590,-107057.37 
2025/8/7 17:00,28.80 ,11.770,-96171.28 
2025/8/7 18:00,27.87 ,11.940,-97021.41 
2025/8/7 19:00,26.79 ,12.140,-59244.35 
2025/8/7 20:00,25.70 ,12.450,-31804.69 
2025/8/7 21:00,24.70 ,12.880,-16587.03 
2025/8/7 22:00,23.79 ,13.330,-8908.06 
2025/8/7 23:00,22.97 ,13.670,-4366.98 
2025/8/8 0:00,22.23 ,13.790,-1747.87 
2025/8/8 1:00,21.54 ,13.640,-562.62 
2025/8/8 2:00,20.90 ,13.100,-37.10 
2025/8/8 3:00,20.31 ,12.180,0.00 
2025/8/8 4:00,19.87 ,11.110,0.00 
2025/8/8 5:00,19.70 ,10.120,0.00 
2025/8/8 6:00,20.66 ,9.850,0.00 
2025/8/8 7:00,22.87 ,10.480,0.00 
2025/8/8 8:00,25.30 ,11.720,-12650.00 
2025/8/8 9:00,27.11 ,13.290,-36103.76 
2025/8/8 10:00,28.16 ,15.010,-83420.47 
2025/8/8 11:00,28.50 ,16.600,-82835.52 
2025/8/8 12:00,27.29 ,16.770,-79301.98 
2025/8/8 13:00,24.64 ,15.330,-112574.13 
2025/8/8 14:00,22.00 ,13.690,-77360.23 
2025/8/8 15:00,20.53 ,12.770,-88038.86 
2025/8/8 16:00,20.21 ,12.520,-53111.51 
2025/8/8 17:00,20.70 ,12.730,-32383.06 
2025/8/8 18:00,21.68 ,13.210,-23919.50 
2025/8/8 19:00,22.82 ,13.810,-14601.40 
2025/8/8 20:00,23.80 ,14.340,-6504.07 
2025/8/8 21:00,24.35 ,14.640,-6645.50 
2025/8/8 22:00,24.46 ,14.680,-5357.47 
2025/8/8 23:00,24.19 ,14.490,-3190.53 
2025/8/9 0:00,23.61 ,14.070,-1571.62 
2025/8/9 1:00,22.76 ,13.480,-373.65 
2025/8/9 2:00,21.70 ,12.740,-31.46 
2025/8/9 3:00,20.55 ,11.930,0.00 
2025/8/9 4:00,19.60 ,11.250,0.00 
2025/8/9 5:00,19.20 ,10.910,0.00 
2025/8/9 6:00,19.79 ,11.160,0.00 
2025/8/9 7:00,21.17 ,11.850,0.00 
2025/8/9 8:00,22.80 ,12.560,0.00 
2025/8/9 9:00,24.21 ,12.880,-15119.07 
2025/8/9 10:00,25.34 ,12.790,-43844.62 
2025/8/9 11:00,26.27 ,12.410,-69439.99 
2025/8/9 12:00,27.03 ,11.900,-87798.57 
2025/8/9 13:00,27.69 ,11.460,-103000.75 
2025/8/9 14:00,28.30 ,11.260,-111666.97 
2025/8/9 15:00,28.70 ,11.340,-109978.09 
2025/8/9 16:00,28.46 ,11.420,-98962.33 
2025/8/9 17:00,27.83 ,11.570,-87751.96 
2025/8/9 18:00,26.90 ,11.770,-88318.63 
2025/8/9 19:00,25.79 ,11.980,-47847.92 
2025/8/9 20:00,24.60 ,12.220,-16988.04 
2025/8/9 21:00,23.43 ,12.460,-7224.89 
2025/8/9 22:00,22.32 ,12.650,-2783.98 
2025/8/9 23:00,21.30 ,12.760,-642.22 
2025/8/10 0:00,20.41 ,12.730,-36.89 
2025/8/10 1:00,19.66 ,12.570,0.00 
2025/8/10 2:00,19.10 ,12.240,0.00 
2025/8/10 3:00,18.74 ,11.750,0.00 
2025/8/10 4:00,18.55 ,11.120,0.00 
2025/8/10 5:00,18.50 ,10.400,0.00 
2025/8/10 6:00,19.26 ,10.070,0.00 
2025/8/10 7:00,21.05 ,10.280,0.00 
2025/8/10 8:00,23.10 ,10.590,-115.43 
2025/8/10 9:00,24.80 ,10.680,-14862.46 
2025/8/10 10:00,26.09 ,10.590,-42401.20 
2025/8/10 11:00,27.06 ,10.410,-67577.29 
2025/8/10 12:00,27.81 ,10.260,-85726.26 
2025/8/10 13:00,28.43 ,10.230,-100892.92 
2025/8/10 14:00,29.00 ,10.430,-109793.05 
2025/8/10 15:00,29.54 ,10.890,-109375.36 
2025/8/10 16:00,29.80 ,11.450,-83619.80 
2025/8/10 17:00,29.44 ,11.810,-84899.93 
2025/8/10 18:00,28.51 ,11.940,-88831.04 
2025/8/10 19:00,27.22 ,11.920,-49026.24 
2025/8/10 20:00,25.80 ,11.840,-23961.63 
2025/8/10 21:00,24.43 ,11.800,-9814.96 
2025/8/10 22:00,23.16 ,11.800,-3535.45 
2025/8/10 23:00,22.01 ,11.820,-799.83 
2025/8/11 0:00,20.99 ,11.840,-35.74 
2025/8/11 1:00,20.12 ,11.910,0.00 
2025/8/11 2:00,19.40 ,12.010,0.00 
2025/8/11 3:00,18.86 ,12.130,0.00 
2025/8/11 4:00,18.52 ,12.270,0.00 
2025/8/11 5:00,18.40 ,12.400,0.00 
2025/8/11 6:00,18.80 ,12.720,0.00 
2025/8/11 7:00,19.92 ,13.360,0.00 
2025/8/11 8:00,21.60 ,14.130,-655.98 
2025/8/11 9:00,23.67 ,14.770,-16539.91 
2025/8/11 10:00,25.83 ,15.030,-46309.46 
2025/8/11 11:00,27.77 ,14.740,-66937.54 
2025/8/11 12:00,29.16 ,13.860,-83166.21 
2025/8/11 13:00,29.70 ,12.580,-93491.69 
2025/8/11 14:00,29.00 ,11.180,-108937.51 
2025/8/11 15:00,27.76 ,10.460,-126250.77 
2025/8/11 16:00,26.36 ,10.370,-96531.76 
2025/8/11 17:00,24.91 ,10.630,-88570.44 
2025/8/11 18:00,23.51 ,11.050,-69758.71 
2025/8/11 19:00,22.27 ,11.480,-24314.70 
2025/8/11 20:00,21.30 ,11.890,-4149.06 
2025/8/11 21:00,20.68 ,12.270,-1501.12 
2025/8/11 22:00,20.31 ,12.590,-252.09 
2025/8/11 23:00,20.09 ,12.810,-24.05 
2025/8/12 0:00,19.90 ,12.870,0.00 
2025/8/12 1:00,19.60 ,12.690,0.00 
2025/8/12 2:00,19.10 ,12.210,0.00 
2025/8/12 3:00,18.34 ,11.460,0.00 
2025/8/12 4:00,17.62 ,10.670,0.00 
2025/8/12 5:00,17.30 ,10.110,0.00 
2025/8/12 6:00,17.96 ,10.130,0.00 
2025/8/12 7:00,19.49 ,10.630,0.00 
2025/8/12 8:00,21.20 ,11.170,0.00 
2025/8/12 9:00,22.55 ,11.390,-6265.96 
2025/8/12 10:00,23.57 ,11.330,-29339.78 
2025/8/12 11:00,24.47 ,11.190,-52294.96 
2025/8/12 12:00,25.43 ,11.180,-71583.62 
2025/8/12 13:00,26.64 ,11.510,-89658.06 
2025/8/12 14:00,28.30 ,12.470,-103553.43 
2025/8/12 15:00,29.70 ,13.700,-107417.71 
2025/8/12 16:00,29.46 ,14.010,-97715.13 
2025/8/12 17:00,28.84 ,14.250,-86435.43 
2025/8/12 18:00,27.96 ,14.410,-85399.99 
2025/8/12 19:00,26.97 ,14.510,-44516.46 
2025/8/12 20:00,26.00 ,14.580,-23632.91 
2025/8/12 21:00,25.16 ,14.660,-12957.05 
2025/8/12 22:00,24.42 ,14.740,-6969.34 
2025/8/12 23:00,23.75 ,14.780,-3363.36 
2025/8/13 0:00,23.09 ,14.830,-1551.61 
2025/8/13 1:00,22.39 ,14.680,-320.69 
2025/8/13 2:00,21.60 ,14.370,0.00 
2025/8/13 3:00,20.73 ,13.920,0.00 
2025/8/13 4:00,20.00 ,13.510,0.00 
2025/8/13 5:00,19.70 ,13.340,0.00 
2025/8/13 6:00,20.17 ,13.680,0.00 
2025/8/13 7:00,21.31 ,14.440,0.00 
2025/8/13 8:00,22.70 ,15.210,-1999.87 
2025/8/13 9:00,24.01 ,15.630,-15427.90 
2025/8/13 10:00,25.23 ,15.680,-35564.48 
2025/8/13 11:00,26.40 ,15.480,-65586.44 
2025/8/13 12:00,27.58 ,15.200,-74611.52 
2025/8/13 13:00,28.83 ,15.010,-97851.56 
2025/8/13 14:00,30.20 ,15.140,-155244.12 
2025/8/13 15:00,31.20 ,15.340,-131939.17 
2025/8/13 16:00,30.95 ,14.870,-96305.84 
2025/8/13 17:00,30.31 ,14.440,-91152.89 
2025/8/13 18:00,29.42 ,14.110,-84740.90 
2025/8/13 19:00,28.43 ,13.910,-52083.34 
2025/8/13 20:00,27.50 ,13.860,-43974.88 
2025/8/13 21:00,26.73 ,14.010,-32845.01 
2025/8/13 22:00,26.09 ,14.260,-23575.12 
2025/8/13 23:00,25.50 ,14.520,-15212.62 
2025/8/14 0:00,24.87 ,14.710,-8137.20 
2025/8/14 1:00,24.13 ,14.690,-3391.01 
2025/8/14 2:00,23.20 ,14.400,-1017.35 
2025/8/14 3:00,22.09 ,13.830,-93.43 
2025/8/14 4:00,21.12 ,13.270,-16.63 
2025/8/14 5:00,20.70 ,13.060,0.00 
2025/8/14 6:00,21.13 ,13.420,0.00 
2025/8/14 7:00,22.14 ,14.150,0.00 
2025/8/14 8:00,23.30 ,14.860,-6060.05 
2025/8/14 9:00,24.29 ,15.250,-23774.59 
2025/8/14 10:00,25.14 ,15.340,-41129.19 
2025/8/14 11:00,25.96 ,15.330,-56756.03 
2025/8/14 12:00,26.88 ,15.400,-117027.40 
2025/8/14 13:00,28.02 ,15.780,-100617.04 
2025/8/14 14:00,29.50 ,16.720,-92894.65 
2025/8/14 15:00,30.70 ,17.780,-139540.16 
2025/8/14 16:00,30.39 ,17.630,-103103.96 
2025/8/14 17:00,29.61 ,17.240,-106452.44 
2025/8/14 18:00,28.53 ,16.730,-71209.23 
2025/8/14 19:00,27.36 ,16.220,-44645.97 
2025/8/14 20:00,26.30 ,15.830,-34284.66 
2025/8/14 21:00,25.49 ,15.660,-22547.84 
2025/8/14 22:00,24.91 ,15.660,-13628.90 
2025/8/14 23:00,24.48 ,15.770,-7990.08 
2025/8/15 0:00,24.13 ,15.920,-4701.64 
2025/8/15 1:00,23.80 ,16.050,-2605.48 
2025/8/15 2:00,23.40 ,16.090,-1422.96 
2025/8/15 3:00,22.91 ,15.990,-474.50 
2025/8/15 4:00,22.49 ,15.860,-56.26 
2025/8/15 5:00,22.30 ,15.840,-26.11 
2025/8/15 6:00,22.47 ,15.980,-15.21 
2025/8/15 7:00,22.95 ,16.200,-152.90 
2025/8/15 8:00,23.70 ,16.390,-10212.85 
2025/8/15 9:00,24.68 ,16.430,-39298.50 
2025/8/15 10:00,25.83 ,16.310,-49072.04 
2025/8/15 11:00,27.09 ,16.100,-61504.66 
2025/8/15 12:00,28.38 ,15.860,-101042.50 
2025/8/15 13:00,29.64 ,15.750,-125317.60 
2025/8/15 14:00,30.80 ,15.990,-106861.37 
2025/8/15 15:00,31.50 ,16.470,-122538.71 
2025/8/15 16:00,31.15 ,16.580,-98265.83 
2025/8/15 17:00,30.24 ,16.590,-94543.87 
2025/8/15 18:00,28.98 ,16.470,-87456.64 
2025/8/15 19:00,27.60 ,16.270,-51563.46 
2025/8/15 20:00,26.30 ,16.050,-35586.17 
2025/8/15 21:00,25.26 ,15.910,-21562.37 
2025/8/15 22:00,24.48 ,15.850,-11061.70 
2025/8/15 23:00,23.91 ,15.870,-5750.07 
2025/8/16 0:00,23.48 ,15.950,-2827.20 
2025/8/16 1:00,23.16 ,16.050,-1605.72 
2025/8/16 2:00,22.90 ,16.140,-755.01 
2025/8/16 3:00,22.66 ,16.210,-191.24 
2025/8/16 4:00,22.47 ,16.250,-43.44 
2025/8/16 5:00,22.40 ,16.270,-17.57 
2025/8/16 6:00,22.70 ,16.490,-8.52 
2025/8/16 7:00,23.45 ,16.940,-160.26 
2025/8/16 8:00,24.40 ,17.310,-16064.49 
2025/8/16 9:00,25.38 ,17.330,-35202.39 
2025/8/16 10:00,26.38 ,17.060,-54324.30 
2025/8/16 11:00,27.48 ,16.650,-84668.87 
2025/8/16 12:00,28.73 ,16.300,-114664.16 
2025/8/16 13:00,30.18 ,16.230,-136282.81 
2025/8/16 14:00,31.90 ,16.730,-149831.79 
2025/8/16 15:00,33.20 ,17.410,-143867.46 
2025/8/16 16:00,32.74 ,16.960,-115232.61 
2025/8/16 17:00,31.56 ,16.300,-93489.23 
2025/8/16 18:00,29.96 ,15.600,-75101.65 
2025/8/16 19:00,28.24 ,14.980,-51897.53 
2025/8/16 20:00,26.70 ,14.600,-40945.67 
2025/8/16 21:00,25.57 ,14.550,-25934.90 
2025/8/16 22:00,24.79 ,14.760,-14760.39 
2025/8/16 23:00,24.25 ,15.110,-8166.64 
2025/8/17 0:00,23.84 ,15.470,-4772.82 
2025/8/17 1:00,23.43 ,15.740,-2742.07 
2025/8/17 2:00,22.90 ,15.760,-1293.95 
2025/8/17 3:00,22.21 ,15.460,-192.98 
2025/8/17 4:00,21.58 ,15.080,-45.79 
2025/8/17 5:00,21.30 ,14.890,-12.60 
2025/8/17 6:00,21.83 ,15.300,-3.38 
2025/8/17 7:00,23.02 ,16.190,-26.83 
2025/8/17 8:00,24.30 ,16.980,-12038.94 
2025/8/17 9:00,25.20 ,17.150,-29237.27 
2025/8/17 10:00,25.81 ,16.830,-44927.18 
2025/8/17 11:00,26.31 ,16.330,-82745.04 
2025/8/17 12:00,26.93 ,15.970,-106288.57 
2025/8/17 13:00,27.86 ,16.080,-92467.13 
2025/8/17 14:00,29.30 ,17.030,-119755.40 
2025/8/17 15:00,30.60 ,18.370,-129016.92 
2025/8/17 16:00,30.30 ,18.450,-120075.71 
2025/8/17 17:00,29.52 ,18.300,-86757.79 
2025/8/17 18:00,28.49 ,18.000,-85927.62 
2025/8/17 19:00,27.41 ,17.650,-53433.66 
2025/8/17 20:00,26.50 ,17.360,-42378.93 
2025/8/17 21:00,25.90 ,17.250,-30818.15 
2025/8/17 22:00,25.55 ,17.230,-23585.63 
2025/8/17 23:00,25.28 ,17.230,-17819.29 
2025/8/18 0:00,24.98 ,17.080,-11030.37 
2025/8/18 1:00,24.50 ,16.770,-5912.49 
2025/8/18 2:00,23.70 ,16.140,-2342.21 
2025/8/18 3:00,22.55 ,15.230,-539.47 
2025/8/18 4:00,21.48 ,14.420,-48.83 
2025/8/18 5:00,21.00 ,14.100,-11.98 
2025/8/18 6:00,21.54 ,14.600,-5.36 
2025/8/18 7:00,22.79 ,15.630,-30.15 
2025/8/18 8:00,24.20 ,16.650,-12457.19 
2025/8/18 9:00,25.34 ,17.130,-61102.64 
2025/8/18 10:00,26.24 ,17.120,-103275.26 
2025/8/18 11:00,27.03 ,16.880,-86517.74 
2025/8/18 12:00,27.86 ,16.680,-86144.60 
2025/8/18 13:00,28.87 ,16.820,-95077.50 
2025/8/18 14:00,30.20 ,17.640,-100915.54 
2025/8/18 15:00,31.30 ,18.820,-106164.54 
2025/8/18 16:00,30.90 ,18.850,-136709.43 
2025/8/18 17:00,29.88 ,18.530,-96779.23 
2025/8/18 18:00,28.55 ,18.010,-68358.00 
2025/8/18 19:00,27.19 ,17.480,-46121.87 
2025/8/18 20:00,26.10 ,17.140,-34550.64 
2025/8/18 21:00,25.48 ,17.120,-24245.33 
2025/8/18 22:00,25.22 ,17.330,-21598.50 
2025/8/18 23:00,25.10 ,17.580,-20742.49 
2025/8/19 0:00,24.93 ,17.610,-18454.29 
2025/8/19 1:00,24.50 ,17.350,-7843.67 
2025/8/19 2:00,23.60 ,16.560,-2320.74 
2025/8/19 3:00,22.19 ,15.260,-235.43 
2025/8/19 4:00,20.82 ,14.040,-37.33 
2025/8/19 5:00,20.20 ,13.470,0.00 
2025/8/19 6:00,20.21 ,13.360,0.00 
2025/8/19 7:00,20.24 ,13.160,0.00 
2025/8/19 8:00,20.30 ,12.850,0.00 
2025/8/19 9:00,20.40 ,12.430,-645.57 
2025/8/19 10:00,20.63 ,12.020,-7836.15 
2025/8/19 11:00,21.09 ,11.730,-18718.47 
2025/8/19 12:00,21.88 ,11.690,-28772.30 
2025/8/19 13:00,23.12 ,12.050,-37768.03 
2025/8/19 14:00,24.90 ,13.000,-45504.35 
2025/8/19 15:00,26.40 ,14.050,-48949.70 
2025/8/19 16:00,26.18 ,13.930,-42598.44 
2025/8/19 17:00,25.60 ,13.730,-31506.34 
2025/8/19 18:00,24.82 ,13.500,-19574.00 
2025/8/19 19:00,23.97 ,13.300,-6632.72 
2025/8/19 20:00,23.20 ,13.190,-840.11 
2025/8/19 21:00,22.61 ,13.210,-67.65 
2025/8/19 22:00,22.17 ,13.340,-35.74 
2025/8/19 23:00,21.83 ,13.490,-4.94 
2025/8/20 0:00,21.51 ,13.630,0.00 
2025/8/20 1:00,21.16 ,13.650,0.00 
2025/8/20 2:00,20.70 ,13.510,0.00 
2025/8/20 3:00,20.13 ,13.180,0.00 
2025/8/20 4:00,19.62 ,12.830,0.00 
2025/8/20 5:00,19.40 ,12.630,0.00 
2025/8/20 6:00,19.82 ,12.850,0.00 
2025/8/20 7:00,20.80 ,13.450,0.00 
2025/8/20 8:00,21.90 ,14.050,0.00 
2025/8/20 9:00,22.77 ,14.350,-852.57 
2025/8/20 10:00,23.43 ,14.350,-11031.27 
2025/8/20 11:00,23.98 ,14.190,-25104.73 
2025/8/20 12:00,24.52 ,14.010,-36376.91 
2025/8/20 13:00,25.16 ,13.940,-44423.95 
2025/8/20 14:00,26.00 ,14.130,-49113.93 
2025/8/20 15:00,26.70 ,14.340,-49108.85 
2025/8/20 16:00,26.45 ,13.880,-41794.41 
2025/8/20 17:00,25.80 ,13.260,-29970.62 
2025/8/20 18:00,24.92 ,12.620,-17585.85 
2025/8/20 19:00,24.00 ,12.070,-4004.24 
2025/8/20 20:00,23.20 ,11.720,-56.40 
2025/8/20 21:00,22.65 ,11.630,-28.94 
2025/8/20 22:00,22.30 ,11.730,-2.20 
2025/8/20 23:00,22.06 ,11.960,0.00 
2025/8/21 0:00,21.84 ,12.300,0.00 
2025/8/21 1:00,21.55 ,12.530,0.00 
2025/8/21 2:00,21.10 ,12.630,0.00 
2025/8/21 3:00,20.46 ,12.560,0.00 
2025/8/21 4:00,19.86 ,12.450,0.00 
2025/8/21 5:00,19.60 ,12.520,0.00 
2025/8/21 6:00,19.83 ,12.840,0.00 
2025/8/21 7:00,20.44 ,13.310,0.00 
2025/8/21 8:00,21.30 ,13.780,0.00 
2025/8/21 9:00,22.32 ,14.120,-13908.91 
2025/8/21 10:00,23.47 ,14.350,-24071.10 
2025/8/21 11:00,24.74 ,14.540,-69201.91 
2025/8/21 12:00,26.13 ,14.800,-69630.65 
2025/8/21 13:00,27.62 ,15.270,-73742.82 
2025/8/21 14:00,29.20 ,16.150,-119083.20 
2025/8/21 15:00,30.30 ,17.120,-131646.23 
2025/8/21 16:00,30.06 ,17.240,-92013.29 
2025/8/21 17:00,29.43 ,17.300,-68205.49 
2025/8/21 18:00,28.51 ,17.280,-53358.19 
2025/8/21 19:00,27.43 ,17.160,-34065.55 
2025/8/21 20:00,26.30 ,16.960,-23971.66 
2025/8/21 21:00,25.22 ,16.710,-10605.75 
2025/8/21 22:00,24.24 ,16.460,-3367.80 
2025/8/21 23:00,23.41 ,16.250,-1015.66 
2025/8/22 0:00,22.76 ,16.230,-141.61 
2025/8/22 1:00,22.35 ,16.240,-49.48 
2025/8/22 2:00,22.20 ,16.430,-22.03 
2025/8/22 3:00,22.21 ,16.690,0.00 
2025/8/22 4:00,22.27 ,16.880,0.00 
2025/8/22 5:00,22.42 ,17.020,0.00 
2025/8/22 6:00,22.70 ,17.140,0.00 
2025/8/22 7:00,23.15 ,17.260,0.00 
2025/8/22 8:00,23.80 ,17.370,-7789.89 
2025/8/22 9:00,24.69 ,17.480,-25286.59 
2025/8/22 10:00,25.77 ,17.570,-46010.41 
2025/8/22 11:00,27.01 ,17.650,-65860.10 
2025/8/22 12:00,28.34 ,17.740,-135532.06 
2025/8/22 13:00,29.72 ,17.890,-119271.99 
2025/8/22 14:00,31.10 ,18.170,-167590.61 
2025/8/22 15:00,32.00 ,18.240,-133974.44 
2025/8/22 16:00,31.55 ,17.270,-103030.20 
2025/8/22 17:00,30.39 ,16.040,-84791.29 
2025/8/22 18:00,28.80 ,14.850,-66039.19 
2025/8/22 19:00,27.04 ,13.910,-43229.42 
2025/8/22 20:00,25.40 ,13.360,-25346.22 
2025/8/22 21:00,24.10 ,13.280,-9807.49 
2025/8/22 22:00,23.13 ,13.550,-3718.15 
2025/8/22 23:00,22.44 ,14.010,-1691.63 
2025/8/23 0:00,21.98 ,14.520,-575.90 
2025/8/23 1:00,21.68 ,15.020,-88.84 
2025/8/23 2:00,21.50 ,15.360,-55.07 
2025/8/23 3:00,21.38 ,15.430,-22.88 
2025/8/23 4:00,21.32 ,15.260,0.00 
2025/8/23 5:00,21.30 ,14.900,0.00 
2025/8/23 6:00,21.79 ,14.830,0.00 
2025/8/23 7:00,22.94 ,15.210,0.00 
2025/8/23 8:00,24.30 ,15.660,-10419.90 
2025/8/23 9:00,25.49 ,15.860,-64785.88 
2025/8/23 10:00,26.47 ,15.830,-114099.86 
2025/8/23 11:00,27.33 ,15.710,-90139.18 
2025/8/23 12:00,28.11 ,15.660,-86903.41 
2025/8/23 13:00,28.88 ,15.840,-95113.10 
2025/8/23 14:00,29.70 ,16.420,-98851.43 
2025/8/23 15:00,30.30 ,17.240,-96815.43 
2025/8/23 16:00,30.03 ,17.550,-87152.07 
2025/8/23 17:00,29.36 ,17.670,-72671.06 
2025/8/23 18:00,28.45 ,17.630,-58271.62 
2025/8/23 19:00,27.51 ,17.520,-41084.94 
2025/8/23 20:00,26.70 ,17.430,-37769.21 
2025/8/23 21:00,26.16 ,17.460,-30174.38 
2025/8/23 22:00,25.83 ,17.560,-25854.30 
2025/8/23 23:00,25.59 ,17.630,-22127.71 
2025/8/24 0:00,25.31 ,17.510,-17320.08 
2025/8/24 1:00,24.89 ,17.250,-7082.89 
2025/8/24 2:00,24.20 ,16.690,-2659.73 
2025/8/24 3:00,23.22 ,15.840,-749.38 
2025/8/24 4:00,22.30 ,15.050,-59.53 
2025/8/24 5:00,21.90 ,14.680,-27.55 
2025/8/24 6:00,22.05 ,14.720,-9.36 
2025/8/24 7:00,22.42 ,14.830,-7.06 
2025/8/24 8:00,22.90 ,14.850,-2348.87 
2025/8/24 9:00,23.40 ,14.670,-13007.12 
2025/8/24 10:00,23.94 ,14.390,-25875.46 
2025/8/24 11:00,24.56 ,14.130,-58781.52 
2025/8/24 12:00,25.31 ,14.060,-79886.68 
2025/8/24 13:00,26.24 ,14.340,-68728.85 
2025/8/24 14:00,27.40 ,15.210,-90790.59 
2025/8/24 15:00,28.30 ,16.410,-97981.67 
2025/8/24 16:00,27.98 ,16.830,-86985.81 
2025/8/24 17:00,27.18 ,16.930,-70671.29 
2025/8/24 18:00,26.15 ,16.770,-54439.21 
2025/8/24 19:00,25.14 ,16.450,-29294.99 
2025/8/24 20:00,24.40 ,16.090,-10886.25 
2025/8/24 21:00,24.10 ,15.790,-6629.90 
2025/8/24 22:00,24.12 ,15.530,-4838.92 
2025/8/24 23:00,24.25 ,15.250,-3832.56 
2025/8/25 0:00,24.31 ,14.930,-2525.11 
2025/8/25 1:00,24.09 ,14.460,-1536.50 
2025/8/25 2:00,23.40 ,13.850,-441.35 
2025/8/25 3:00,22.18 ,13.160,-27.50 
2025/8/25 4:00,20.96 ,12.690,0.00 
2025/8/25 5:00,20.40 ,12.800,0.00 
2025/8/25 6:00,20.64 ,13.490,0.00 
2025/8/25 7:00,21.33 ,14.390,0.00 
2025/8/25 8:00,22.40 ,15.330,-1086.77 
2025/8/25 9:00,23.78 ,16.130,-18508.11 
2025/8/25 10:00,25.33 ,16.670,-70814.91 
2025/8/25 11:00,26.90 ,16.890,-76103.72 
2025/8/25 12:00,28.33 ,16.750,-122330.70 
2025/8/25 13:00,29.48 ,16.320,-113217.49 
2025/8/25 14:00,30.20 ,15.760,-105844.27 
2025/8/25 15:00,30.40 ,15.270,-139057.55 
2025/8/25 16:00,30.24 ,15.020,-106059.45 
2025/8/25 17:00,29.80 ,14.990,-104964.53 
2025/8/25 18:00,29.15 ,15.120,-74274.66 
2025/8/25 19:00,28.36 ,15.340,-50347.76 
2025/8/25 20:00,27.50 ,15.600,-46586.01 
2025/8/25 21:00,26.63 ,15.850,-34378.60 
2025/8/25 22:00,25.78 ,16.080,-22940.59 
2025/8/25 23:00,25.00 ,16.250,-12702.72 
2025/8/26 0:00,24.30 ,16.390,-5860.49 
2025/8/26 1:00,23.72 ,16.440,-2683.58 
2025/8/26 2:00,23.30 ,16.430,-1397.18 
2025/8/26 3:00,23.05 ,16.350,-595.87 
2025/8/26 4:00,22.93 ,16.210,-140.58 
2025/8/26 5:00,22.90 ,15.970,-41.31 
2025/8/26 6:00,22.95 ,15.660,-23.80 
2025/8/26 7:00,23.25 ,15.460,-125.77 
2025/8/26 8:00,24.00 ,15.580,-15173.46 
2025/8/26 9:00,25.31 ,16.140,-42550.62 
2025/8/26 10:00,26.93 ,16.980,-74315.62 
2025/8/26 11:00,28.52 ,17.850,-102989.28 
2025/8/26 12:00,29.72 ,18.440,-126699.39 
2025/8/26 13:00,30.20 ,18.480,-143794.29 
2025/8/26 14:00,28.70 ,16.780,-139850.38 
2025/8/26 15:00,26.91 ,15.300,-129090.82 
2025/8/26 16:00,25.65 ,14.650,-106434.03 
2025/8/26 17:00,24.79 ,14.520,-69473.58 
2025/8/26 18:00,24.22 ,14.740,-60770.57 
2025/8/26 19:00,23.83 ,15.110,-34291.13 
2025/8/26 20:00,23.50 ,15.480,-13255.20 
2025/8/26 21:00,23.13 ,15.710,-8018.24 
2025/8/26 22:00,22.71 ,15.790,-4275.79 
2025/8/26 23:00,22.25 ,15.750,-2258.05 
2025/8/27 0:00,21.76 ,15.590,-1002.25 
2025/8/27 1:00,21.24 ,15.360,-235.64 
2025/8/27 2:00,20.70 ,15.080,-36.02 
2025/8/27 3:00,20.17 ,14.780,0.00 
2025/8/27 4:00,19.76 ,14.530,0.00 
2025/8/27 5:00,19.60 ,14.410,0.00 
2025/8/27 6:00,20.08 ,14.760,0.00 
2025/8/27 7:00,21.16 ,15.520,0.00 
2025/8/27 8:00,22.30 ,16.140,-7598.52 
2025/8/27 9:00,23.08 ,16.130,-13589.88 
2025/8/27 10:00,23.61 ,15.650,-24085.18 
2025/8/27 11:00,24.15 ,15.060,-37793.58 
2025/8/27 12:00,24.92 ,14.690,-49703.29 
2025/8/27 13:00,26.19 ,14.870,-107047.15 
2025/8/27 14:00,28.20 ,16.030,-89152.66 
2025/8/27 15:00,30.00 ,17.540,-119577.04 
2025/8/27 16:00,29.80 ,17.520,-88123.81 
2025/8/27 17:00,29.29 ,17.520,-87775.40 
2025/8/27 18:00,28.58 ,17.520,-59317.78 
2025/8/27 19:00,27.78 ,17.520,-39477.14 
2025/8/27 20:00,27.00 ,17.510,-39115.27 
2025/8/27 21:00,26.33 ,17.520,-30708.62 
2025/8/27 22:00,25.78 ,17.560,-23838.58 
2025/8/27 23:00,25.31 ,17.590,-16937.25 
2025/8/28 0:00,24.91 ,17.590,-10005.25 
2025/8/28 1:00,24.55 ,17.590,-5841.18 
2025/8/28 2:00,24.20 ,17.530,-2486.62 
2025/8/28 3:00,23.87 ,17.430,-1296.90 
2025/8/28 4:00,23.60 ,17.320,-522.43 
2025/8/28 5:00,23.50 ,17.270,-160.56 
2025/8/28 6:00,23.71 ,17.430,-124.59 
2025/8/28 7:00,24.21 ,17.760,-1753.05 
2025/8/28 8:00,24.80 ,17.990,-22499.61 
2025/8/28 9:00,25.33 ,17.930,-25195.62 
2025/8/28 10:00,25.84 ,17.700,-48344.07 
2025/8/28 11:00,26.42 ,17.480,-48453.95 
2025/8/28 12:00,27.16 ,17.460,-72176.35 
2025/8/28 13:00,28.16 ,17.850,-90562.37 
2025/8/28 14:00,29.50 ,18.930,-82204.48 
2025/8/28 15:00,30.60 ,20.220,-100365.40 
2025/8/28 16:00,30.38 ,20.360,-84531.17 
2025/8/28 17:00,29.85 ,20.360,-79776.77 
2025/8/28 18:00,29.18 ,20.310,-70551.49 
2025/8/28 19:00,28.53 ,20.300,-52981.88 
2025/8/28 20:00,28.10 ,20.460,-96091.47 
2025/8/28 21:00,27.99 ,20.860,-98818.79 
2025/8/28 22:00,28.06 ,21.350,-105137.69 
2025/8/28 23:00,28.12 ,21.710,-109673.89 
2025/8/29 0:00,27.98 ,21.640,-105063.78 
2025/8/29 1:00,27.44 ,21.040,-87862.76 
2025/8/29 2:00,26.30 ,19.660,-53705.64 
2025/8/29 3:00,24.54 ,17.630,-1718.64 
2025/8/29 4:00,22.85 ,15.780,-76.40 
2025/8/29 5:00,22.10 ,14.810,-12.48 
2025/8/29 6:00,22.38 ,14.640,0.00 
2025/8/29 7:00,23.15 ,14.630,-5.57 
2025/8/29 8:00,24.30 ,14.590,-13968.36 
2025/8/29 9:00,25.71 ,14.300,-45961.74 
2025/8/29 10:00,27.28 ,13.680,-67268.40 
2025/8/29 11:00,28.88 ,12.760,-105777.60 
2025/8/29 12:00,30.42 ,11.640,-139461.31 
2025/8/29 13:00,31.76 ,10.540,-157818.50 
2025/8/29 14:00,32.80 ,9.810,-172769.20 
2025/8/29 15:00,33.30 ,9.670,-171973.21 
2025/8/29 16:00,32.90 ,9.940,-155692.57 
2025/8/29 17:00,31.85 ,10.510,-134723.09 
2025/8/29 18:00,30.39 ,11.220,-105543.20 
2025/8/29 19:00,28.76 ,11.950,-66768.24 
2025/8/29 20:00,27.20 ,12.670,-53692.40 
2025/8/29 21:00,25.90 ,13.430,-35834.97 
2025/8/29 22:00,24.84 ,14.180,-21073.86 
2025/8/29 23:00,23.95 ,14.820,-11480.14 
2025/8/30 0:00,23.18 ,15.240,-6174.48 
2025/8/30 1:00,22.45 ,15.380,-2715.42 
2025/8/30 2:00,21.70 ,15.130,-850.54 
2025/8/30 3:00,20.91 ,14.470,-100.02 
2025/8/30 4:00,20.27 ,13.660,-26.57 
2025/8/30 5:00,20.00 ,13.000,0.00 
2025/8/30 6:00,20.45 ,12.780,0.00 
2025/8/30 7:00,21.54 ,12.990,0.00 
2025/8/30 8:00,22.90 ,13.380,-3921.20 
2025/8/30 9:00,24.21 ,13.780,-36023.49 
2025/8/30 10:00,25.44 ,14.190,-68914.49 
2025/8/30 11:00,26.59 ,14.640,-95922.98 
2025/8/30 12:00,27.69 ,15.180,-116947.24 
2025/8/30 13:00,28.75 ,15.850,-134152.92 
2025/8/30 14:00,29.80 ,16.710,-112092.92 
2025/8/30 15:00,30.50 ,17.440,-100559.95 
2025/8/30 16:00,30.26 ,17.420,-112838.68 
2025/8/30 17:00,29.61 ,17.180,-83680.43 
2025/8/30 18:00,28.70 ,16.840,-72175.22 
2025/8/30 19:00,27.65 ,16.520,-48375.41 
2025/8/30 20:00,26.60 ,16.320,-37897.70 
2025/8/30 21:00,25.65 ,16.320,-24822.13 
2025/8/30 22:00,24.84 ,16.480,-13824.70 
2025/8/30 23:00,24.19 ,16.740,-7278.52 
2025/8/31 0:00,23.71 ,17.140,-4235.28 
2025/8/31 1:00,23.40 ,17.520,-2739.16 
2025/8/31 2:00,23.30 ,17.920,-2134.75 
2025/8/31 3:00,23.32 ,18.230,-2046.81 
2025/8/31 4:00,23.38 ,18.360,-1523.10 
2025/8/31 5:00,23.48 ,18.360,-954.06 
2025/8/31 6:00,23.60 ,18.250,-628.53 
2025/8/31 7:00,23.74 ,18.060,-684.17 
2025/8/31 8:00,23.90 ,17.810,-7815.48 
2025/8/31 9:00,24.08 ,17.550,-12869.60 
2025/8/31 10:00,24.31 ,17.340,-16983.86 
2025/8/31 11:00,24.63 ,17.260,-23192.99 
2025/8/31 12:00,25.09 ,17.400,-29606.93 
2025/8/31 13:00,25.73 ,17.840,-36031.80 
2025/8/31 14:00,26.60 ,18.700,-42822.43 
2025/8/31 15:00,27.60 ,19.950,-49604.74 
2025/8/31 16:00,28.10 ,20.820,-51293.39 
2025/8/31 17:00,27.85 ,20.890,-45436.80 
2025/8/31 18:00,27.24 ,20.550,-35717.91 
2025/8/31 19:00,26.46 ,20.010,-25406.54 
2025/8/31 20:00,25.70 ,19.460,-42018.72 
2025/8/31 21:00,25.12 ,19.060,-8720.89 
2025/8/31 22:00,24.71 ,18.800,-3067.68 
2025/8/31 23:00,24.41 ,18.630,-1417.23 
2025/9/1 0:00,24.17 ,18.580,-83.28 
2025/9/1 1:00,23.91 ,18.470,-62.85 
2025/9/1 2:00,23.60 ,18.330,0.00 
2025/9/1 3:00,23.21 ,18.130,0.00 
2025/9/1 4:00,22.85 ,17.940,0.00 
2025/9/1 5:00,22.70 ,17.860,0.00 
2025/9/1 6:00,23.06 ,18.150,0.00 
2025/9/1 7:00,23.97 ,18.780,0.00 
2025/9/1 8:00,25.20 ,19.370,-25735.27 
2025/9/1 9:00,26.56 ,19.560,-78895.53 
2025/9/1 10:00,27.98 ,19.330,-77787.11 
2025/9/1 11:00,29.46 ,18.800,-86465.11 
2025/9/1 12:00,30.96 ,18.170,-102224.60 
2025/9/1 13:00,32.49 ,17.750,-114589.51 
2025/9/1 14:00,34.00 ,17.950,-123619.63 
2025/9/1 15:00,35.00 ,18.670,-184403.12 
2025/9/1 16:00,34.58 ,18.880,-140131.12 
2025/9/1 17:00,33.50 ,19.000,-141747.18 
2025/9/1 18:00,32.05 ,18.980,-119973.65 
2025/9/1 19:00,30.49 ,18.800,-77111.99 
2025/9/1 20:00,29.10 ,18.570,-89212.32 
2025/9/1 21:00,28.10 ,18.410,-72474.51 
2025/9/1 22:00,27.46 ,18.270,-60087.12 
2025/9/1 23:00,27.06 ,18.100,-50041.51 
2025/9/2 0:00,26.82 ,17.610,-42039.17 
2025/9/2 1:00,26.63 ,17.040,-28031.87 
2025/9/2 2:00,26.40 ,16.110,-23643.60 
2025/9/2 3:00,26.06 ,14.810,-18466.25 
2025/9/2 4:00,25.71 ,13.340,-13257.85 
2025/9/2 5:00,25.50 ,11.910,-9409.75 
2025/9/2 6:00,25.57 ,10.690,-9118.62 
2025/9/2 7:00,26.06 ,9.790,-19035.25 
2025/9/2 8:00,27.10 ,9.330,-32447.78 
2025/9/2 9:00,28.71 ,9.360,-50383.98 
2025/9/2 10:00,30.37 ,9.660,-69220.01 
2025/9/2 11:00,31.42 ,9.880,-84457.79 
2025/9/2 12:00,31.20 ,9.650,-91654.49 
2025/9/2 13:00,29.58 ,8.900,-88806.73 
2025/9/2 14:00,28.50 ,8.630,-82361.43 
2025/9/2 15:00,28.20 ,8.900,-74966.87 
2025/9/2 16:00,27.39 ,9.050,-62889.91 
2025/9/2 17:00,26.23 ,9.130,-47073.17 
2025/9/2 18:00,24.87 ,9.200,-30378.40 
2025/9/2 19:00,23.44 ,9.350,-14221.20 
2025/9/2 20:00,22.10 ,9.620,-1658.33 
2025/9/2 21:00,20.97 ,10.070,-179.57 
2025/9/2 22:00,20.05 ,10.630,-65.55 
2025/9/2 23:00,19.32 ,11.210,-15.89 
2025/9/3 0:00,18.75 ,11.630,0.00 
2025/9/3 1:00,18.32 ,12.040,0.00 
2025/9/3 2:00,18.00 ,12.250,0.00 
2025/9/3 3:00,17.78 ,12.210,0.00 
2025/9/3 4:00,17.64 ,11.980,0.00 
2025/9/3 5:00,17.60 ,11.610,0.00 
2025/9/3 6:00,17.81 ,11.290,0.00 
2025/9/3 7:00,18.29 ,11.050,0.00 
2025/9/3 8:00,18.80 ,10.800,0.00 
2025/9/3 9:00,19.17 ,10.450,0.00 
2025/9/3 10:00,19.42 ,10.090,0.00 
2025/9/3 11:00,19.64 ,9.800,0.00 
2025/9/3 12:00,19.91 ,9.670,0.00 
2025/9/3 13:00,20.30 ,9.800,0.00 
2025/9/3 14:00,20.90 ,10.270,0.00 
2025/9/3 15:00,21.72 ,11.160,0.00 
2025/9/3 16:00,22.47 ,12.240,0.00 
2025/9/3 17:00,22.80 ,13.140,0.00 
2025/9/3 18:00,22.20 ,13.270,0.00 
2025/9/3 19:00,20.84 ,12.650,0.00 
2025/9/3 20:00,19.40 ,11.800,0.00 
2025/9/3 21:00,18.43 ,11.100,0.00 
2025/9/3 22:00,17.98 ,10.650,0.00 
2025/9/3 23:00,17.98 ,10.430,0.00 
2025/9/4 0:00,18.35 ,10.450,0.00 
2025/9/4 1:00,19.01 ,10.770,0.00 
2025/9/4 2:00,19.90 ,11.430,0.00 
2025/9/4 3:00,20.88 ,12.450,0.00 
2025/9/4 4:00,21.61 ,13.530,0.00 
2025/9/4 5:00,21.70 ,14.170,0.00 
2025/9/4 6:00,20.94 ,13.980,0.00 
2025/9/4 7:00,19.91 ,13.380,0.00 
2025/9/4 8:00,19.40 ,12.950,0.00 
2025/9/4 9:00,19.35 ,12.580,0.00 
2025/9/4 10:00,19.22 ,11.900,0.00 
2025/9/4 11:00,19.05 ,11.100,0.00 
2025/9/4 12:00,18.88 ,10.330,0.00 
2025/9/4 13:00,18.75 ,9.750,0.00 
2025/9/4 14:00,18.70 ,9.490,0.00 
2025/9/4 15:00,18.44 ,9.450,0.00 
2025/9/4 16:00,17.82 ,9.480,0.00 
2025/9/4 17:00,17.09 ,9.590,0.00 
2025/9/4 18:00,16.47 ,9.830,0.00 
2025/9/4 19:00,16.20 ,10.260,0.00 
2025/9/4 20:00,16.40 ,10.920,-74.41 
2025/9/4 21:00,16.74 ,11.550,-209.12 
2025/9/4 22:00,17.03 ,12.000,-311.27 
2025/9/4 23:00,17.15 ,12.190,-366.47 
2025/9/5 0:00,16.98 ,12.020,-4198.69 
2025/9/5 1:00,16.41 ,11.470,-3060.31 
2025/9/5 2:00,15.30 ,10.490,-3582.40 
2025/9/5 3:00,13.69 ,9.240,0.00 
2025/9/5 4:00,12.17 ,8.110,0.00 
2025/9/5 5:00,11.50 ,7.470,0.00 
2025/9/5 6:00,12.46 ,7.580,0.00 
2025/9/5 7:00,14.75 ,8.250,0.00 
2025/9/5 8:00,17.50 ,9.030,0.00 
2025/9/5 9:00,19.97 ,9.430,0.00 
2025/9/5 10:00,22.07 ,9.370,-6709.51 
2025/9/5 11:00,23.85 ,8.950,-36093.59 
2025/9/5 12:00,25.36 ,8.400,-58840.18 
2025/9/5 13:00,26.66 ,7.960,-80298.75 
2025/9/5 14:00,27.80 ,7.960,-60313.41 
2025/9/5 15:00,28.50 ,8.510,-79814.02 
2025/9/5 16:00,27.99 ,9.110,-76536.71 
2025/9/5 17:00,26.70 ,9.650,-60418.69 
2025/9/5 18:00,24.95 ,10.010,-36947.05 
2025/9/5 19:00,23.07 ,10.190,-8805.26 
2025/9/5 20:00,21.40 ,10.260,-91.96 
2025/9/5 21:00,20.18 ,10.350,0.00 
2025/9/5 22:00,19.34 ,10.460,0.00 
2025/9/5 23:00,18.69 ,10.520,0.00 
2025/9/6 0:00,18.08 ,10.500,0.00 
2025/9/6 1:00,17.34 ,10.230,0.00 
2025/9/6 2:00,16.30 ,9.690,0.00 
2025/9/6 3:00,14.92 ,8.880,0.00 
2025/9/6 4:00,13.65 ,8.120,0.00 
2025/9/6 5:00,13.10 ,7.660,0.00 
2025/9/6 6:00,14.19 ,7.920,0.00 
2025/9/6 7:00,16.74 ,8.790,0.00 
2025/9/6 8:00,19.70 ,9.690,0.00 
2025/9/6 9:00,22.20 ,9.930,-3395.10 
2025/9/6 10:00,24.14 ,9.430,-30120.36 
2025/9/6 11:00,25.64 ,8.420,-58780.29 
2025/9/6 12:00,26.79 ,7.230,-80373.46 
2025/9/6 13:00,27.71 ,6.240,-99583.27 
2025/9/6 14:00,28.50 ,5.850,-110874.61 
2025/9/6 15:00,29.00 ,6.280,-109929.58 
2025/9/6 16:00,28.39 ,7.070,-94783.59 
2025/9/6 17:00,26.84 ,7.850,-75563.48 
2025/9/6 18:00,24.78 ,8.410,-46592.53 
2025/9/6 19:00,22.62 ,8.690,-14055.92 
2025/9/6 20:00,20.80 ,8.810,-822.21 
2025/9/6 21:00,19.62 ,8.910,0.00 
2025/9/6 22:00,18.94 ,9.040,0.00 
2025/9/6 23:00,18.54 ,9.140,0.00 
2025/9/7 0:00,18.16 ,9.160,0.00 
2025/9/7 1:00,17.56 ,8.970,0.00 
2025/9/7 2:00,16.50 ,8.520,0.00 
2025/9/7 3:00,14.91 ,7.820,0.00 
2025/9/7 4:00,13.38 ,7.190,0.00 
2025/9/7 5:00,12.70 ,6.930,0.00 
2025/9/7 6:00,13.50 ,7.260,0.00 
2025/9/7 7:00,15.38 ,8.000,0.00 
2025/9/7 8:00,17.60 ,8.760,0.00 
2025/9/7 9:00,19.55 ,9.070,-4310.78 
2025/9/7 10:00,21.21 ,8.910,-26506.04 
2025/9/7 11:00,22.70 ,8.420,-27106.66 
2025/9/7 12:00,24.15 ,7.820,-62455.05 
2025/9/7 13:00,25.67 ,7.360,-60195.79 
2025/9/7 14:00,27.40 ,7.360,-92389.84 
2025/9/7 15:00,28.70 ,7.820,-129986.58 
2025/9/7 16:00,28.34 ,8.170,-100845.53 
2025/9/7 17:00,27.39 ,8.660,-52718.39 
2025/9/7 18:00,26.09 ,9.170,-38343.48 
2025/9/7 19:00,24.65 ,9.600,-15649.37 
2025/9/7 20:00,23.30 ,9.950,-2454.08 
2025/9/7 21:00,22.21 ,10.250,-80.55 
2025/9/7 22:00,21.34 ,10.500,0.00 
2025/9/7 23:00,20.59 ,10.690,0.00 
2025/9/8 0:00,19.88 ,10.800,0.00 
2025/9/8 1:00,19.11 ,10.730,0.00 
2025/9/8 2:00,18.20 ,10.460,0.00 
2025/9/8 3:00,17.12 ,10.000,0.00 
2025/9/8 4:00,16.20 ,9.550,0.00 
2025/9/8 5:00,15.80 ,9.320,0.00 
2025/9/8 6:00,16.45 ,9.590,0.00 
2025/9/8 7:00,18.05 ,10.280,0.00 
2025/9/8 8:00,20.10 ,11.040,-148.04 
2025/9/8 9:00,22.16 ,11.510,-3057.09 
2025/9/8 10:00,24.13 ,11.610,-56812.34 
2025/9/8 11:00,25.98 ,11.430,-107451.97 
2025/9/8 12:00,27.70 ,11.150,-87015.31 
2025/9/8 13:00,29.24 ,11.030,-85876.98 
2025/9/8 14:00,30.60 ,11.440,-93541.15 
2025/9/8 15:00,31.40 ,12.450,-92741.65 
2025/9/8 16:00,30.74 ,13.250,-122447.43 
2025/9/8 17:00,29.05 ,13.670,-75894.97 
2025/9/8 18:00,26.79 ,13.680,-54988.23 
2025/9/8 19:00,24.43 ,13.400,-21884.46 
2025/9/8 20:00,22.40 ,13.100,-1911.33 
2025/9/8 21:00,21.06 ,13.020,-63.50 
2025/9/8 22:00,20.32 ,13.130,-19.61 
2025/9/8 23:00,19.98 ,13.320,0.00 
2025/9/9 0:00,19.83 ,13.430,0.00 
2025/9/9 1:00,19.67 ,13.320,0.00 
2025/9/9 2:00,19.30 ,12.810,0.00 
2025/9/9 3:00,18.62 ,11.870,0.00 
2025/9/9 4:00,17.92 ,10.810,0.00 
2025/9/9 5:00,17.60 ,9.940,0.00 
2025/9/9 6:00,18.56 ,9.790,0.00 
2025/9/9 7:00,20.77 ,10.290,0.00 
2025/9/9 8:00,23.20 ,10.820,0.00 
2025/9/9 9:00,25.03 ,10.850,-22388.77 
2025/9/9 10:00,26.29 ,10.480,-36886.74 
2025/9/9 11:00,27.21 ,9.990,-54354.10 
2025/9/9 12:00,28.05 ,9.630,-97194.07 
2025/9/9 13:00,29.03 ,9.690,-125919.80 
2025/9/9 14:00,30.40 ,10.460,-139743.92 
2025/9/9 15:00,31.60 ,11.790,-176945.33 
2025/9/9 16:00,31.23 ,12.620,-141180.83 
2025/9/9 17:00,30.24 ,13.290,-131205.07 
2025/9/9 18:00,28.87 ,13.730,-83612.26 
2025/9/9 19:00,27.32 ,13.930,-47081.65 
2025/9/9 20:00,25.80 ,13.970,-30128.22 
2025/9/9 21:00,24.49 ,13.960,-15427.00 
2025/9/9 22:00,23.41 ,13.930,-7101.41 
2025/9/9 23:00,22.51 ,13.900,-2762.20 
2025/9/10 0:00,21.78 ,13.860,-1056.23 
2025/9/10 1:00,21.19 ,13.850,-142.63 
2025/9/10 2:00,20.70 ,13.830,-10.31 
2025/9/10 3:00,20.31 ,13.800,0.00 
2025/9/10 4:00,20.07 ,13.780,0.00 
2025/9/10 5:00,20.04 ,13.810,0.00 
2025/9/10 6:00,20.31 ,13.900,0.00 
2025/9/10 7:00,20.94 ,14.070,0.00 
2025/9/10 8:00,22.00 ,14.310,0.00 
2025/9/10 9:00,23.49 ,14.570,-1821.98 
2025/9/10 10:00,25.11 ,14.610,-10785.13 
2025/9/10 11:00,26.50 ,14.230,-23800.44 
2025/9/10 12:00,27.29 ,13.340,-33348.24 
2025/9/10 13:00,27.10 ,12.000,-36174.97 
2025/9/10 14:00,25.70 ,10.450,-30608.60 
2025/9/10 15:00,23.42 ,9.160,-17678.56 
2025/9/10 16:00,21.04 ,8.340,-3685.16 
2025/9/10 17:00,19.40 ,8.140,-99.01 
2025/9/10 18:00,19.08 ,8.660,0.00 
2025/9/10 19:00,19.65 ,9.640,0.00 
2025/9/10 20:00,20.40 ,10.620,0.00 
2025/9/10 21:00,20.78 ,11.110,0.00 
2025/9/10 22:00,20.83 ,11.150,0.00 
2025/9/10 23:00,20.70 ,10.930,0.00 
2025/9/11 0:00,20.55 ,10.630,0.00 
2025/9/11 1:00,20.44 ,10.490,0.00 
2025/9/11 2:00,20.40 ,10.570,0.00 
2025/9/11 3:00,20.08 ,10.700,0.00 
2025/9/11 4:00,19.25 ,10.660,0.00 
2025/9/11 5:00,18.10 ,10.470,0.00 
2025/9/11 6:00,16.83 ,10.180,0.00 
2025/9/11 7:00,15.63 ,9.850,0.00 
2025/9/11 8:00,14.70 ,9.570,0.00 
2025/9/11 9:00,14.17 ,9.380,0.00 
2025/9/11 10:00,13.99 ,9.280,0.00 
2025/9/11 11:00,14.05 ,9.250,0.00 
2025/9/11 12:00,14.22 ,9.270,0.00 
2025/9/11 13:00,14.41 ,9.300,0.00 
2025/9/11 14:00,14.50 ,9.340,0.00 
2025/9/11 15:00,14.39 ,9.340,0.00 
2025/9/11 16:00,14.18 ,9.340,0.00 
2025/9/11 17:00,14.10 ,9.450,0.00 
2025/9/11 18:00,14.27 ,9.710,0.00 
2025/9/11 19:00,14.55 ,9.990,0.00 
2025/9/11 20:00,14.70 ,10.100,0.00 
2025/9/11 21:00,14.57 ,9.910,0.00 
2025/9/11 22:00,14.26 ,9.510,0.00 
2025/9/11 23:00,13.94 ,9.060,0.00 
2025/9/12 0:00,13.80 ,8.690,0.00 
2025/9/12 1:00,14.25 ,8.680,0.00 
2025/9/12 2:00,15.10 ,8.930,0.00 
2025/9/12 3:00,15.72 ,9.110,0.00 
2025/9/12 4:00,16.08 ,9.170,0.00 
2025/9/12 5:00,16.28 ,9.140,0.00 
2025/9/12 6:00,16.45 ,9.040,0.00 
2025/9/12 7:00,16.68 ,8.880,0.00 
2025/9/12 8:00,17.10 ,8.680,0.00 
2025/9/12 9:00,17.78 ,8.430,0.00 
2025/9/12 10:00,18.69 ,8.140,0.00 
2025/9/12 11:00,19.75 ,7.830,0.00 
2025/9/12 12:00,20.90 ,7.560,-85.57 
2025/9/12 13:00,22.07 ,7.400,-1258.48 
2025/9/12 14:00,23.20 ,7.470,-5278.42 
2025/9/12 15:00,23.90 ,7.750,-6860.28 
2025/9/12 16:00,23.64 ,7.970,-62.99 
2025/9/12 17:00,22.96 ,8.270,-5287.54 
2025/9/12 18:00,22.04 ,8.630,-1282.21 
2025/9/12 19:00,21.03 ,9.010,0.00 
2025/9/12 20:00,20.10 ,9.450,0.00 
2025/9/12 21:00,19.37 ,9.950,0.00 
2025/9/12 22:00,18.80 ,10.470,0.00 
2025/9/12 23:00,18.30 ,10.900,0.00 
2025/9/13 0:00,17.79 ,11.180,0.00 
2025/9/13 1:00,17.18 ,11.170,0.00 
2025/9/13 2:00,16.40 ,10.800,0.00 
2025/9/13 3:00,15.41 ,10.080,-295.60 
2025/9/13 4:00,14.40 ,9.180,0.00 
2025/9/13 5:00,13.62 ,8.320,0.00 
2025/9/13 6:00,13.30 ,7.610,0.00 
2025/9/13 7:00,15.04 ,7.790,0.00 
2025/9/13 8:00,18.40 ,8.630,0.00 
2025/9/13 9:00,21.13 ,8.900,0.00 
2025/9/13 10:00,22.96 ,8.440,0.00 
2025/9/13 11:00,24.13 ,7.550,-2312.21 
2025/9/13 12:00,24.87 ,6.580,-44448.80 
2025/9/13 13:00,25.42 ,5.860,-28063.99 
2025/9/13 14:00,26.00 ,5.670,-65707.79 
2025/9/13 15:00,26.50 ,6.130,-35520.93 
2025/9/13 16:00,26.17 ,6.880,-48048.40 
2025/9/13 17:00,25.32 ,7.770,-17307.19 
2025/9/13 18:00,24.10 ,8.600,-11275.31 
2025/9/13 19:00,22.70 ,9.260,-1798.12 
2025/9/13 20:00,21.30 ,9.710,0.00 
2025/9/13 21:00,20.03 ,9.990,0.00 
2025/9/13 22:00,18.90 ,10.130,0.00 
2025/9/13 23:00,17.87 ,10.160,0.00 
2025/9/14 0:00,16.90 ,10.130,0.00 
2025/9/14 1:00,15.95 ,9.990,0.00 
2025/9/14 2:00,15.00 ,9.770,0.00 
2025/9/14 3:00,14.03 ,9.480,0.00 
2025/9/14 4:00,13.17 ,9.170,0.00 
2025/9/14 5:00,12.54 ,8.880,0.00 
2025/9/14 6:00,12.30 ,8.670,0.00 
2025/9/14 7:00,13.35 ,9.010,0.00 
2025/9/14 8:00,15.60 ,9.820,0.00 
2025/9/14 9:00,17.91 ,10.320,-293.37 
2025/9/14 10:00,20.05 ,10.310,-18737.25 
2025/9/14 11:00,22.05 ,9.860,-45547.99 
2025/9/14 12:00,23.90 ,9.120,-68032.35 
2025/9/14 13:00,25.61 ,8.360,-89297.70 
2025/9/14 14:00,27.20 ,7.940,-102592.50 
2025/9/14 15:00,28.20 ,8.010,-100140.89 
2025/9/14 16:00,27.76 ,8.190,-56452.00 
2025/9/14 17:00,26.60 ,8.570,-32187.30 
2025/9/14 18:00,25.00 ,8.980,-14659.09 
2025/9/14 19:00,23.21 ,9.310,-3332.84 
2025/9/14 20:00,21.50 ,9.530,0.00 
2025/9/14 21:00,20.08 ,9.700,0.00 
2025/9/14 22:00,18.93 ,9.850,0.00 
2025/9/14 23:00,17.97 ,9.970,0.00 
2025/9/15 0:00,17.13 ,10.060,0.00 
2025/9/15 1:00,16.33 ,10.040,0.00 
2025/9/15 2:00,15.50 ,9.900,0.00 
2025/9/15 3:00,14.61 ,9.630,0.00 
2025/9/15 4:00,13.77 ,9.290,0.00 
2025/9/15 5:00,13.14 ,8.960,0.00 
2025/9/15 6:00,12.90 ,8.700,0.00 
2025/9/15 7:00,14.33 ,9.230,0.00 
2025/9/15 8:00,17.20 ,10.420,0.00 
2025/9/15 9:00,19.76 ,11.070,-2543.69 
2025/9/15 10:00,21.79 ,10.940,-32946.00 
2025/9/15 11:00,23.43 ,10.210,-61962.50 
2025/9/15 12:00,24.82 ,9.170,-50626.05 
2025/9/15 13:00,26.13 ,8.180,-90763.79 
2025/9/15 14:00,27.50 ,7.630,-115094.55 
2025/9/15 15:00,28.50 ,7.660,-115644.44 
2025/9/15 16:00,28.00 ,7.750,-74005.37 
2025/9/15 17:00,26.70 ,7.970,-71404.16 
2025/9/15 18:00,24.91 ,8.190,-38780.17 
2025/9/15 19:00,22.94 ,8.320,-11298.39 
2025/9/15 20:00,21.10 ,8.360,-69.19 
2025/9/15 21:00,19.63 ,8.390,0.00 
2025/9/15 22:00,18.48 ,8.430,0.00 
2025/9/15 23:00,17.56 ,8.460,0.00 
2025/9/16 0:00,16.74 ,8.470,0.00 
2025/9/16 1:00,15.93 ,8.420,0.00 
2025/9/16 2:00,15.00 ,8.270,0.00 
2025/9/16 3:00,13.91 ,8.010,0.00 
2025/9/16 4:00,12.84 ,7.690,0.00 
2025/9/16 5:00,12.02 ,7.410,0.00 
2025/9/16 6:00,11.70 ,7.240,0.00 
2025/9/16 7:00,13.40 ,7.900,0.00 
2025/9/16 8:00,16.80 ,9.300,0.00 
2025/9/16 9:00,19.78 ,10.160,-4240.28 
2025/9/16 10:00,22.04 ,10.150,-31830.97 
2025/9/16 11:00,23.72 ,9.450,-60078.15 
2025/9/16 12:00,25.00 ,8.390,-81696.37 
2025/9/16 13:00,26.00 ,7.400,-101342.78 
2025/9/16 14:00,26.90 ,6.920,-112313.17 
2025/9/16 15:00,27.50 ,7.160,-108463.37 
2025/9/16 16:00,27.02 ,7.710,-63229.26 
2025/9/16 17:00,25.81 ,8.330,-37907.95 
2025/9/16 18:00,24.19 ,8.840,-25616.69 
2025/9/16 19:00,22.48 ,9.140,-8190.21 
2025/9/16 20:00,21.00 ,9.260,-87.87 
2025/9/16 21:00,19.99 ,9.310,0.00 
2025/9/16 22:00,19.36 ,9.330,0.00 
2025/9/16 23:00,18.94 ,9.300,0.00 
2025/9/17 0:00,18.54 ,9.200,0.00 
2025/9/17 1:00,17.98 ,9.020,0.00 
2025/9/17 2:00,17.10 ,8.710,0.00 
2025/9/17 3:00,15.81 ,8.280,0.00 
2025/9/17 4:00,14.40 ,7.830,0.00 
2025/9/17 5:00,13.26 ,7.500,0.00 
2025/9/17 6:00,12.80 ,7.410,0.00 
2025/9/17 7:00,14.30 ,8.190,0.00 
2025/9/17 8:00,17.30 ,9.710,0.00 
2025/9/17 9:00,19.98 ,10.860,-2057.57 
2025/9/17 10:00,22.07 ,11.340,-3681.10 
2025/9/17 11:00,23.69 ,11.250,-12484.87 
2025/9/17 12:00,24.95 ,10.830,-25863.24 
2025/9/17 13:00,25.98 ,10.390,-36048.34 
2025/9/17 14:00,26.90 ,10.290,-74182.46 
2025/9/17 15:00,27.50 ,10.650,-127237.91 
2025/9/17 16:00,27.01 ,10.890,-87246.33 
2025/9/17 17:00,25.78 ,10.980,-54203.98 
2025/9/17 18:00,24.14 ,10.900,-22486.43 
2025/9/17 19:00,22.43 ,10.710,-5385.78 
2025/9/17 20:00,21.00 ,10.520,0.00 
2025/9/17 21:00,20.10 ,10.430,0.00 
2025/9/17 22:00,19.61 ,10.450,0.00 
2025/9/17 23:00,19.35 ,10.500,0.00 
2025/9/18 0:00,19.11 ,10.490,0.00 
2025/9/18 1:00,18.69 ,10.380,0.00 
2025/9/18 2:00,17.90 ,10.070,0.00 
2025/9/18 3:00,16.64 ,9.540,0.00 
2025/9/18 4:00,15.23 ,8.950,0.00 
2025/9/18 5:00,14.08 ,8.470,0.00 
2025/9/18 6:00,13.60 ,8.270,0.00 
2025/9/18 7:00,14.83 ,8.840,0.00 
2025/9/18 8:00,17.50 ,10.080,-45.12 
2025/9/18 9:00,20.29 ,11.110,-7144.91 
2025/9/18 10:00,22.85 ,11.620,-61007.82 
2025/9/18 11:00,25.05 ,11.560,-73056.64 
2025/9/18 12:00,26.77 ,10.990,-57592.69 
2025/9/18 13:00,27.90 ,10.170,-94322.08 
2025/9/18 14:00,28.30 ,9.450,-79010.82 
2025/9/18 15:00,27.94 ,9.120,-62714.58 
2025/9/18 16:00,27.02 ,9.140,-48799.54 
2025/9/18 17:00,25.81 ,9.320,-51792.73 
2025/9/18 18:00,24.56 ,9.540,-25213.89 
2025/9/18 19:00,23.54 ,9.730,-7167.62 
2025/9/18 20:00,23.00 ,9.910,-205.40 
2025/9/18 21:00,23.05 ,10.040,-59.71 
2025/9/18 22:00,23.20 ,9.910,-4.03 
2025/9/18 23:00,22.96 ,9.330,0.00 
2025/9/19 0:00,22.44 ,8.480,0.00 
2025/9/19 1:00,21.93 ,7.740,0.00 
2025/9/19 2:00,21.70 ,7.280,0.00 
2025/9/19 3:00,21.51 ,7.050,0.00 
2025/9/19 4:00,20.99 ,6.860,0.00 
2025/9/19 5:00,20.25 ,6.700,0.00 
2025/9/19 6:00,19.36 ,6.570,0.00 
2025/9/19 7:00,18.41 ,6.450,0.00 
2025/9/19 8:00,17.50 ,6.350,0.00 
2025/9/19 9:00,16.70 ,6.270,0.00 
2025/9/19 10:00,16.03 ,6.230,0.00 
2025/9/19 11:00,15.50 ,6.250,0.00 
2025/9/19 12:00,15.12 ,6.360,0.00 
2025/9/19 13:00,14.88 ,6.580,0.00 
2025/9/19 14:00,14.80 ,6.920,0.00 
2025/9/19 15:00,14.52 ,7.240,0.00 
2025/9/19 16:00,13.89 ,7.420,0.00 
2025/9/19 17:00,13.21 ,7.570,0.00 
2025/9/19 18:00,12.80 ,7.800,0.00 
2025/9/19 19:00,12.84 ,8.200,0.00 
2025/9/19 20:00,13.00 ,8.600,0.00 
2025/9/19 21:00,12.97 ,8.790,0.00 
2025/9/19 22:00,12.90 ,8.870,0.00 
2025/9/19 23:00,12.96 ,8.970,0.00 
2025/9/20 0:00,13.11 ,9.120,0.00 
2025/9/20 1:00,13.27 ,9.270,0.00 
2025/9/20 2:00,13.40 ,9.430,0.00 
2025/9/20 3:00,13.45 ,9.460,0.00 
2025/9/20 4:00,13.46 ,9.550,0.00 
2025/9/20 5:00,13.49 ,9.680,0.00 
2025/9/20 6:00,13.60 ,9.540,0.00 
2025/9/20 7:00,13.85 ,9.770,0.00 
2025/9/20 8:00,14.30 ,9.910,0.00 
2025/9/20 9:00,14.99 ,9.700,0.00 
2025/9/20 10:00,15.91 ,9.390,-5934.77 
2025/9/20 11:00,17.01 ,9.040,-651.24 
2025/9/20 12:00,18.27 ,8.730,0.00 
2025/9/20 13:00,19.64 ,8.580,-925.20 
2025/9/20 14:00,21.10 ,8.770,-3055.56 
2025/9/20 15:00,22.10 ,9.220,-3349.91 
2025/9/20 16:00,21.77 ,9.410,-1955.67 
2025/9/20 17:00,20.92 ,9.610,-39607.97 
2025/9/20 18:00,19.73 ,9.750,-8106.81 
2025/9/20 19:00,18.40 ,9.800,0.00 
2025/9/20 20:00,17.10 ,9.770,0.00 
2025/9/20 21:00,16.00 ,9.710,0.00 
2025/9/20 22:00,15.07 ,9.620,0.00 
2025/9/20 23:00,14.28 ,9.500,0.00 
2025/9/21 0:00,13.57 ,9.350,0.00 
2025/9/21 1:00,12.89 ,9.120,0.00 
2025/9/21 2:00,12.20 ,8.810,0.00 
2025/9/21 3:00,11.47 ,8.430,0.00 
2025/9/21 4:00,10.79 ,8.000,0.00 
2025/9/21 5:00,10.29 ,7.590,0.00 
2025/9/21 6:00,10.10 ,7.210,0.00 
2025/9/21 7:00,11.95 ,7.680,0.00 
2025/9/21 8:00,15.60 ,8.890,0.00 
2025/9/21 9:00,18.68 ,9.450,-1865.70 
2025/9/21 10:00,20.90 ,9.070,-3872.82 
2025/9/21 11:00,22.53 ,8.050,-11152.45 
2025/9/21 12:00,23.79 ,6.780,-65577.50 
2025/9/21 13:00,24.93 ,5.720,-55473.27 
2025/9/21 14:00,26.20 ,5.300,-98366.77 
2025/9/21 15:00,27.20 ,5.740,-113808.10 
2025/9/21 16:00,26.63 ,6.440,-98955.84 
2025/9/21 17:00,25.18 ,7.160,-51196.44 
2025/9/21 18:00,23.26 ,7.620,-20749.08 
2025/9/21 19:00,21.30 ,7.750,-3801.52 
2025/9/21 20:00,19.70 ,7.610,0.00 
2025/9/21 21:00,18.77 ,7.310,0.00 
2025/9/21 22:00,18.38 ,6.900,0.00 
2025/9/21 23:00,18.29 ,6.400,0.00 
2025/9/22 0:00,18.29 ,5.830,0.00 
2025/9/22 1:00,18.14 ,5.180,0.00 
2025/9/22 2:00,17.60 ,4.530,0.00 
2025/9/22 3:00,16.55 ,3.960,0.00 
2025/9/22 4:00,15.30 ,3.530,0.00 
2025/9/22 5:00,14.24 ,3.250,0.00 
2025/9/22 6:00,13.80 ,3.130,0.00 
2025/9/22 7:00,15.63 ,3.470,0.00 
2025/9/22 8:00,19.20 ,4.170,0.00 
2025/9/22 9:00,22.16 ,4.610,-4235.66 
2025/9/22 10:00,24.22 ,4.650,-37699.07 
2025/9/22 11:00,25.63 ,4.400,-68246.44 
2025/9/22 12:00,26.62 ,4.080,-90686.57 
2025/9/22 13:00,27.43 ,3.900,-111457.53 
2025/9/22 14:00,28.30 ,4.090,-123639.52 
2025/9/22 15:00,29.00 ,4.760,-123271.45 
2025/9/22 16:00,28.44 ,5.470,-109026.90 
2025/9/22 17:00,27.05 ,6.050,-89595.93 
2025/9/22 18:00,25.20 ,6.400,-40425.28 
2025/9/22 19:00,23.32 ,6.540,-14297.86 
2025/9/22 20:00,21.80 ,6.560,-1543.82 
2025/9/22 21:00,20.93 ,6.570,-26.11 
2025/9/22 22:00,20.57 ,6.600,0.00 
2025/9/22 23:00,20.47 ,6.600,0.00 
2025/9/23 0:00,20.37 ,6.560,0.00 
2025/9/23 1:00,20.03 ,6.370,0.00 
2025/9/23 2:00,19.20 ,6.020,0.00 
2025/9/23 3:00,17.75 ,5.530,0.00 
2025/9/23 4:00,16.07 ,5.020,0.00 
2025/9/23 5:00,14.68 ,4.620,0.00 
2025/9/23 6:00,14.10 ,4.420,0.00 
2025/9/23 7:00,16.49 ,5.020,0.00 
2025/9/23 8:00,21.10 ,6.310,-885.63 
2025/9/23 9:00,24.75 ,7.090,-26545.90 
2025/9/23 10:00,27.11 ,7.030,-33848.68 
2025/9/23 11:00,28.52 ,6.380,-83435.74 
2025/9/23 12:00,29.35 ,5.510,-132514.34 
2025/9/23 13:00,29.96 ,4.840,-147886.64 
2025/9/23 14:00,30.70 ,4.720,-112714.03 
2025/9/23 15:00,31.40 ,5.330,-137395.09 
2025/9/23 16:00,30.83 ,6.200,-146963.29 
2025/9/23 17:00,29.33 ,7.090,-125891.27 
2025/9/23 18:00,27.25 ,7.810,-63083.36 
2025/9/23 19:00,24.93 ,8.280,-29068.82 
2025/9/23 20:00,22.70 ,8.550,-8113.76 
2025/9/23 21:00,20.83 ,8.750,-1002.85 
2025/9/23 22:00,19.31 ,8.910,-12.41 
2025/9/23 23:00,18.05 ,9.000,0.00 
2025/9/24 0:00,16.95 ,9.010,0.00 
2025/9/24 1:00,15.93 ,8.880,0.00 
2025/9/24 2:00,14.90 ,8.570,0.00 
2025/9/24 3:00,13.82 ,8.090,0.00 
2025/9/24 4:00,12.82 ,7.540,0.00 
2025/9/24 5:00,12.08 ,7.030,0.00 
2025/9/24 6:00,11.80 ,6.640,0.00 
2025/9/24 7:00,13.71 ,7.130,0.00 
2025/9/24 8:00,17.40 ,8.420,0.00 
2025/9/24 9:00,20.36 ,9.250,-4250.72 
2025/9/24 10:00,22.37 ,9.410,-33823.91 
2025/9/24 11:00,23.77 ,9.160,-58351.85 
2025/9/24 12:00,24.93 ,8.840,-79826.63 
2025/9/24 13:00,26.19 ,8.830,-99929.55 
2025/9/24 14:00,27.90 ,9.530,-114588.98 
2025/9/24 15:00,29.40 ,10.850,-114786.10 
2025/9/24 16:00,28.79 ,11.460,-103606.00 
2025/9/24 17:00,27.24 ,11.700,-76099.26 
2025/9/24 18:00,25.12 ,11.570,-30635.14 
2025/9/24 19:00,22.85 ,11.200,-11872.59 
2025/9/24 20:00,20.80 ,10.760,-4298.54 
2025/9/24 21:00,19.29 ,10.440,-1275.43 
2025/9/24 22:00,18.25 ,10.260,-263.37 
2025/9/24 23:00,17.53 ,10.170,-24.39 
2025/9/25 0:00,17.00 ,10.120,0.00 
2025/9/25 1:00,16.51 ,10.070,0.00 
2025/9/25 2:00,15.90 ,9.950,0.00 
2025/9/25 3:00,15.09 ,9.720,0.00 
2025/9/25 4:00,14.24 ,9.440,0.00 
2025/9/25 5:00,13.57 ,9.200,0.00 
2025/9/25 6:00,13.30 ,9.070,0.00 
2025/9/25 7:00,14.42 ,9.630,0.00 
2025/9/25 8:00,16.70 ,10.720,0.00 
2025/9/25 9:00,18.79 ,11.400,-4608.77 
2025/9/25 10:00,20.52 ,11.490,-2972.15 
2025/9/25 11:00,21.99 ,11.180,-6232.36 
2025/9/25 12:00,23.33 ,10.740,-65832.10 
2025/9/25 13:00,24.62 ,10.500,-103368.82 
2025/9/25 14:00,26.00 ,10.870,-62173.67 
2025/9/25 15:00,27.00 ,11.880,-45320.88 
2025/9/25 16:00,26.42 ,12.500,-35178.07 
2025/9/25 17:00,24.95 ,12.790,-22231.59 
2025/9/25 18:00,22.99 ,12.700,-4776.90 
2025/9/25 19:00,20.94 ,12.330,-598.51 
2025/9/25 20:00,19.20 ,11.870,-28.35 
2025/9/25 21:00,18.07 ,11.500,0.00 
2025/9/25 22:00,17.47 ,11.240,0.00 
2025/9/25 23:00,17.22 ,11.050,0.00 
2025/9/26 0:00,17.13 ,10.870,0.00 
2025/9/26 1:00,17.01 ,10.650,0.00 
2025/9/26 2:00,16.70 ,10.340,0.00 
2025/9/26 3:00,16.07 ,9.930,0.00 
2025/9/26 4:00,15.31 ,9.500,0.00 
2025/9/26 5:00,14.67 ,9.130,0.00 
2025/9/26 6:00,14.40 ,8.920,0.00 
2025/9/26 7:00,15.19 ,9.210,0.00 
2025/9/26 8:00,17.00 ,9.920,0.00 
2025/9/26 9:00,19.08 ,10.540,0.00 
2025/9/26 10:00,21.19 ,10.890,-14087.81 
2025/9/26 11:00,23.17 ,10.910,-12517.24 
2025/9/26 12:00,24.89 ,10.630,-16604.16 
2025/9/26 13:00,26.22 ,10.160,-71027.62 
2025/9/26 14:00,27.00 ,9.700,-94517.38 
2025/9/26 15:00,27.20 ,9.480,-91804.11 
2025/9/26 16:00,26.90 ,9.540,-78361.97 
2025/9/26 17:00,26.09 ,9.730,-36751.75 
2025/9/26 18:00,24.94 ,9.960,-11009.01 
2025/9/26 19:00,23.59 ,10.170,-3461.16 
2025/9/26 20:00,22.20 ,10.330,-731.84 
2025/9/26 21:00,20.90 ,10.450,-77.13 
2025/9/26 22:00,19.71 ,10.510,0.00 
2025/9/26 23:00,18.63 ,10.530,0.00 
2025/9/27 0:00,17.65 ,10.520,0.00 
2025/9/27 1:00,16.78 ,10.430,0.00 
2025/9/27 2:00,16.00 ,10.270,0.00 
2025/9/27 3:00,15.32 ,10.050,0.00 
2025/9/27 4:00,14.78 ,9.800,0.00 
2025/9/27 5:00,14.43 ,9.560,0.00 
2025/9/27 6:00,14.30 ,9.350,0.00 
2025/9/27 7:00,14.67 ,9.340,0.00 
2025/9/27 8:00,15.40 ,9.420,0.00 
2025/9/27 9:00,16.05 ,9.320,-258.08 
2025/9/27 10:00,16.63 ,9.060,0.00 
2025/9/27 11:00,17.28 ,8.760,-19946.88 
2025/9/27 12:00,18.14 ,8.550,-7390.33 
2025/9/27 13:00,19.33 ,8.520,-2378.24 
2025/9/27 14:00,21.00 ,8.820,-5015.23 
2025/9/27 15:00,22.40 ,9.110,-42020.12 
2025/9/27 16:00,22.04 ,8.600,-43752.52 
2025/9/27 17:00,21.13 ,7.970,-9167.06 
2025/9/27 18:00,19.91 ,7.350,0.00 
2025/9/27 19:00,18.62 ,6.810,0.00 
2025/9/27 20:00,17.50 ,6.430,0.00 
2025/9/27 21:00,16.74 ,6.240,0.00 
2025/9/27 22:00,16.31 ,6.190,0.00 
2025/9/27 23:00,16.09 ,6.240,0.00 
2025/9/28 0:00,16.00 ,6.330,0.00 
2025/9/28 1:00,15.94 ,6.460,0.00 
2025/9/28 2:00,15.80 ,6.550,0.00 
2025/9/28 3:00,15.53 ,6.570,0.00 
2025/9/28 4:00,15.20 ,6.550,0.00 
2025/9/28 5:00,14.92 ,6.520,0.00 
2025/9/28 6:00,14.80 ,6.520,0.00 
2025/9/28 7:00,15.67 ,6.900,0.00 
2025/9/28 8:00,17.40 ,7.640,0.00 
2025/9/28 9:00,18.87 ,8.220,0.00 
2025/9/28 10:00,19.94 ,8.560,0.00 
2025/9/28 11:00,20.66 ,8.710,-453.06 
2025/9/28 12:00,21.13 ,8.760,0.00 
2025/9/28 13:00,21.42 ,8.810,-9828.70 
2025/9/28 14:00,21.60 ,8.960,-497.17 
2025/9/28 15:00,21.70 ,9.260,-8886.07 
2025/9/28 16:00,21.40 ,9.500,-9460.98 
2025/9/28 17:00,20.65 ,9.570,-9377.29 
2025/9/28 18:00,19.61 ,9.520,0.00 
2025/9/28 19:00,18.50 ,9.420,0.00 
2025/9/28 20:00,17.50 ,9.350,0.00 
2025/9/28 21:00,16.75 ,9.360,0.00 
2025/9/28 22:00,16.22 ,9.430,0.00 
2025/9/28 23:00,15.83 ,9.480,0.00 
2025/9/29 0:00,15.48 ,9.450,0.00 
2025/9/29 1:00,15.10 ,9.280,0.00 
2025/9/29 2:00,14.60 ,8.910,0.00 
2025/9/29 3:00,13.94 ,8.320,0.00 
2025/9/29 4:00,13.26 ,7.630,0.00 
2025/9/29 5:00,12.72 ,6.950,0.00 
2025/9/29 6:00,12.50 ,6.370,0.00 
2025/9/29 7:00,14.77 ,6.780,0.00 
2025/9/29 8:00,19.10 ,8.080,0.00 
2025/9/29 9:00,22.46 ,8.860,0.00 
2025/9/29 10:00,24.52 ,8.870,-19105.96 
2025/9/29 11:00,25.63 ,8.380,-53295.68 
2025/9/29 12:00,26.13 ,7.770,-37870.27 
2025/9/29 13:00,26.37 ,7.380,-75814.37 
2025/9/29 14:00,26.70 ,7.500,-54390.30 
2025/9/29 15:00,27.10 ,8.220,-38788.82 
2025/9/29 16:00,26.61 ,8.960,-62582.77 
2025/9/29 17:00,25.34 ,9.500,-93710.02 
2025/9/29 18:00,23.60 ,9.770,-22654.75 
2025/9/29 19:00,21.72 ,9.820,-1942.92 
2025/9/29 20:00,20.00 ,9.750,0.00 
2025/9/29 21:00,18.69 ,9.690,0.00 
2025/9/29 22:00,17.73 ,9.680,0.00 
2025/9/29 23:00,16.99 ,9.690,0.00 
2025/9/30 0:00,16.36 ,9.720,0.00 
2025/9/30 1:00,15.71 ,9.650,0.00 
2025/9/30 2:00,14.90 ,9.460,0.00 
2025/9/30 3:00,13.88 ,9.130,0.00 
2025/9/30 4:00,12.84 ,8.760,0.00 
2025/9/30 5:00,12.03 ,8.430,0.00 
2025/9/30 6:00,11.70 ,8.270,0.00 
2025/9/30 7:00,12.96 ,8.820,0.00 
2025/9/30 8:00,15.50 ,9.950,0.00 
2025/9/30 9:00,17.76 ,10.620,-102.29 
2025/9/30 10:00,19.58 ,10.640,-18005.95 
2025/9/30 11:00,21.12 ,10.200,-41677.78 
2025/9/30 12:00,22.54 ,9.560,-62187.94 
2025/9/30 13:00,24.01 ,9.040,-39375.76 
2025/9/30 14:00,25.70 ,9.010,-74398.28 
2025/9/30 15:00,27.00 ,9.450,-50312.58 
2025/9/30 16:00,26.61 ,9.630,-61319.29 
2025/9/30 17:00,25.58 ,9.910,-48379.33 
2025/9/30 18:00,24.10 ,10.140,-11574.33 
2025/9/30 19:00,22.37 ,10.240,-1309.35 
2025/9/30 20:00,20.60 ,10.180,-131.21 
2025/9/30 21:00,18.95 ,10.000,0.00 
2025/9/30 22:00,17.48 ,9.760,0.00 
2025/9/30 23:00,16.20 ,9.520,0.00 
2025/10/1 0:00,15.13 ,9.220,0.00 
2025/10/1 1:00,14.29 ,9.060,0.00 
2025/10/1 2:00,13.70 ,8.970,0.00 
2025/10/1 3:00,13.36 ,8.960,0.00 
2025/10/1 4:00,13.22 ,9.000,0.00 
2025/10/1 5:00,13.19 ,9.030,0.00 
2025/10/1 6:00,13.20 ,9.020,0.00 
2025/10/1 7:00,13.54 ,9.140,0.00 
2025/10/1 8:00,14.30 ,9.430,0.00 
2025/10/1 9:00,15.19 ,9.720,0.00 
2025/10/1 10:00,16.14 ,9.930,-13544.26 
2025/10/1 11:00,17.15 ,10.050,-3019.83 
2025/10/1 12:00,18.22 ,10.030,-118.71 
2025/10/1 13:00,19.33 ,9.830,-3439.02 
2025/10/1 14:00,20.50 ,9.410,-66077.19 
2025/10/1 15:00,21.30 ,8.490,-83913.55 
2025/10/1 16:00,21.03 ,6.890,-24703.18 
2025/10/1 17:00,20.33 ,5.220,-6020.47 
2025/10/1 18:00,19.36 ,3.740,0.00 
2025/10/1 19:00,18.30 ,2.590,0.00 
2025/10/1 20:00,17.30 ,1.840,0.00 
2025/10/1 21:00,16.50 ,1.480,0.00 
2025/10/1 22:00,15.85 ,1.420,0.00 
2025/10/1 23:00,15.28 ,1.540,0.00 
2025/10/2 0:00,14.70 ,1.760,0.00 
2025/10/2 1:00,14.04 ,2.020,0.00 
2025/10/2 2:00,13.20 ,2.250,0.00 
2025/10/2 3:00,12.17 ,2.380,0.00 
2025/10/2 4:00,11.13 ,2.430,0.00 
2025/10/2 5:00,10.32 ,2.450,0.00 
2025/10/2 6:00,10.00 ,2.490,0.00 
2025/10/2 7:00,10.54 ,2.590,0.00 
2025/10/2 8:00,11.70 ,2.720,0.00 
2025/10/2 9:00,12.90 ,2.750,-429.90 
2025/10/2 10:00,14.05 ,2.700,-20936.03 
2025/10/2 11:00,15.14 ,2.620,-49180.28 
2025/10/2 12:00,16.21 ,2.580,-70436.40 
2025/10/2 13:00,17.26 ,2.660,-88067.62 
2025/10/2 14:00,18.30 ,2.990,-101336.61 
2025/10/2 15:00,19.00 ,3.580,-100707.97 
2025/10/2 16:00,18.60 ,4.140,-88522.31 
2025/10/2 17:00,17.51 ,4.550,-62933.36 
2025/10/2 18:00,15.92 ,4.700,-9884.95 
2025/10/2 19:00,13.99 ,4.550,-282.93 
2025/10/2 20:00,11.90 ,4.140,0.00 
2025/10/2 21:00,9.97 ,3.580,0.00 
2025/10/2 22:00,9.10 ,3.170,0.00 
2025/10/2 23:00,9.48 ,2.950,0.00 
2025/10/3 0:00,10.37 ,2.790,0.00 
2025/10/3 1:00,11.43 ,2.680,0.00 
2025/10/3 2:00,12.30 ,2.650,0.00 
2025/10/3 3:00,12.71 ,2.710,0.00 
2025/10/3 4:00,12.73 ,2.860,0.00 
2025/10/3 5:00,12.53 ,3.040,0.00 
2025/10/3 6:00,12.29 ,3.220,0.00 
2025/10/3 7:00,12.15 ,3.360,0.00 
2025/10/3 8:00,12.30 ,3.440,0.00 
2025/10/3 9:00,12.85 ,3.440,-487.56 
2025/10/3 10:00,13.74 ,3.360,-19929.69 
2025/10/3 11:00,14.88 ,3.240,-47193.47 
2025/10/3 12:00,16.17 ,3.110,-68211.19 
2025/10/3 13:00,17.51 ,3.020,-86739.26 
2025/10/3 14:00,18.80 ,3.080,-100447.90 
2025/10/3 15:00,19.60 ,3.310,-100272.63 
2025/10/3 16:00,19.20 ,3.540,-88553.62 
2025/10/3 17:00,18.15 ,3.800,-62482.50 
2025/10/3 18:00,16.71 ,4.040,-10866.52 
2025/10/3 19:00,15.11 ,4.240,-634.98 
2025/10/3 20:00,13.60 ,4.430,-108.96 
2025/10/3 21:00,12.37 ,4.630,0.00 
2025/10/3 22:00,11.39 ,4.840,0.00 
2025/10/3 23:00,10.58 ,5.030,0.00 
2025/10/4 0:00,9.87 ,5.220,0.00 
2025/10/4 1:00,9.17 ,5.300,0.00 
2025/10/4 2:00,8.40 ,5.280,0.00 
2025/10/4 3:00,7.53 ,5.140,0.00 
2025/10/4 4:00,6.69 ,4.950,0.00 
2025/10/4 5:00,6.05 ,4.760,0.00 
2025/10/4 6:00,5.80 ,4.640,0.00 
2025/10/4 7:00,6.96 ,4.910,0.00 
2025/10/4 8:00,9.30 ,5.540,0.00 
2025/10/4 9:00,11.38 ,6.020,0.00 
2025/10/4 10:00,12.97 ,6.240,0.00 
2025/10/4 11:00,14.14 ,6.230,0.00 
2025/10/4 12:00,14.94 ,6.080,0.00 
2025/10/4 13:00,15.44 ,5.890,0.00 
2025/10/4 14:00,15.70 ,5.780,0.00 
2025/10/4 15:00,15.79 ,5.820,0.00 
2025/10/4 16:00,15.80 ,6.030,0.00 
2025/10/4 17:00,15.58 ,6.320,0.00 
2025/10/4 18:00,15.02 ,6.560,0.00 
2025/10/4 19:00,14.22 ,6.740,0.00 
2025/10/4 20:00,13.30 ,6.860,0.00 
2025/10/4 21:00,12.37 ,6.940,0.00 
2025/10/4 22:00,11.48 ,6.970,0.00 
2025/10/4 23:00,10.66 ,6.980,0.00 
2025/10/5 0:00,9.93 ,6.990,0.00 
2025/10/5 1:00,9.33 ,6.960,0.00 
2025/10/5 2:00,8.90 ,6.920,0.00 
2025/10/5 3:00,8.64 ,6.890,0.00 
2025/10/5 4:00,8.53 ,6.850,0.00 
2025/10/5 5:00,8.50 ,6.780,0.00 
2025/10/5 6:00,8.50 ,6.670,0.00 
2025/10/5 7:00,8.96 ,6.720,0.00 
2025/10/5 8:00,9.90 ,6.950,0.00 
2025/10/5 9:00,10.76 ,7.100,0.00 
2025/10/5 10:00,11.47 ,7.150,0.00 
2025/10/5 11:00,12.08 ,7.160,0.00 
2025/10/5 12:00,12.62 ,7.170,0.00 
2025/10/5 13:00,13.15 ,7.250,0.00 
2025/10/5 14:00,13.70 ,7.460,0.00 
2025/10/5 15:00,14.10 ,7.740,0.00 
2025/10/5 16:00,13.88 ,7.830,0.00 
2025/10/5 17:00,13.35 ,7.810,0.00 
2025/10/5 18:00,12.66 ,7.720,0.00 
2025/10/5 19:00,11.98 ,7.630,0.00 
2025/10/5 20:00,11.50 ,7.570,0.00 
2025/10/5 21:00,11.32 ,7.580,0.00 
2025/10/5 22:00,11.38 ,7.660,0.00 
2025/10/5 23:00,11.56 ,7.770,0.00 
2025/10/6 0:00,11.74 ,7.920,0.00 
2025/10/6 1:00,11.79 ,7.990,0.00 
2025/10/6 2:00,11.60 ,8.000,0.00 
2025/10/6 3:00,11.11 ,7.870,0.00 
2025/10/6 4:00,10.47 ,7.730,0.00 
2025/10/6 5:00,9.93 ,7.610,0.00 
2025/10/6 6:00,9.70 ,7.530,0.00 
2025/10/6 7:00,10.02 ,7.690,0.00 
2025/10/6 8:00,10.90 ,7.960,0.00 
2025/10/6 9:00,12.22 ,8.200,0.00 
2025/10/6 10:00,13.87 ,8.390,0.00 
2025/10/6 11:00,15.71 ,8.510,0.00 
2025/10/6 12:00,17.63 ,8.580,0.00 
2025/10/6 13:00,19.50 ,8.670,-19198.70 
2025/10/6 14:00,21.20 ,8.890,-7313.03 
2025/10/6 15:00,22.20 ,9.190,-2598.67 
2025/10/6 16:00,21.85 ,9.160,-2159.61 
2025/10/6 17:00,20.96 ,9.140,-3272.64 
2025/10/6 18:00,19.75 ,9.090,0.00 
2025/10/6 19:00,18.45 ,9.020,0.00 
2025/10/6 20:00,17.30 ,8.970,0.00 
2025/10/6 21:00,16.46 ,8.970,0.00 
2025/10/6 22:00,15.86 ,9.000,0.00 
2025/10/6 23:00,15.36 ,9.020,0.00 
2025/10/7 0:00,14.84 ,8.980,0.00 
2025/10/7 1:00,14.17 ,8.800,0.00 
2025/10/7 2:00,13.20 ,8.430,0.00 
2025/10/7 3:00,11.89 ,7.870,0.00 
2025/10/7 4:00,10.52 ,7.270,0.00 
2025/10/7 5:00,9.44 ,6.760,0.00 
2025/10/7 6:00,9.00 ,6.470,0.00 
2025/10/7 7:00,10.50 ,6.910,0.00 
2025/10/7 8:00,13.70 ,8.010,0.00 
2025/10/7 9:00,16.98 ,8.930,-178.44 
2025/10/7 10:00,19.95 ,9.340,-14891.72 
2025/10/7 11:00,22.50 ,9.150,-45022.16 
2025/10/7 12:00,24.54 ,8.450,-69130.29 
2025/10/7 13:00,25.97 ,7.480,-93421.43 
2025/10/7 14:00,26.70 ,6.620,-106903.86 
2025/10/7 15:00,26.80 ,6.250,-106543.45 
2025/10/7 16:00,26.30 ,6.350,-67362.81 
2025/10/7 17:00,24.99 ,6.630,-57163.49 
2025/10/7 18:00,23.17 ,6.920,-13173.36 
2025/10/7 19:00,21.14 ,7.140,-346.30 
2025/10/7 20:00,19.20 ,7.290,0.00 
2025/10/7 21:00,17.59 ,7.420,0.00 
2025/10/7 22:00,16.29 ,7.530,0.00 
2025/10/7 23:00,15.24 ,7.600,0.00 
2025/10/8 0:00,14.35 ,7.600,0.00 
2025/10/8 1:00,13.56 ,7.530,0.00 
2025/10/8 2:00,12.80 ,7.330,0.00 
2025/10/8 3:00,12.02 ,7.010,0.00 
2025/10/8 4:00,11.31 ,6.620,0.00 
2025/10/8 5:00,10.80 ,6.260,0.00 
2025/10/8 6:00,10.60 ,5.990,0.00 
2025/10/8 7:00,11.93 ,6.300,0.00 
2025/10/8 8:00,14.50 ,7.150,0.00 
2025/10/8 9:00,16.60 ,7.850,0.00 
2025/10/8 10:00,18.04 ,8.240,-13315.53 
2025/10/8 11:00,19.00 ,8.420,-758.11 
2025/10/8 12:00,19.69 ,8.480,-34838.47 
2025/10/8 13:00,20.29 ,8.560,-63990.93 
2025/10/8 14:00,21.00 ,8.770,-23873.12 
2025/10/8 15:00,21.60 ,9.020,-7939.26 
2025/10/8 16:00,21.25 ,8.840,-36520.87 
2025/10/8 17:00,20.36 ,8.460,-9931.41 
2025/10/8 18:00,19.13 ,7.990,0.00 
2025/10/8 19:00,17.77 ,7.540,0.00 
2025/10/8 20:00,16.50 ,7.190,0.00 
2025/10/8 21:00,15.48 ,7.000,0.00 
2025/10/8 22:00,14.72 ,6.930,0.00 
2025/10/8 23:00,14.16 ,6.930,0.00 
2025/10/9 0:00,13.75 ,6.950,0.00 
2025/10/9 1:00,13.45 ,6.970,0.00 
2025/10/9 2:00,13.20 ,6.940,0.00 
2025/10/9 3:00,12.97 ,6.830,0.00 
2025/10/9 4:00,12.78 ,6.670,0.00 
2025/10/9 5:00,12.65 ,6.500,0.00 
2025/10/9 6:00,12.60 ,6.360,0.00 
2025/10/9 7:00,13.23 ,6.530,0.00 
2025/10/9 8:00,14.50 ,7.040,0.00 
2025/10/9 9:00,15.61 ,7.580,0.00 
2025/10/9 10:00,16.34 ,8.040,0.00 
2025/10/9 11:00,16.60 ,8.320,0.00 
2025/10/9 12:00,16.26 ,8.320,0.00 
2025/10/9 13:00,15.49 ,8.110,0.00 
2025/10/9 14:00,14.70 ,7.870,0.00 
2025/10/9 15:00,14.19 ,7.770,0.00 
2025/10/9 16:00,13.97 ,7.790,0.00 
2025/10/9 17:00,13.95 ,7.910,0.00 
2025/10/9 18:00,14.06 ,8.090,0.00 
2025/10/9 19:00,14.20 ,8.300,0.00 
2025/10/9 20:00,14.30 ,8.500,0.00 
2025/10/9 21:00,14.30 ,8.650,0.00 
2025/10/9 22:00,14.20 ,8.760,0.00 
2025/10/9 23:00,14.03 ,8.840,0.00 
2025/10/10 0:00,13.83 ,8.920,0.00 
2025/10/10 1:00,13.61 ,8.970,0.00 
2025/10/10 2:00,13.40 ,9.020,0.00 
2025/10/10 3:00,13.23 ,9.080,0.00 
2025/10/10 4:00,13.10 ,9.140,0.00 
2025/10/10 5:00,13.03 ,9.170,0.00 
2025/10/10 6:00,13.00 ,9.150,0.00 
2025/10/10 7:00,13.28 ,9.200,0.00 
2025/10/10 8:00,14.00 ,9.380,0.00 
2025/10/10 9:00,14.95 ,9.540,0.00 
2025/10/10 10:00,16.01 ,9.640,0.00 
2025/10/10 11:00,17.05 ,9.690,0.00 
2025/10/10 12:00,17.94 ,9.700,0.00 
2025/10/10 13:00,18.56 ,9.740,-336.59 
2025/10/10 14:00,18.80 ,9.870,0.00 
2025/10/10 15:00,18.69 ,10.190,0.00 
2025/10/10 16:00,18.35 ,10.610,-3026.37 
2025/10/10 17:00,17.77 ,10.940,-3164.57 
2025/10/10 18:00,16.94 ,10.960,0.00 
2025/10/10 19:00,15.85 ,10.540,0.00 
2025/10/10 20:00,14.50 ,9.590,0.00 
2025/10/10 21:00,12.96 ,8.220,0.00 
2025/10/10 22:00,11.65 ,6.840,0.00 
2025/10/10 23:00,11.10 ,5.770,0.00 
2025/10/11 0:00,12.21 ,5.250,0.00 
2025/10/11 1:00,14.60 ,5.100,0.00 
2025/10/11 2:00,16.90 ,4.940,0.00 
2025/10/11 3:00,18.01 ,4.640,0.00 
2025/10/11 4:00,18.03 ,4.300,0.00 
2025/10/11 5:00,17.38 ,4.010,0.00 
2025/10/11 6:00,16.43 ,3.770,0.00 
2025/10/11 7:00,15.61 ,3.600,0.00 
2025/10/11 8:00,15.30 ,3.480,0.00 
2025/10/11 9:00,15.80 ,3.400,0.00 
2025/10/11 10:00,16.95 ,3.350,0.00 
2025/10/11 11:00,18.48 ,3.300,-11041.33 
2025/10/11 12:00,20.13 ,3.220,-54066.52 
2025/10/11 13:00,21.63 ,3.140,-70256.10 
2025/10/11 14:00,22.70 ,3.100,-93103.64 
2025/10/11 15:00,23.10 ,3.170,-98277.19 
2025/10/11 16:00,22.68 ,3.300,-90754.11 
2025/10/11 17:00,21.59 ,3.470,-55826.01 
2025/10/11 18:00,20.10 ,3.660,-7586.89 
2025/10/11 19:00,18.45 ,3.860,0.00 
2025/10/11 20:00,16.90 ,4.090,0.00 
2025/10/11 21:00,15.66 ,4.380,0.00 
2025/10/11 22:00,14.70 ,4.720,0.00 
2025/10/11 23:00,13.96 ,5.090,0.00 
2025/10/12 0:00,13.36 ,5.460,0.00 
2025/10/12 1:00,12.83 ,5.810,0.00 
2025/10/12 2:00,12.30 ,6.090,0.00 
2025/10/12 3:00,11.72 ,6.280,0.00 
2025/10/12 4:00,11.17 ,6.390,0.00 
2025/10/12 5:00,10.76 ,6.450,0.00 
2025/10/12 6:00,10.60 ,6.490,0.00 
2025/10/12 7:00,10.93 ,6.600,0.00 
2025/10/12 8:00,11.90 ,6.810,0.00 
2025/10/12 9:00,13.46 ,7.090,0.00 
2025/10/12 10:00,15.41 ,7.340,0.00 
2025/10/12 11:00,17.48 ,7.500,-11027.26 
2025/10/12 12:00,19.42 ,7.520,-45558.71 
2025/10/12 13:00,20.98 ,7.410,-10773.62 
2025/10/12 14:00,21.90 ,7.260,-1277.34 
2025/10/12 15:00,22.10 ,7.220,-716.32 
2025/10/12 16:00,21.80 ,7.350,-101.55 
2025/10/12 17:00,21.02 ,7.530,0.00 
2025/10/12 18:00,19.95 ,7.720,0.00 
2025/10/12 19:00,18.78 ,7.880,0.00 
2025/10/12 20:00,17.70 ,8.020,0.00 
2025/10/12 21:00,16.86 ,8.160,0.00 
2025/10/12 22:00,16.22 ,8.310,0.00 
2025/10/12 23:00,15.74 ,8.460,0.00 
2025/10/13 0:00,15.33 ,8.580,0.00 
2025/10/13 1:00,14.94 ,8.670,0.00 
2025/10/13 2:00,14.50 ,8.700,0.00 
2025/10/13 3:00,13.97 ,8.640,0.00 
2025/10/13 4:00,13.46 ,8.520,0.00 
2025/10/13 5:00,13.10 ,8.380,0.00 
2025/10/13 6:00,13.01 ,8.230,0.00 
2025/10/13 7:00,13.33 ,8.110,0.00 
2025/10/13 8:00,14.20 ,8.020,0.00 
2025/10/13 9:00,15.67 ,7.890,0.00 
2025/10/13 10:00,17.49 ,7.590,0.00 
2025/10/13 11:00,19.35 ,7.020,-18042.08 
2025/10/13 12:00,20.92 ,6.160,-5041.53 
2025/10/13 13:00,21.90 ,5.150,-839.63 
2025/10/13 14:00,21.80 ,4.230,-51435.46 
2025/10/13 15:00,19.92 ,3.530,-62605.71 
2025/10/13 16:00,17.00 ,3.120,-45952.91 
2025/10/13 17:00,14.15 ,2.980,-5382.83 
2025/10/13 18:00,12.50 ,3.130,0.00 
2025/10/13 19:00,12.73 ,3.680,0.00 
2025/10/13 20:00,13.80 ,4.420,0.00 
2025/10/13 21:00,14.48 ,4.980,0.00 
2025/10/13 22:00,14.60 ,5.260,0.00 
2025/10/13 23:00,14.29 ,5.290,0.00 
2025/10/14 0:00,13.63 ,5.130,0.00 
2025/10/14 1:00,12.73 ,4.880,0.00 
2025/10/14 2:00,11.70 ,4.610,0.00 
2025/10/14 3:00,10.65 ,4.370,0.00 
2025/10/14 4:00,9.72 ,4.190,0.00 
2025/10/14 5:00,9.05 ,4.080,0.00 
2025/10/14 6:00,8.80 ,4.070,0.00 
2025/10/14 7:00,9.33 ,4.250,0.00 
2025/10/14 8:00,10.50 ,4.570,0.00 
2025/10/14 9:00,11.76 ,4.880,0.00 
2025/10/14 10:00,12.97 ,5.140,0.00 
2025/10/14 11:00,14.07 ,5.350,-221.06 
2025/10/14 12:00,15.03 ,5.530,0.00 
2025/10/14 13:00,15.79 ,5.690,-430.10 
2025/10/14 14:00,16.30 ,5.880,0.00 
2025/10/14 15:00,16.54 ,6.120,0.00 
2025/10/14 16:00,16.60 ,6.420,0.00 
2025/10/14 17:00,16.10 ,6.600,0.00 
2025/10/14 18:00,14.99 ,6.580,0.00 
2025/10/14 19:00,13.80 ,6.560,0.00 
2025/10/14 20:00,13.10 ,6.760,0.00 
2025/10/14 21:00,13.00 ,7.230,0.00 
2025/10/14 22:00,12.29 ,7.350,0.00 
2025/10/14 23:00,10.97 ,7.060,0.00 
2025/10/15 0:00,9.50 ,6.510,0.00 
2025/10/15 1:00,8.30 ,5.960,0.00 
2025/10/15 2:00,7.80 ,5.500,0.00 
2025/10/15 3:00,7.53 ,4.910,0.00 
2025/10/15 4:00,7.05 ,4.100,0.00 
2025/10/15 5:00,6.85 ,3.310,0.00 
2025/10/15 6:00,7.40 ,2.650,0.00 
2025/10/15 7:00,8.96 ,2.140,0.00 
2025/10/15 8:00,10.80 ,1.670,0.00 
2025/10/15 9:00,12.15 ,1.280,0.00 
2025/10/15 10:00,12.94 ,1.020,-2137.63 
2025/10/15 11:00,13.27 ,0.910,-428.96 
2025/10/15 12:00,13.24 ,0.930,-21450.19 
2025/10/15 13:00,12.95 ,1.030,-40071.02 
2025/10/15 14:00,12.50 ,1.160,-48507.15 
2025/10/15 15:00,11.98 ,1.280,-45937.08 
2025/10/15 16:00,11.44 ,1.380,-13477.78 
2025/10/15 17:00,10.89 ,1.470,-14834.43 
2025/10/15 18:00,10.37 ,1.540,0.00 
2025/10/15 19:00,9.90 ,1.610,0.00 
2025/10/15 20:00,9.50 ,1.680,0.00 
2025/10/15 21:00,9.19 ,1.750,0.00 
2025/10/15 22:00,8.89 ,1.810,0.00 
2025/10/15 23:00,8.50 ,1.850,0.00 
2025/10/16 0:00,7.94 ,1.850,0.00 
2025/10/16 1:00,7.10 ,1.810,0.00 
2025/10/16 2:00,5.90 ,1.710,0.00 
2025/10/16 3:00,4.32 ,1.560,0.00 
2025/10/16 4:00,2.69 ,1.400,0.00 
2025/10/16 5:00,1.42 ,1.270,0.00 
2025/10/16 6:00,0.90 ,1.190,0.00 
2025/10/16 7:00,3.11 ,1.330,0.00 
2025/10/16 8:00,7.30 ,1.630,0.00 
2025/10/16 9:00,10.50 ,1.780,0.00 
2025/10/16 10:00,12.39 ,1.690,-6070.88 
2025/10/16 11:00,13.32 ,1.440,-31420.10 
2025/10/16 12:00,13.65 ,1.140,-52570.81 
2025/10/16 13:00,13.73 ,0.900,-65039.57 
2025/10/16 14:00,13.90 ,0.780,-77980.55 
2025/10/16 15:00,14.20 ,0.820,-79465.47 
2025/10/16 16:00,13.90 ,0.960,-76423.53 
2025/10/16 17:00,13.12 ,1.160,-37392.06 
2025/10/16 18:00,12.09 ,1.370,-222.90 
2025/10/16 19:00,11.02 ,1.570,0.00 
2025/10/16 20:00,10.10 ,1.740,0.00 
2025/10/16 21:00,9.50 ,1.910,0.00 
2025/10/16 22:00,9.15 ,2.080,0.00 
2025/10/16 23:00,8.91 ,2.240,0.00 
2025/10/17 0:00,8.68 ,2.400,0.00 
2025/10/17 1:00,8.32 ,2.520,0.00 
2025/10/17 2:00,7.70 ,2.600,0.00 
2025/10/17 3:00,6.77 ,2.620,0.00 
2025/10/17 4:00,5.76 ,2.600,0.00 
2025/10/17 5:00,4.94 ,2.570,0.00 
2025/10/17 6:00,4.60 ,2.570,0.00 
2025/10/17 7:00,5.50 ,2.730,0.00 
2025/10/17 8:00,7.60 ,3.030,0.00 
2025/10/17 9:00,10.08 ,3.290,0.00 
2025/10/17 10:00,12.64 ,3.430,-3505.66 
2025/10/17 11:00,15.09 ,3.420,-36063.78 
2025/10/17 12:00,17.26 ,3.280,-61147.21 
2025/10/17 13:00,18.95 ,3.110,-81747.35 
2025/10/17 14:00,20.00 ,3.040,-97378.82 
2025/10/17 15:00,20.30 ,3.210,-99526.27 
2025/10/17 16:00,19.78 ,3.560,-95978.71 
2025/10/17 17:00,18.43 ,3.890,-50977.30 
2025/10/17 18:00,16.59 ,4.140,-4283.38 
2025/10/17 19:00,14.61 ,4.260,-75.62 
2025/10/17 20:00,12.80 ,4.310,0.00 
2025/10/17 21:00,11.43 ,4.330,0.00 
2025/10/17 22:00,10.44 ,4.370,0.00 
2025/10/17 23:00,9.70 ,4.420,0.00 
2025/10/18 0:00,9.05 ,4.470,0.00 
2025/10/18 1:00,8.36 ,4.480,0.00 
2025/10/18 2:00,7.50 ,4.440,0.00 
2025/10/18 3:00,6.39 ,4.340,0.00 
2025/10/18 4:00,5.25 ,4.210,0.00 
2025/10/18 5:00,4.36 ,4.090,0.00 
2025/10/18 6:00,4.00 ,4.050,0.00 
2025/10/18 7:00,4.97 ,4.270,0.00 
2025/10/18 8:00,7.20 ,4.730,0.00 
2025/10/18 9:00,9.83 ,5.110,0.00 
2025/10/18 10:00,12.54 ,5.260,-1549.09 
2025/10/18 11:00,15.14 ,5.090,0.00 
2025/10/18 12:00,17.46 ,4.630,-24334.49 
2025/10/18 13:00,19.30 ,3.990,-10496.81 
2025/10/18 14:00,20.50 ,3.440,-3304.60 
2025/10/18 15:00,20.90 ,3.240,-41624.42 
2025/10/18 16:00,20.42 ,3.370,-106121.13 
2025/10/18 17:00,19.18 ,3.660,-36822.83 
2025/10/18 18:00,17.49 ,3.970,-182.12 
2025/10/18 19:00,15.66 ,4.210,0.00 
2025/10/18 20:00,14.00 ,4.370,0.00 
2025/10/18 21:00,12.74 ,4.480,0.00 
2025/10/18 22:00,11.82 ,4.580,0.00 
2025/10/18 23:00,11.10 ,4.670,0.00 
2025/10/19 0:00,10.43 ,4.760,0.00 
2025/10/19 1:00,9.68 ,4.800,0.00 
2025/10/19 2:00,8.70 ,4.780,0.00 
2025/10/19 3:00,7.44 ,4.690,0.00 
2025/10/19 4:00,6.13 ,4.560,0.00 
2025/10/19 5:00,5.11 ,4.450,0.00 
2025/10/19 6:00,4.70 ,4.450,0.00 
2025/10/19 7:00,5.53 ,4.710,0.00 
2025/10/19 8:00,7.50 ,5.190,0.00 
2025/10/19 9:00,9.92 ,5.600,0.00 
2025/10/19 10:00,12.54 ,5.830,-10559.72 
2025/10/19 11:00,15.18 ,5.810,-114.51 
2025/10/19 12:00,17.69 ,5.560,-43980.13 
2025/10/19 13:00,19.92 ,5.220,-18245.80 
2025/10/19 14:00,21.70 ,5.040,-5659.49 
2025/10/19 15:00,22.60 ,5.220,-5604.00 
2025/10/19 16:00,22.01 ,5.490,-3745.05 
2025/10/19 17:00,20.52 ,5.740,-15218.91 
2025/10/19 18:00,18.57 ,5.840,0.00 
2025/10/19 19:00,16.62 ,5.770,0.00 
2025/10/19 20:00,15.10 ,5.590,0.00 
2025/10/19 21:00,14.33 ,5.370,0.00 
2025/10/19 22:00,14.13 ,5.130,0.00 
2025/10/19 23:00,14.19 ,4.840,0.00 
2025/10/20 0:00,14.21 ,4.470,0.00 
2025/10/20 1:00,13.88 ,4.050,0.00 
2025/10/20 2:00,12.90 ,3.610,0.00 
2025/10/20 3:00,11.12 ,3.200,0.00 
2025/10/20 4:00,9.05 ,2.860,0.00 
2025/10/20 5:00,7.32 ,2.640,0.00 
2025/10/20 6:00,6.60 ,2.590,0.00 
2025/10/20 7:00,8.96 ,3.050,0.00 
2025/10/20 8:00,13.50 ,3.950,0.00 
2025/10/20 9:00,17.09 ,4.470,-373.79 
2025/10/20 10:00,19.38 ,4.330,-22723.51 
2025/10/20 11:00,20.72 ,3.720,-53472.42 
2025/10/20 12:00,21.48 ,2.930,-76306.98 
2025/10/20 13:00,21.98 ,2.280,-97037.66 
2025/10/20 14:00,22.60 ,2.040,-111409.32 
2025/10/20 15:00,23.20 ,2.380,-114652.03 
2025/10/20 16:00,22.57 ,3.010,-112459.71 
2025/10/20 17:00,20.96 ,3.660,-61561.22 
2025/10/20 18:00,18.77 ,4.150,-8663.42 
2025/10/20 19:00,16.38 ,4.390,-503.03 
2025/10/20 20:00,14.20 ,4.440,-4.00 
2025/10/20 21:00,12.54 ,4.410,0.00 
2025/10/20 22:00,11.33 ,4.360,0.00 
2025/10/20 23:00,10.44 ,4.310,0.00 
2025/10/21 0:00,9.72 ,4.280,0.00 
2025/10/21 1:00,9.02 ,4.250,0.00 
2025/10/21 2:00,8.20 ,4.210,0.00 
2025/10/21 3:00,7.18 ,4.160,0.00 
2025/10/21 4:00,6.13 ,4.090,0.00 
2025/10/21 5:00,5.33 ,4.050,0.00 
2025/10/21 6:00,5.00 ,4.060,0.00 
2025/10/21 7:00,5.86 ,4.300,0.00 
2025/10/21 8:00,8.00 ,4.760,0.00 
2025/10/21 9:00,10.81 ,5.210,0.00 
2025/10/21 10:00,13.93 ,5.500,-12338.57 
2025/10/21 11:00,17.09 ,5.500,-1510.77 
2025/10/21 12:00,20.00 ,5.150,-2245.94 
2025/10/21 13:00,22.36 ,4.580,-65605.33 
2025/10/21 14:00,23.90 ,4.080,-120459.57 
2025/10/21 15:00,24.40 ,4.000,-131624.61 
2025/10/21 16:00,23.71 ,4.290,-129286.29 
2025/10/21 17:00,21.93 ,4.670,-70095.92 
2025/10/21 18:00,19.54 ,4.960,-11186.89 
2025/10/21 19:00,16.97 ,5.100,-510.49 
2025/10/21 20:00,14.70 ,5.130,-15.47 
2025/10/21 21:00,13.07 ,5.160,0.00 
2025/10/21 22:00,12.01 ,5.220,0.00 
2025/10/21 23:00,11.34 ,5.290,0.00 
2025/10/22 0:00,10.88 ,5.320,0.00 
2025/10/22 1:00,10.46 ,5.300,0.00 
2025/10/22 2:00,9.90 ,5.160,0.00 
2025/10/22 3:00,9.09 ,4.890,0.00 
2025/10/22 4:00,8.20 ,4.560,0.00 
2025/10/22 5:00,7.49 ,4.260,0.00 
2025/10/22 6:00,7.20 ,4.070,0.00 
2025/10/22 7:00,8.44 ,4.290,0.00 
2025/10/22 8:00,11.00 ,4.900,0.00 
2025/10/22 9:00,13.46 ,5.520,0.00 
2025/10/22 10:00,15.55 ,6.030,-3513.92 
2025/10/22 11:00,17.25 ,6.440,-54334.59 
2025/10/22 12:00,18.57 ,6.750,-67598.47 
2025/10/22 13:00,19.52 ,6.990,-102888.53 
2025/10/22 14:00,20.10 ,7.200,-101991.44 
2025/10/22 15:00,20.30 ,7.420,-39277.25 
2025/10/22 16:00,19.77 ,7.450,-17281.64 
2025/10/22 17:00,18.38 ,7.200,-20424.22 
2025/10/22 18:00,16.47 ,6.820,-396.93 
2025/10/22 19:00,14.37 ,6.410,0.00 
2025/10/22 20:00,12.40 ,6.110,0.00 
2025/10/22 21:00,10.82 ,5.960,0.00 
2025/10/22 22:00,9.64 ,5.930,0.00 
2025/10/22 23:00,8.79 ,5.950,0.00 
2025/10/23 0:00,8.19 ,5.930,0.00 
2025/10/23 1:00,7.78 ,5.860,0.00 
2025/10/23 2:00,7.50 ,5.670,0.00 
2025/10/23 3:00,7.28 ,5.300,0.00 
2025/10/23 4:00,7.13 ,4.820,0.00 
2025/10/23 5:00,7.03 ,4.280,0.00 
2025/10/23 6:00,7.00 ,3.750,0.00 
2025/10/23 7:00,7.67 ,3.430,0.00 
2025/10/23 8:00,9.10 ,3.360,0.00 
2025/10/23 9:00,10.59 ,3.460,0.00 
2025/10/23 10:00,11.97 ,3.700,0.00 
2025/10/23 11:00,13.22 ,4.090,0.00 
2025/10/23 12:00,14.29 ,4.570,0.00 
2025/10/23 13:00,15.16 ,5.090,-208.60 
2025/10/23 14:00,15.80 ,5.580,-4670.44 
2025/10/23 15:00,16.10 ,5.910,-6451.81 
2025/10/23 16:00,15.81 ,5.980,-8204.51 
2025/10/23 17:00,15.04 ,5.860,0.00 
2025/10/23 18:00,13.99 ,5.650,0.00 
2025/10/23 19:00,12.81 ,5.430,0.00 
2025/10/23 20:00,11.70 ,5.290,0.00 
2025/10/23 21:00,10.79 ,5.280,0.00 
2025/10/23 22:00,10.07 ,5.370,0.00 
2025/10/23 23:00,9.50 ,5.530,0.00 
2025/10/24 0:00,9.05 ,5.750,0.00 
2025/10/24 1:00,8.66 ,5.940,0.00 
2025/10/24 2:00,8.30 ,6.090,0.00 
2025/10/24 3:00,7.94 ,6.190,0.00 
2025/10/24 4:00,7.62 ,6.230,0.00 
2025/10/24 5:00,7.39 ,6.230,0.00 
2025/10/24 6:00,7.30 ,6.180,0.00 
2025/10/24 7:00,8.17 ,6.440,0.00 
2025/10/24 8:00,10.00 ,7.000,0.00 
2025/10/24 9:00,11.79 ,7.370,0.00 
2025/10/24 10:00,13.35 ,7.480,0.00 
2025/10/24 11:00,14.70 ,7.380,0.00 
2025/10/24 12:00,15.83 ,7.190,0.00 
2025/10/24 13:00,16.76 ,7.050,0.00 
2025/10/24 14:00,17.50 ,7.140,0.00 
2025/10/24 15:00,17.90 ,7.530,0.00 
2025/10/24 16:00,17.49 ,7.900,0.00 
2025/10/24 17:00,16.43 ,8.120,0.00 
2025/10/24 18:00,14.99 ,8.160,0.00 
2025/10/24 19:00,13.42 ,8.040,0.00 
2025/10/24 20:00,12.00 ,7.830,0.00 
2025/10/24 21:00,10.92 ,7.600,0.00 
2025/10/24 22:00,10.18 ,7.390,0.00 
2025/10/24 23:00,9.69 ,7.210,0.00 
2025/10/25 0:00,9.38 ,7.080,0.00 
2025/10/25 1:00,9.17 ,6.980,0.00 
2025/10/25 2:00,9.00 ,6.910,0.00 
2025/10/25 3:00,8.80 ,6.880,0.00 
2025/10/25 4:00,8.61 ,6.860,0.00 
2025/10/25 5:00,8.46 ,6.860,0.00 
2025/10/25 6:00,8.40 ,6.850,0.00 
2025/10/25 7:00,8.73 ,6.950,0.00 
2025/10/25 8:00,9.60 ,7.200,0.00 
2025/10/25 9:00,10.85 ,7.490,0.00 
2025/10/25 10:00,12.33 ,7.780,0.00 
2025/10/25 11:00,13.88 ,8.030,0.00 
2025/10/25 12:00,15.34 ,8.240,0.00 
2025/10/25 13:00,16.57 ,8.430,-466.56 
2025/10/25 14:00,17.40 ,8.620,0.00 
2025/10/25 15:00,17.70 ,8.860,-7161.12 
2025/10/25 16:00,17.32 ,8.990,-12124.61 
2025/10/25 17:00,16.37 ,8.970,0.00 
2025/10/25 18:00,15.09 ,8.840,0.00 
2025/10/25 19:00,13.75 ,8.660,0.00 
2025/10/25 20:00,12.60 ,8.530,0.00 
2025/10/25 21:00,11.84 ,8.290,0.00 
2025/10/25 22:00,11.43 ,8.340,0.00 
2025/10/25 23:00,11.27 ,8.180,0.00 
2025/10/26 0:00,11.26 ,8.370,0.00 
2025/10/26 1:00,11.30 ,8.190,0.00 
2025/10/26 2:00,11.30 ,7.980,0.00 
2025/10/26 3:00,11.18 ,7.260,0.00 
2025/10/26 4:00,10.98 ,6.350,0.00 
2025/10/26 5:00,10.75 ,5.370,0.00 
2025/10/26 6:00,10.57 ,4.410,0.00 
2025/10/26 7:00,10.50 ,3.550,0.00 
2025/10/26 8:00,14.30 ,3.660,0.00 
2025/10/26 9:00,18.23 ,3.840,0.00 
2025/10/26 10:00,20.24 ,3.720,0.00 
2025/10/26 11:00,20.88 ,3.540,0.00 
2025/10/26 12:00,20.72 ,3.460,0.00 
2025/10/26 13:00,20.31 ,3.580,-11853.06 
2025/10/26 14:00,20.20 ,3.990,-737.03 
2025/10/26 15:00,20.50 ,4.690,-17054.38 
2025/10/26 16:00,19.90 ,5.270,-83398.21 
2025/10/26 17:00,18.46 ,5.570,-16949.92 
2025/10/26 18:00,16.70 ,5.690,0.00 
2025/10/26 19:00,15.14 ,5.770,0.00 
2025/10/26 20:00,14.30 ,6.020,0.00 
2025/10/26 21:00,14.30 ,6.490,0.00 
2025/10/26 22:00,13.99 ,6.750,0.00 
2025/10/26 23:00,13.27 ,6.750,0.00 
2025/10/27 0:00,12.41 ,6.670,0.00 
2025/10/27 1:00,11.70 ,6.570,0.00 
2025/10/27 2:00,11.40 ,6.630,0.00 
2025/10/27 3:00,11.16 ,6.690,0.00 
2025/10/27 4:00,10.62 ,6.580,0.00 
2025/10/27 5:00,10.03 ,6.420,0.00 
2025/10/27 6:00,9.64 ,6.310,0.00 
2025/10/27 7:00,9.70 ,6.340,0.00 
2025/10/27 8:00,10.30 ,6.550,0.00 
2025/10/27 9:00,10.97 ,6.730,0.00 
2025/10/27 10:00,11.55 ,6.840,0.00 
2025/10/27 11:00,12.02 ,6.910,0.00 
2025/10/27 12:00,12.34 ,6.960,0.00 
2025/10/27 13:00,12.47 ,7.040,0.00 
2025/10/27 14:00,12.40 ,7.180,0.00 
2025/10/27 15:00,12.11 ,7.380,0.00 
2025/10/27 16:00,11.71 ,7.600,0.00 
2025/10/27 17:00,11.33 ,7.790,0.00 
2025/10/27 18:00,11.12 ,7.910,0.00 
2025/10/27 19:00,11.19 ,7.930,0.00 
2025/10/27 20:00,11.70 ,7.810,0.00 
2025/10/27 21:00,12.69 ,7.460,0.00 
2025/10/27 22:00,13.88 ,6.730,0.00 
2025/10/27 23:00,14.91 ,5.550,0.00 
2025/10/28 0:00,15.44 ,3.970,0.00 
2025/10/28 1:00,15.10 ,2.360,0.00 
2025/10/28 2:00,14.30 ,1.110,0.00 
2025/10/28 3:00,13.63 ,0.420,0.00 
2025/10/28 4:00,11.94 ,0.130,0.00 
2025/10/28 5:00,9.75 ,0.100,0.00 
2025/10/28 6:00,7.56 ,0.190,0.00 
2025/10/28 7:00,5.87 ,0.300,0.00 
2025/10/28 8:00,5.20 ,0.380,0.00 
2025/10/28 9:00,5.00 ,0.410,0.00 
2025/10/28 10:00,5.16 ,0.390,-813.77 
2025/10/28 11:00,5.75 ,0.350,-14665.59 
2025/10/28 12:00,6.57 ,0.300,-35869.27 
2025/10/28 13:00,7.39 ,0.260,-50064.36 
2025/10/28 14:00,8.00 ,0.270,-62404.14 
2025/10/28 15:00,8.24 ,0.340,-67785.40 
2025/10/28 16:00,8.15 ,0.460,-70133.73 
2025/10/28 17:00,7.85 ,0.590,-17079.82 
2025/10/28 18:00,7.44 ,0.710,0.00 
2025/10/28 19:00,7.02 ,0.780,0.00 
2025/10/28 20:00,6.70 ,0.790,0.00 
2025/10/28 21:00,6.55 ,0.730,0.00 
2025/10/28 22:00,6.51 ,0.630,0.00 
2025/10/28 23:00,6.45 ,0.510,0.00 
2025/10/29 0:00,6.29 ,0.410,0.00 
2025/10/29 1:00,5.91 ,0.360,0.00 
2025/10/29 2:00,5.20 ,0.380,0.00 
2025/10/29 3:00,4.12 ,0.490,0.00 
2025/10/29 4:00,2.86 ,0.630,0.00 
2025/10/29 5:00,1.66 ,0.770,0.00 
2025/10/29 6:00,0.75 ,0.890,0.00 
2025/10/29 7:00,0.40 ,1.000,0.00 
2025/10/29 8:00,3.90 ,1.350,0.00 
2025/10/29 9:00,7.86 ,1.720,0.00 
2025/10/29 10:00,10.37 ,1.820,-4042.19 
2025/10/29 11:00,11.78 ,1.660,-28997.81 
2025/10/29 12:00,12.42 ,1.360,-52368.63 
2025/10/29 13:00,12.65 ,1.040,-65552.85 
2025/10/29 14:00,12.80 ,0.820,-79395.20 
2025/10/29 15:00,13.00 ,0.760,-84022.14 
2025/10/29 16:00,12.57 ,0.820,-84662.62 
2025/10/29 17:00,11.46 ,0.940,-24206.02 
2025/10/29 18:00,9.94 ,1.080,0.00 
2025/10/29 19:00,8.30 ,1.220,0.00 
2025/10/29 20:00,6.80 ,1.350,0.00 
2025/10/29 21:00,5.66 ,1.470,0.00 
2025/10/29 22:00,4.84 ,1.610,0.00 
2025/10/29 23:00,4.22 ,1.750,0.00 
2025/10/30 0:00,3.70 ,1.910,0.00 
2025/10/30 1:00,3.16 ,2.070,0.00 
2025/10/30 2:00,2.50 ,2.220,0.00 
2025/10/30 3:00,1.65 ,2.330,0.00 
2025/10/30 4:00,0.72 ,2.410,0.00 
2025/10/30 5:00,-0.13 ,2.410,0.00 
2025/10/30 6:00,-0.76 ,2.390,0.00 
2025/10/30 7:00,-1.00 ,2.360,0.00 
2025/10/30 8:00,2.50 ,2.990,0.00 
2025/10/30 9:00,6.69 ,3.630,0.00 
2025/10/30 10:00,9.66 ,3.790,-443.79 
2025/10/30 11:00,11.63 ,3.450,0.00 
2025/10/30 12:00,12.84 ,2.790,-11688.62 
2025/10/30 13:00,13.51 ,2.050,-46636.97 
2025/10/30 14:00,13.90 ,1.470,-51382.33 
2025/10/30 15:00,14.10 ,1.200,-62505.97 
2025/10/30 16:00,13.78 ,1.210,-46630.48 
2025/10/30 17:00,12.99 ,1.400,-8605.50 
2025/10/30 18:00,11.92 ,1.690,0.00 
2025/10/30 19:00,10.82 ,2.020,0.00 
2025/10/30 20:00,9.90 ,2.340,0.00 
2025/10/30 21:00,9.32 ,2.660,0.00 
2025/10/30 22:00,9.02 ,3.000,0.00 
2025/10/30 23:00,8.87 ,3.350,0.00 
2025/10/31 0:00,8.75 ,3.710,0.00 
2025/10/31 1:00,8.54 ,4.060,0.00 
2025/10/31 2:00,8.10 ,4.360,0.00 
2025/10/31 3:00,7.37 ,4.580,0.00 
2025/10/31 4:00,6.48 ,4.700,0.00 
2025/10/31 5:00,5.61 ,4.750,0.00 
2025/10/31 6:00,4.96 ,4.770,0.00 
2025/10/31 7:00,4.70 ,4.780,0.00 
2025/10/31 8:00,5.10 ,4.860,0.00 
2025/10/31 9:00,6.04 ,4.920,0.00 
2025/10/31 10:00,7.28 ,4.930,0.00 
2025/10/31 11:00,8.66 ,4.860,0.00 
2025/10/31 12:00,9.99 ,4.750,-25153.32 
2025/10/31 13:00,11.10 ,4.640,-22634.83 
2025/10/31 14:00,11.80 ,4.640,0.00 
2025/10/31 15:00,12.00 ,4.840,-7125.08 
2025/10/31 16:00,11.70 ,5.120,-35137.60 
2025/10/31 17:00,10.96 ,5.340,-3478.72 
2025/10/31 18:00,9.99 ,5.410,0.00 
2025/10/31 19:00,9.03 ,5.310,0.00 
2025/10/31 20:00,8.30 ,5.040,0.00 
2025/10/31 21:00,7.96 ,4.590,0.00 
2025/10/31 22:00,7.88 ,4.010,0.00 
2025/10/31 23:00,7.89 ,3.330,0.00 
2025/11/1 0:00,7.81 ,2.600,0.00 
2025/11/1 1:00,7.44 ,1.960,0.00 
2025/11/1 2:00,6.60 ,1.500,0.00 
2025/11/1 3:00,5.20 ,1.270,0.00 
2025/11/1 4:00,3.50 ,1.220,0.00 
2025/11/1 5:00,1.84 ,1.260,0.00 
2025/11/1 6:00,0.59 ,1.330,0.00 
2025/11/1 7:00,0.10 ,1.440,0.00 
2025/11/1 8:00,4.60 ,2.090,0.00 
2025/11/1 9:00,9.35 ,2.820,0.00 
2025/11/1 10:00,11.89 ,3.060,-3116.37 
2025/11/1 11:00,12.82 ,2.850,-25128.60 
2025/11/1 12:00,12.73 ,2.420,-46521.17 
2025/11/1 13:00,12.23 ,2.040,-57979.65 
2025/11/1 14:00,11.90 ,1.890,-69322.24 
2025/11/1 15:00,12.00 ,2.050,-73817.04 
2025/11/1 16:00,11.43 ,2.320,-32607.41 
2025/11/1 17:00,10.01 ,2.550,-6434.11 
2025/11/1 18:00,8.12 ,2.680,0.00 
2025/11/1 19:00,6.19 ,2.720,0.00 
2025/11/1 20:00,4.60 ,2.720,0.00 
2025/11/1 21:00,3.67 ,2.730,0.00 
2025/11/1 22:00,3.31 ,2.790,0.00 
2025/11/1 23:00,3.35 ,2.870,0.00 
2025/11/2 0:00,3.59 ,2.990,0.00 
2025/11/2 1:00,3.87 ,3.110,0.00 
2025/11/2 2:00,4.00 ,3.230,0.00 
2025/11/2 3:00,3.85 ,3.320,0.00 
2025/11/2 4:00,3.50 ,3.370,0.00 
2025/11/2 5:00,3.09 ,3.390,0.00 
2025/11/2 6:00,2.74 ,3.380,0.00 
2025/11/2 7:00,2.60 ,3.340,0.00 
2025/11/2 8:00,4.70 ,3.760,0.00 
2025/11/2 9:00,6.90 ,4.100,0.00 
2025/11/2 10:00,8.13 ,4.030,0.00 
2025/11/2 11:00,8.74 ,3.710,0.00 
2025/11/2 12:00,9.10 ,3.340,0.00 
2025/11/2 13:00,9.56 ,3.100,0.00 
2025/11/2 14:00,10.50 ,3.150,0.00 
2025/11/2 15:00,11.50 ,3.510,0.00 
2025/11/2 16:00,11.06 ,3.790,0.00 
2025/11/2 17:00,9.92 ,4.020,0.00 
2025/11/2 18:00,8.37 ,4.160,0.00 
2025/11/2 19:00,6.70 ,4.200,0.00 
2025/11/2 20:00,5.20 ,4.170,0.00 
2025/11/2 21:00,4.08 ,4.150,0.00 
2025/11/2 22:00,3.33 ,4.130,0.00 
2025/11/2 23:00,2.84 ,4.120,0.00 
2025/11/3 0:00,2.53 ,4.090,0.00 
2025/11/3 1:00,2.32 ,4.060,0.00 
2025/11/3 2:00,2.10 ,4.000,0.00 
2025/11/3 3:00,1.82 ,3.900,0.00 
2025/11/3 4:00,1.50 ,3.760,0.00 
2025/11/3 5:00,1.20 ,3.610,0.00 
2025/11/3 6:00,0.99 ,3.440,0.00 
2025/11/3 7:00,0.90 ,3.280,0.00 
2025/11/3 8:00,3.30 ,3.680,0.00 
2025/11/3 9:00,5.90 ,4.110,0.00 
2025/11/3 10:00,7.39 ,4.170,0.00 
2025/11/3 11:00,8.08 ,3.960,0.00 
2025/11/3 12:00,8.27 ,3.620,0.00 
2025/11/3 13:00,8.24 ,3.280,0.00 
2025/11/3 14:00,8.30 ,3.040,0.00 
2025/11/3 15:00,8.50 ,2.950,0.00 
2025/11/3 16:00,8.31 ,2.890,-1516.21 
2025/11/3 17:00,7.87 ,2.870,0.00 
2025/11/3 18:00,7.37 ,2.920,0.00 
2025/11/3 19:00,6.98 ,3.060,0.00 
2025/11/3 20:00,6.90 ,3.320,0.00 
2025/11/3 21:00,7.10 ,3.690,0.00 
2025/11/3 22:00,6.95 ,4.000,0.00 
2025/11/3 23:00,6.46 ,4.220,0.00 
2025/11/4 0:00,5.85 ,4.380,0.00 
2025/11/4 1:00,5.32 ,4.510,0.00 
2025/11/4 2:00,5.10 ,4.690,0.00 
2025/11/4 3:00,4.95 ,4.830,0.00 
2025/11/4 4:00,4.58 ,4.840,0.00 
2025/11/4 5:00,4.10 ,4.770,0.00 
2025/11/4 6:00,3.62 ,4.660,0.00 
2025/11/4 7:00,3.25 ,4.550,0.00 
2025/11/4 8:00,3.10 ,4.500,0.00 
2025/11/4 9:00,2.60 ,4.310,0.00 
2025/11/4 10:00,2.25 ,4.170,0.00 
2025/11/4 11:00,2.34 ,4.160,0.00 
2025/11/4 12:00,2.74 ,4.260,0.00 
2025/11/4 13:00,3.33 ,4.440,0.00 
2025/11/4 14:00,4.00 ,4.690,0.00 
2025/11/4 15:00,4.62 ,4.980,0.00 
2025/11/4 16:00,5.13 ,5.260,0.00 
2025/11/4 17:00,5.46 ,5.450,0.00 
2025/11/4 18:00,5.54 ,5.470,0.00 
2025/11/4 19:00,5.31 ,5.260,0.00 
2025/11/4 20:00,4.70 ,4.770,0.00 
2025/11/4 21:00,3.74 ,4.050,0.00 
2025/11/4 22:00,2.81 ,3.300,0.00 
2025/11/4 23:00,2.40 ,2.680,0.00 
2025/11/5 0:00,3.30 ,2.310,0.00 
2025/11/5 1:00,5.26 ,2.120,0.00 
2025/11/5 2:00,7.20 ,2.000,0.00 
2025/11/5 3:00,8.24 ,1.940,0.00 
2025/11/5 4:00,8.44 ,1.970,0.00 
2025/11/5 5:00,8.08 ,2.050,0.00 
2025/11/5 6:00,7.43 ,2.150,0.00 
2025/11/5 7:00,6.78 ,2.220,0.00 
2025/11/5 8:00,6.40 ,2.250,0.00 
2025/11/5 9:00,6.51 ,2.240,0.00 
2025/11/5 10:00,7.02 ,2.190,-312.44 
2025/11/5 11:00,7.79 ,2.110,-8534.11 
2025/11/5 12:00,8.68 ,2.020,-26327.93 
2025/11/5 13:00,9.53 ,1.940,-40757.30 
2025/11/5 14:00,10.20 ,1.920,-52439.86 
2025/11/5 15:00,10.50 ,1.980,-60096.46 
2025/11/5 16:00,10.27 ,2.090,-60082.75 
2025/11/5 17:00,9.66 ,2.240,0.00 
2025/11/5 18:00,8.78 ,2.390,0.00 
2025/11/5 19:00,7.76 ,2.540,0.00 
2025/11/5 20:00,6.70 ,2.660,0.00 
2025/11/5 21:00,5.70 ,2.760,0.00 
2025/11/5 22:00,4.76 ,2.850,0.00 
2025/11/5 23:00,3.87 ,2.920,0.00 
2025/11/6 0:00,3.01 ,2.970,0.00 
2025/11/6 1:00,2.16 ,3.000,0.00 
2025/11/6 2:00,1.30 ,3.020,0.00 
2025/11/6 3:00,0.43 ,3.010,0.00 
2025/11/6 4:00,-0.38 ,2.940,0.00 
2025/11/6 5:00,-1.06 ,2.860,0.00 
2025/11/6 6:00,-1.53 ,2.780,0.00 
2025/11/6 7:00,-1.70 ,2.700,0.00 
2025/11/6 8:00,0.90 ,3.170,0.00 
2025/11/6 9:00,4.09 ,3.600,0.00 
2025/11/6 10:00,6.48 ,3.690,-227.81 
2025/11/6 11:00,8.23 ,3.490,-8632.37 
2025/11/6 12:00,9.52 ,3.160,-27132.37 
2025/11/6 13:00,10.51 ,2.900,-40375.87 
2025/11/6 14:00,11.40 ,2.900,-45678.89 
2025/11/6 15:00,12.00 ,3.300,-49006.83 
2025/11/6 16:00,11.44 ,3.780,-6659.34 
2025/11/6 17:00,10.01 ,4.180,0.00 
2025/11/6 18:00,8.13 ,4.370,0.00 
2025/11/6 19:00,6.19 ,4.390,0.00 
2025/11/6 20:00,4.60 ,4.290,0.00 
2025/11/6 21:00,3.66 ,4.180,0.00 
2025/11/6 22:00,3.27 ,4.070,0.00 
2025/11/6 23:00,3.21 ,3.960,0.00 
2025/11/7 0:00,3.29 ,3.870,0.00 
2025/11/7 1:00,3.29 ,3.750,0.00 
2025/11/7 2:00,3.00 ,3.620,0.00 
2025/11/7 3:00,2.30 ,3.480,0.00 
2025/11/7 4:00,1.34 ,3.350,0.00 
2025/11/7 5:00,0.36 ,3.230,0.00 
2025/11/7 6:00,-0.39 ,3.100,0.00 
2025/11/7 7:00,-0.70 ,3.050,0.00 
2025/11/7 8:00,1.80 ,3.670,0.00 
2025/11/7 9:00,5.04 ,4.380,0.00 
2025/11/7 10:00,7.63 ,4.820,0.00 
2025/11/7 11:00,9.58 ,4.950,0.00 
2025/11/7 12:00,10.95 ,4.820,0.00 
2025/11/7 13:00,11.74 ,4.570,-1718.68 
2025/11/7 14:00,12.00 ,4.350,0.00 
2025/11/7 15:00,11.77 ,4.280,-6141.96 
2025/11/7 16:00,11.14 ,4.340,-12296.14 
2025/11/7 17:00,10.24 ,4.480,0.00 
2025/11/7 18:00,9.15 ,4.620,0.00 
2025/11/7 19:00,8.01 ,4.740,0.00 
2025/11/7 20:00,6.90 ,4.820,0.00 
2025/11/7 21:00,5.92 ,4.860,0.00 
2025/11/7 22:00,5.07 ,4.850,0.00 
2025/11/7 23:00,4.33 ,4.810,0.00 
2025/11/8 0:00,3.67 ,4.720,0.00 
2025/11/8 1:00,3.07 ,4.600,0.00 
2025/11/8 2:00,2.50 ,4.430,0.00 
2025/11/8 3:00,1.96 ,4.230,0.00 
2025/11/8 4:00,1.47 ,3.990,0.00 
2025/11/8 5:00,1.07 ,3.730,0.00 
2025/11/8 6:00,0.80 ,3.470,0.00 
2025/11/8 7:00,0.70 ,3.200,0.00 
2025/11/8 8:00,5.30 ,4.020,0.00 
2025/11/8 9:00,10.17 ,4.940,0.00 
2025/11/8 10:00,12.81 ,5.040,0.00 
2025/11/8 11:00,13.82 ,4.500,0.00 
2025/11/8 12:00,13.82 ,3.720,0.00 
2025/11/8 13:00,13.41 ,3.060,0.00 
2025/11/8 14:00,13.20 ,2.720,0.00 
2025/11/8 15:00,13.40 ,2.760,0.00 
2025/11/8 16:00,13.03 ,2.970,0.00 
2025/11/8 17:00,12.06 ,3.230,0.00 
2025/11/8 18:00,10.72 ,3.460,0.00 
2025/11/8 19:00,9.23 ,3.620,0.00 
2025/11/8 20:00,7.80 ,3.730,0.00 
2025/11/8 21:00,6.62 ,3.790,0.00 
2025/11/8 22:00,5.65 ,3.820,0.00 
2025/11/8 23:00,4.81 ,3.820,0.00 
2025/11/9 0:00,4.05 ,3.760,0.00 
2025/11/9 1:00,3.27 ,3.650,0.00 
2025/11/9 2:00,2.40 ,3.490,0.00 
2025/11/9 3:00,1.41 ,3.260,0.00 
2025/11/9 4:00,0.39 ,3.000,0.00 
2025/11/9 5:00,-0.51 ,2.690,0.00 
2025/11/9 6:00,-1.15 ,2.440,0.00 
2025/11/9 7:00,-1.40 ,2.230,0.00 
2025/11/9 8:00,2.70 ,2.780,0.00 
2025/11/9 9:00,7.27 ,3.330,0.00 
2025/11/9 10:00,10.10 ,3.370,0.00 
2025/11/9 11:00,11.64 ,3.010,-644.94 
2025/11/9 12:00,12.35 ,2.480,-29015.48 
2025/11/9 13:00,12.68 ,2.030,-47291.40 
2025/11/9 14:00,13.10 ,1.850,-62661.05 
2025/11/9 15:00,13.60 ,2.010,-71892.14 
2025/11/9 16:00,13.08 ,2.320,-54904.45 
2025/11/9 17:00,11.75 ,2.660,0.00 
2025/11/9 18:00,9.93 ,2.930,0.00 
2025/11/9 19:00,7.94 ,3.100,0.00 
2025/11/9 20:00,6.10 ,3.190,0.00 
2025/11/9 21:00,4.67 ,3.240,0.00 
2025/11/9 22:00,3.62 ,3.300,0.00 
2025/11/9 23:00,2.84 ,3.350,0.00 
2025/11/10 0:00,2.23 ,3.440,0.00 
2025/11/10 1:00,1.68 ,3.480,0.00 
2025/11/10 2:00,1.10 ,3.490,0.00 
2025/11/10 3:00,0.41 ,3.470,0.00 
2025/11/10 4:00,-0.31 ,3.360,0.00 
2025/11/10 5:00,-0.95 ,3.260,0.00 
2025/11/10 6:00,-1.42 ,3.150,0.00 
2025/11/10 7:00,-1.60 ,3.060,0.00 
2025/11/10 8:00,-0.60 ,3.180,0.00 
2025/11/10 9:00,1.36 ,3.440,0.00 
2025/11/10 10:00,3.72 ,3.640,0.00 
2025/11/10 11:00,6.18 ,3.780,0.00 
2025/11/10 12:00,8.46 ,3.840,0.00 
2025/11/10 13:00,10.26 ,3.830,-851.59 
2025/11/10 14:00,11.30 ,3.830,0.00 
2025/11/10 15:00,11.50 ,3.950,-5103.22 
2025/11/10 16:00,11.06 ,4.180,-10500.16 
2025/11/10 17:00,9.95 ,4.380,0.00 
2025/11/10 18:00,8.46 ,4.500,0.00 
2025/11/10 19:00,6.91 ,4.530,0.00 
2025/11/10 20:00,5.60 ,4.530,0.00 
2025/11/10 21:00,4.76 ,4.540,0.00 
2025/11/10 22:00,4.32 ,4.570,0.00 
2025/11/10 23:00,4.14 ,4.590,0.00 
2025/11/11 0:00,4.07 ,4.580,0.00 
2025/11/11 1:00,3.97 ,4.520,0.00 
2025/11/11 2:00,3.70 ,4.360,0.00 
2025/11/11 3:00,3.16 ,4.090,0.00 
2025/11/11 4:00,2.45 ,3.770,0.00 
2025/11/11 5:00,1.75 ,3.440,0.00 
2025/11/11 6:00,1.22 ,3.140,0.00 
2025/11/11 7:00,1.00 ,2.890,0.00 
2025/11/11 8:00,4.80 ,3.470,0.00 
2025/11/11 9:00,9.02 ,4.160,0.00 
2025/11/11 10:00,11.59 ,4.330,-204.20 
2025/11/11 11:00,12.93 ,4.090,-12542.21 
2025/11/11 12:00,13.47 ,3.650,-33425.79 
2025/11/11 13:00,13.62 ,3.240,-46302.18 
2025/11/11 14:00,13.80 ,3.030,-57771.66 
2025/11/11 15:00,14.10 ,3.100,-22438.22 
2025/11/11 16:00,13.71 ,3.250,-41026.61 
2025/11/11 17:00,12.66 ,3.400,0.00 
2025/11/11 18:00,11.19 ,3.500,0.00 
2025/11/11 19:00,9.50 ,3.550,0.00 
2025/11/11 20:00,7.80 ,3.550,0.00 
2025/11/11 21:00,6.27 ,3.520,0.00 
2025/11/11 22:00,4.95 ,3.480,0.00 
2025/11/11 23:00,3.81 ,3.440,0.00 
2025/11/12 0:00,2.84 ,3.410,0.00 
2025/11/12 1:00,2.04 ,3.390,0.00 
2025/11/12 2:00,1.40 ,3.390,0.00 
2025/11/12 3:00,0.90 ,3.400,0.00 
2025/11/12 4:00,0.53 ,3.420,0.00 
2025/11/12 5:00,0.28 ,3.440,0.00 
2025/11/12 6:00,0.14 ,3.450,0.00 
2025/11/12 7:00,0.10 ,3.440,0.00 
2025/11/12 8:00,1.70 ,3.810,0.00 
2025/11/12 9:00,3.65 ,4.240,0.00 
2025/11/12 10:00,5.11 ,4.480,0.00 
2025/11/12 11:00,6.19 ,4.550,0.00 
2025/11/12 12:00,7.02 ,4.500,0.00 
2025/11/12 13:00,7.71 ,4.400,0.00 
2025/11/12 14:00,8.40 ,4.300,0.00 
2025/11/12 15:00,8.90 ,4.200,0.00 
2025/11/12 16:00,8.64 ,3.960,0.00 
2025/11/12 17:00,7.97 ,3.690,0.00 
2025/11/12 18:00,7.02 ,3.460,0.00 
2025/11/12 19:00,5.95 ,3.290,0.00 
2025/11/12 20:00,4.90 ,3.220,0.00 
2025/11/12 21:00,3.99 ,3.240,0.00 
2025/11/12 22:00,3.23 ,3.330,0.00 
2025/11/12 23:00,2.59 ,3.470,0.00 
2025/11/13 0:00,2.05 ,3.610,0.00 
2025/11/13 1:00,1.60 ,3.750,0.00 
2025/11/13 2:00,1.20 ,3.870,0.00 
2025/11/13 3:00,0.85 ,3.870,0.00 
2025/11/13 4:00,0.54 ,3.890,0.00 
2025/11/13 5:00,0.31 ,3.790,0.00 
2025/11/13 6:00,0.15 ,3.770,0.00 
2025/11/13 7:00,0.10 ,3.630,0.00 
2025/11/13 8:00,1.90 ,3.940,0.00 
2025/11/13 9:00,3.94 ,4.110,0.00 
2025/11/13 10:00,5.25 ,3.920,0.00 
2025/11/13 11:00,6.01 ,3.470,-334.77 
2025/11/13 12:00,6.40 ,2.910,0.00 
2025/11/13 13:00,6.60 ,2.360,-4263.21 
2025/11/13 14:00,6.80 ,1.950,0.00 
2025/11/13 15:00,7.00 ,1.720,-7354.13 
2025/11/13 16:00,6.72 ,1.610,0.00 
2025/11/13 17:00,6.00 ,1.580,0.00 
2025/11/13 18:00,5.01 ,1.590,0.00 
2025/11/13 19:00,3.92 ,1.610,0.00 
2025/11/13 20:00,2.90 ,1.620,0.00 
2025/11/13 21:00,2.09 ,1.620,0.00 
2025/11/13 22:00,1.46 ,1.610,0.00 
2025/11/13 23:00,0.94 ,1.620,0.00 
2025/11/14 0:00,0.47 ,1.630,0.00 
2025/11/14 1:00,-0.02 ,1.650,0.00 
2025/11/14 2:00,-0.60 ,1.700,0.00 
2025/11/14 3:00,-1.30 ,1.770,0.00 
2025/11/14 4:00,-2.05 ,1.830,0.00 
2025/11/14 5:00,-2.72 ,1.890,0.00 
2025/11/14 6:00,-3.21 ,1.950,0.00 
2025/11/14 7:00,-3.40 ,2.000,0.00 
2025/11/14 8:00,-1.50 ,2.370,0.00 
2025/11/14 9:00,0.74 ,2.790,0.00 
2025/11/14 10:00,2.33 ,2.940,0.00 
2025/11/14 11:00,3.45 ,2.930,-1564.50 
2025/11/14 12:00,4.29 ,2.830,-1088.56 
2025/11/14 13:00,5.04 ,2.740,-475.41 
2025/11/14 14:00,5.90 ,2.750,0.00 
2025/11/14 15:00,6.60 ,2.880,0.00 
2025/11/14 16:00,6.36 ,2.940,0.00 
2025/11/14 17:00,5.73 ,2.990,0.00 
2025/11/14 18:00,4.90 ,3.010,0.00 
2025/11/14 19:00,4.04 ,2.980,0.00 
2025/11/14 20:00,3.30 ,2.920,0.00 
2025/11/14 21:00,2.82 ,2.820,0.00 
2025/11/14 22:00,2.55 ,2.710,0.00 
2025/11/14 23:00,2.41 ,2.590,0.00 
2025/11/15 0:00,2.29 ,2.480,0.00 
2025/11/15 1:00,2.12 ,2.380,0.00 
2025/11/15 2:00,1.80 ,2.320,0.00 
2025/11/15 3:00,1.28 ,2.300,0.00 
2025/11/15 4:00,0.65 ,2.300,0.00 
2025/11/15 5:00,0.04 ,2.320,0.00 
2025/11/15 6:00,-0.42 ,2.300,0.00 
2025/11/15 7:00,-0.60 ,2.310,0.00 
2025/11/15 8:00,1.40 ,2.680,0.00 
2025/11/15 9:00,3.84 ,3.010,0.00 
2025/11/15 10:00,5.66 ,3.100,0.00 
2025/11/15 11:00,7.00 ,2.990,-403.62 
2025/11/15 12:00,8.02 ,2.760,-9850.59 
2025/11/15 13:00,8.87 ,2.490,-19966.38 
2025/11/15 14:00,9.70 ,2.310,-26543.87 
2025/11/15 15:00,10.30 ,2.240,-34058.32 
2025/11/15 16:00,9.99 ,2.200,-27235.01 
2025/11/15 17:00,9.19 ,2.230,0.00 
2025/11/15 18:00,8.07 ,2.290,0.00 
2025/11/15 19:00,6.82 ,2.380,0.00 
2025/11/15 20:00,5.60 ,2.470,0.00 
2025/11/15 21:00,4.56 ,2.590,0.00 
2025/11/15 22:00,3.69 ,2.710,0.00 
2025/11/15 23:00,2.95 ,2.820,0.00 
2025/11/16 0:00,2.28 ,2.910,0.00 
2025/11/16 1:00,1.65 ,2.970,0.00 
2025/11/16 2:00,1.00 ,2.970,0.00 
2025/11/16 3:00,0.31 ,2.910,0.00 
2025/11/16 4:00,-0.36 ,2.760,0.00 
2025/11/16 5:00,-0.94 ,2.620,0.00 
2025/11/16 6:00,-1.35 ,2.460,0.00 
2025/11/16 7:00,-1.50 ,2.300,0.00 
2025/11/16 8:00,3.00 ,3.000,0.00 
2025/11/16 9:00,8.06 ,3.770,0.00 
2025/11/16 10:00,11.23 ,3.970,-2419.34 
2025/11/16 11:00,12.96 ,3.660,-26007.09 
2025/11/16 12:00,13.73 ,3.090,-51194.51 
2025/11/16 13:00,13.99 ,2.570,-58391.65 
2025/11/16 14:00,14.20 ,2.300,-6768.95 
2025/11/16 15:00,14.50 ,2.390,-45250.24 
2025/11/16 16:00,14.11 ,2.660,-64701.21 
2025/11/16 17:00,13.12 ,2.980,0.00 
2025/11/16 18:00,11.78 ,3.240,0.00 
2025/11/16 19:00,10.35 ,3.420,0.00 
2025/11/16 20:00,9.10 ,3.510,0.00 
2025/11/16 21:00,8.22 ,3.530,0.00 
2025/11/16 22:00,7.64 ,3.520,0.00 
2025/11/16 23:00,7.22 ,3.470,0.00 
2025/11/17 0:00,6.83 ,3.380,0.00 
2025/11/17 1:00,6.34 ,3.280,0.00 
2025/11/17 2:00,5.60 ,3.140,0.00 
2025/11/17 3:00,4.54 ,2.980,0.00 
2025/11/17 4:00,3.33 ,2.800,0.00 
2025/11/17 5:00,2.18 ,2.630,0.00 
2025/11/17 6:00,1.33 ,2.480,0.00 
2025/11/17 7:00,1.00 ,2.380,0.00 
2025/11/17 8:00,5.20 ,3.060,0.00 
2025/11/17 9:00,9.77 ,3.810,0.00 
2025/11/17 10:00,12.43 ,3.980,-3073.41 
2025/11/17 11:00,13.74 ,3.670,0.00 
2025/11/17 12:00,14.21 ,3.150,-21819.85 
2025/11/17 13:00,14.39 ,2.690,-65253.94 
2025/11/17 14:00,14.80 ,2.490,-86118.32 
2025/11/17 15:00,15.40 ,2.640,-77226.06 
2025/11/17 16:00,14.97 ,2.880,-17774.99 
2025/11/17 17:00,13.86 ,3.160,0.00 
2025/11/17 18:00,12.33 ,3.380,0.00 
2025/11/17 19:00,10.66 ,3.510,0.00 
2025/11/17 20:00,9.10 ,3.570,0.00 
2025/11/17 21:00,7.87 ,3.590,0.00 
2025/11/17 22:00,6.92 ,3.600,0.00 
2025/11/17 23:00,6.17 ,3.620,0.00 
2025/11/18 0:00,5.51 ,3.650,0.00 
2025/11/18 1:00,4.86 ,3.680,0.00 
2025/11/18 2:00,4.10 ,3.700,0.00 
2025/11/18 3:00,3.19 ,3.710,0.00 
2025/11/18 4:00,2.23 ,3.700,0.00 
2025/11/18 5:00,1.37 ,3.650,0.00 
2025/11/18 6:00,0.74 ,3.580,0.00 
2025/11/18 7:00,0.50 ,3.500,0.00 
2025/11/18 8:00,1.60 ,3.610,0.00 
2025/11/18 9:00,3.87 ,3.810,0.00 
2025/11/18 10:00,6.67 ,3.930,-7456.55 
2025/11/18 11:00,9.63 ,3.860,-15668.82 
2025/11/18 12:00,12.39 ,3.550,0.00 
2025/11/18 13:00,14.57 ,3.110,-19414.25 
2025/11/18 14:00,15.80 ,2.780,-944.00 
2025/11/18 15:00,16.00 ,2.850,-27138.91 
2025/11/18 16:00,15.35 ,3.250,-28033.78 
2025/11/18 17:00,13.70 ,3.660,0.00 
2025/11/18 18:00,11.53 ,3.920,0.00 
2025/11/18 19:00,9.31 ,3.980,0.00 
2025/11/18 20:00,7.50 ,3.920,0.00 
2025/11/18 21:00,6.46 ,3.810,0.00 
2025/11/18 22:00,6.07 ,3.710,0.00 
2025/11/18 23:00,6.11 ,3.600,0.00 
2025/11/19 0:00,6.37 ,3.480,0.00 
2025/11/19 1:00,6.60 ,3.340,0.00 
2025/11/19 2:00,6.60 ,3.200,0.00 
2025/11/19 3:00,6.20 ,3.060,0.00 
2025/11/19 4:00,5.54 ,2.930,0.00 
2025/11/19 5:00,4.82 ,2.820,0.00 
2025/11/19 6:00,4.24 ,2.720,0.00 
2025/11/19 7:00,4.00 ,2.640,0.00 
2025/11/19 8:00,6.80 ,3.060,0.00 
2025/11/19 9:00,10.23 ,3.520,0.00 
2025/11/19 10:00,12.75 ,3.620,0.00 
2025/11/19 11:00,14.50 ,3.410,-407.02 
2025/11/19 12:00,15.63 ,3.040,-43958.91 
2025/11/19 13:00,16.28 ,2.700,-74562.44 
2025/11/19 14:00,16.60 ,2.570,-93015.97 
2025/11/19 15:00,16.70 ,2.790,-102418.37 
2025/11/19 16:00,16.21 ,3.210,-86838.86 
2025/11/19 17:00,14.94 ,3.620,-2596.55 
2025/11/19 18:00,13.19 ,3.920,0.00 
2025/11/19 19:00,11.24 ,4.070,0.00 
2025/11/19 20:00,9.40 ,4.100,0.00 
2025/11/19 21:00,7.89 ,4.070,0.00 
2025/11/19 22:00,6.71 ,4.020,0.00 
2025/11/19 23:00,5.79 ,3.980,0.00 
2025/11/20 0:00,5.06 ,3.950,0.00 
2025/11/20 1:00,4.45 ,3.920,0.00 
2025/11/20 2:00,3.90 ,3.910,0.00 
2025/11/20 3:00,3.35 ,3.900,0.00 
2025/11/20 4:00,2.83 ,3.890,0.00 
2025/11/20 5:00,2.40 ,3.850,0.00 
2025/11/20 6:00,2.11 ,3.780,0.00 
2025/11/20 7:00,2.00 ,3.660,0.00 
2025/11/20 8:00,4.70 ,4.190,0.00 
2025/11/20 9:00,8.15 ,4.810,0.00 
2025/11/20 10:00,10.91 ,5.000,-366.18 
2025/11/20 11:00,13.08 ,4.800,-13021.86 
2025/11/20 12:00,14.79 ,4.330,-29106.25 
2025/11/20 13:00,16.15 ,3.830,-45751.88 
2025/11/20 14:00,17.30 ,3.560,-59424.90 
2025/11/20 15:00,18.00 ,3.670,-58494.13 
2025/11/20 16:00,17.44 ,3.930,-9993.89 
2025/11/20 17:00,16.00 ,4.240,0.00 
2025/11/20 18:00,14.01 ,4.460,0.00 
2025/11/20 19:00,11.83 ,4.540,0.00 
2025/11/20 20:00,9.80 ,4.520,0.00 
2025/11/20 21:00,8.19 ,4.460,0.00 
2025/11/20 22:00,6.96 ,4.410,0.00 
2025/11/20 23:00,6.02 ,4.370,0.00 
2025/11/21 0:00,5.27 ,4.340,0.00 
2025/11/21 1:00,4.60 ,4.310,0.00 
2025/11/21 2:00,3.90 ,4.270,0.00 
2025/11/21 3:00,3.11 ,4.200,0.00 
2025/11/21 4:00,2.31 ,4.100,0.00 
2025/11/21 5:00,1.60 ,3.970,0.00 
2025/11/21 6:00,1.09 ,3.830,0.00 
2025/11/21 7:00,0.90 ,3.680,0.00 
2025/11/21 8:00,3.50 ,4.150,0.00 
2025/11/21 9:00,7.14 ,4.760,0.00 
2025/11/21 10:00,10.36 ,5.010,0.00 
2025/11/21 11:00,13.10 ,4.850,-407.60 
2025/11/21 12:00,15.25 ,4.370,-55654.51 
2025/11/21 13:00,16.75 ,3.800,-49314.72 
2025/11/21 14:00,17.50 ,3.480,-2241.79 
2025/11/21 15:00,17.60 ,3.690,0.00 
2025/11/21 16:00,16.94 ,4.270,-9370.10 
2025/11/21 17:00,15.23 ,4.820,0.00 
2025/11/21 18:00,12.89 ,5.130,0.00 
2025/11/21 19:00,10.35 ,5.160,0.00 
2025/11/21 20:00,8.00 ,5.010,0.00 
2025/11/21 21:00,6.19 ,4.790,0.00 
2025/11/21 22:00,4.88 ,4.580,0.00 
2025/11/21 23:00,3.96 ,4.390,0.00 
2025/11/22 0:00,3.32 ,4.230,0.00 
2025/11/22 1:00,2.84 ,4.070,0.00 
2025/11/22 2:00,2.40 ,3.930,0.00 
2025/11/22 3:00,1.92 ,3.790,0.00 
2025/11/22 4:00,1.44 ,3.650,0.00 
2025/11/22 5:00,1.02 ,3.520,0.00 
2025/11/22 6:00,0.71 ,3.380,0.00 
2025/11/22 7:00,0.60 ,3.240,0.00 
2025/11/22 8:00,2.40 ,3.480,0.00 
2025/11/22 9:00,5.05 ,3.840,0.00 
2025/11/22 10:00,7.51 ,4.060,0.00 
2025/11/22 11:00,9.67 ,4.130,0.00 
2025/11/22 12:00,11.37 ,4.070,0.00 
2025/11/22 13:00,12.50 ,3.990,0.00 
2025/11/22 14:00,12.90 ,3.980,-14677.21 
2025/11/22 15:00,12.53 ,4.140,0.00 
2025/11/22 16:00,11.57 ,4.390,0.00 
2025/11/22 17:00,10.22 ,4.630,0.00 
2025/11/22 18:00,8.69 ,4.810,0.00 
2025/11/22 19:00,7.18 ,4.900,0.00 
2025/11/22 20:00,5.90 ,4.920,0.00 
2025/11/22 21:00,5.00 ,4.910,0.00 
2025/11/22 22:00,4.41 ,4.890,0.00 
2025/11/22 23:00,4.00 ,4.850,0.00 
2025/11/23 0:00,3.63 ,4.770,0.00 
2025/11/23 1:00,3.17 ,4.620,0.00 
2025/11/23 2:00,2.50 ,4.390,0.00 
2025/11/23 3:00,1.54 ,4.080,0.00 
2025/11/23 4:00,0.43 ,3.740,0.00 
2025/11/23 5:00,-0.62 ,3.380,0.00 
2025/11/23 6:00,-1.40 ,3.120,0.00 
2025/11/23 7:00,-1.70 ,2.960,0.00 
2025/11/23 8:00,1.90 ,3.810,0.00 
2025/11/23 9:00,6.03 ,4.820,0.00 
2025/11/23 10:00,8.72 ,5.430,0.00 
2025/11/23 11:00,10.27 ,5.630,0.00 
2025/11/23 12:00,10.99 ,5.560,0.00 
2025/11/23 13:00,11.20 ,5.420,0.00 
2025/11/23 14:00,11.20 ,5.410,0.00 
2025/11/23 15:00,10.87 ,5.520,0.00 
2025/11/23 16:00,10.02 ,5.560,0.00 
2025/11/23 17:00,8.88 ,5.510,0.00 
2025/11/23 18:00,7.66 ,5.350,0.00 
2025/11/23 19:00,6.60 ,5.090,0.00 
2025/11/23 20:00,5.90 ,4.760,0.00 
2025/11/23 21:00,5.75 ,4.370,0.00 
2025/11/23 22:00,6.09 ,3.920,0.00 
2025/11/23 23:00,6.84 ,3.430,0.00 
2025/11/24 0:00,7.91 ,2.920,0.00 
2025/11/24 1:00,9.19 ,2.430,0.00 
2025/11/24 2:00,10.60 ,2.070,0.00 
2025/11/24 3:00,11.93 ,1.920,0.00 
2025/11/24 4:00,12.50 ,1.940,0.00 
2025/11/24 5:00,11.79 ,1.980,0.00 
2025/11/24 6:00,10.32 ,2.000,0.00 
2025/11/24 7:00,8.86 ,2.000,0.00 
2025/11/24 8:00,8.20 ,2.030,0.00 
2025/11/24 9:00,8.33 ,2.040,0.00 
2025/11/24 10:00,8.64 ,1.980,-466.15 
2025/11/24 11:00,9.05 ,1.870,-11018.98 
2025/11/24 12:00,9.46 ,1.720,-30607.14 
2025/11/24 13:00,9.77 ,1.560,-44091.48 
2025/11/24 14:00,9.90 ,1.440,-52866.78 
2025/11/24 15:00,9.25 ,1.330,-16620.00 
2025/11/24 16:00,7.74 ,1.230,-24190.33 
2025/11/24 17:00,5.98 ,1.150,0.00 
2025/11/24 18:00,4.62 ,1.130,0.00 
2025/11/24 19:00,4.30 ,1.200,0.00 
2025/11/24 20:00,5.10 ,1.360,0.00 
2025/11/24 21:00,5.42 ,1.470,0.00 
2025/11/24 22:00,5.00 ,1.480,0.00 
2025/11/24 23:00,4.07 ,1.430,0.00 
2025/11/25 0:00,2.83 ,1.320,0.00 
2025/11/25 1:00,1.50 ,1.210,0.00 
2025/11/25 2:00,0.30 ,1.110,0.00 
2025/11/25 3:00,-0.60 ,1.030,0.00 
2025/11/25 4:00,-1.20 ,0.970,0.00 
2025/11/25 5:00,-1.57 ,0.920,0.00 
2025/11/25 6:00,-1.75 ,0.870,0.00 
2025/11/25 7:00,-1.80 ,0.810,0.00 
2025/11/25 8:00,-0.60 ,0.810,0.00 
2025/11/25 9:00,0.70 ,0.790,0.00 
2025/11/25 10:00,1.54 ,0.700,-51.89 
2025/11/25 11:00,2.15 ,0.590,-5697.01 
2025/11/25 12:00,2.78 ,0.510,-22554.43 
2025/11/25 13:00,3.68 ,0.470,-35199.51 
2025/11/25 14:00,5.10 ,0.540,-42194.15 
2025/11/25 15:00,6.40 ,0.720,-54125.53 
2025/11/25 16:00,5.92 ,0.910,-37183.96 
2025/11/25 17:00,4.75 ,1.070,0.00 
2025/11/25 18:00,3.27 ,1.180,0.00 
2025/11/25 19:00,1.89 ,1.230,0.00 
2025/11/25 20:00,1.00 ,1.250,0.00 
2025/11/25 21:00,0.87 ,1.270,0.00 
2025/11/25 22:00,1.33 ,1.280,0.00 
2025/11/25 23:00,2.06 ,1.270,0.00 
2025/11/26 0:00,2.79 ,1.230,0.00 
2025/11/26 1:00,3.20 ,1.160,0.00 
2025/11/26 2:00,3.00 ,1.070,0.00 
2025/11/26 3:00,2.01 ,0.970,0.00 
2025/11/26 4:00,0.52 ,0.880,0.00 
2025/11/26 5:00,-1.05 ,0.790,0.00 
2025/11/26 6:00,-2.29 ,0.740,0.00 
2025/11/26 7:00,-2.80 ,0.740,0.00 
2025/11/26 8:00,0.10 ,0.980,0.00 
2025/11/26 9:00,2.94 ,1.220,0.00 
2025/11/26 10:00,4.17 ,1.330,-281.20 
2025/11/26 11:00,4.34 ,1.340,-9125.74 
2025/11/26 12:00,3.98 ,1.320,-27037.59 
2025/11/26 13:00,3.62 ,1.310,-37711.06 
2025/11/26 14:00,3.80 ,1.380,-41829.02 
2025/11/26 15:00,4.40 ,1.540,-51170.37 
2025/11/26 16:00,4.06 ,1.620,-33689.48 
2025/11/26 17:00,3.20 ,1.650,0.00 
2025/11/26 18:00,2.08 ,1.620,0.00 
2025/11/26 19:00,0.96 ,1.550,0.00 
2025/11/26 20:00,0.10 ,1.480,0.00 
2025/11/26 21:00,-0.33 ,1.380,0.00 
2025/11/26 22:00,-0.43 ,1.310,0.00 
2025/11/26 23:00,-0.39 ,1.260,0.00 
2025/11/27 0:00,-0.40 ,1.230,0.00 
2025/11/27 1:00,-0.64 ,1.220,0.00 
2025/11/27 2:00,-1.30 ,1.240,0.00 
2025/11/27 3:00,-2.48 ,1.280,0.00 
2025/11/27 4:00,-3.94 ,1.310,0.00 
2025/11/27 5:00,-5.37 ,1.320,0.00 
2025/11/27 6:00,-6.47 ,1.330,0.00 
2025/11/27 7:00,-6.90 ,1.360,0.00 
2025/11/27 8:00,-4.80 ,1.650,0.00 
2025/11/27 9:00,-2.00 ,1.980,0.00 
2025/11/27 10:00,0.34 ,2.160,-4567.97 
2025/11/27 11:00,2.22 ,2.100,-6787.51 
2025/11/27 12:00,3.67 ,1.900,0.00 
2025/11/27 13:00,4.69 ,1.640,-5107.91 
2025/11/27 14:00,5.30 ,1.430,0.00 
2025/11/27 15:00,5.50 ,1.370,0.00 
2025/11/27 16:00,5.11 ,1.410,-307.16 
2025/11/27 17:00,4.12 ,1.500,0.00 
2025/11/27 18:00,2.79 ,1.600,0.00 
2025/11/27 19:00,1.40 ,1.670,0.00 
2025/11/27 20:00,0.20 ,1.720,0.00 
2025/11/27 21:00,-0.60 ,1.740,0.00 
2025/11/27 22:00,-1.06 ,1.760,0.00 
2025/11/27 23:00,-1.29 ,1.790,0.00 
2025/11/28 0:00,-1.43 ,1.830,0.00 
2025/11/28 1:00,-1.59 ,1.830,0.00 
2025/11/28 2:00,-1.90 ,1.800,0.00 
2025/11/28 3:00,-2.43 ,1.740,0.00 
2025/11/28 4:00,-3.08 ,1.660,0.00 
2025/11/28 5:00,-3.72 ,1.580,0.00 
2025/11/28 6:00,-4.21 ,1.500,0.00 
2025/11/28 7:00,-4.40 ,1.440,0.00 
2025/11/28 8:00,-1.20 ,1.810,0.00 
2025/11/28 9:00,2.25 ,2.220,0.00 
2025/11/28 10:00,4.24 ,2.340,0.00 
2025/11/28 11:00,5.16 ,2.270,0.00 
2025/11/28 12:00,5.43 ,2.110,0.00 
2025/11/28 13:00,5.48 ,1.990,0.00 
2025/11/28 14:00,5.70 ,2.000,0.00 
2025/11/28 15:00,6.10 ,2.160,-1245.41 
2025/11/28 16:00,5.85 ,2.330,0.00 
2025/11/28 17:00,5.18 ,2.480,0.00 
2025/11/28 18:00,4.18 ,2.570,0.00 
2025/11/28 19:00,2.95 ,2.570,0.00 
2025/11/28 20:00,1.60 ,2.480,0.00 
2025/11/28 21:00,0.26 ,2.320,0.00 
2025/11/28 22:00,-0.78 ,2.130,0.00 
2025/11/28 23:00,-1.20 ,2.040,0.00 
2025/11/29 0:00,-0.53 ,2.110,0.00 
2025/11/29 1:00,0.89 ,2.330,0.00 
2025/11/29 2:00,2.20 ,2.530,0.00 
2025/11/29 3:00,2.74 ,2.640,0.00 
2025/11/29 4:00,2.64 ,2.640,0.00 
2025/11/29 5:00,2.23 ,2.580,0.00 
2025/11/29 6:00,1.84 ,2.490,0.00 
2025/11/29 7:00,1.78 ,2.400,0.00 
2025/11/29 8:00,2.40 ,2.350,0.00 
2025/11/29 9:00,3.88 ,2.320,0.00 
2025/11/29 10:00,5.87 ,2.260,0.00 
2025/11/29 11:00,7.90 ,2.130,-1061.85 
2025/11/29 12:00,9.47 ,1.910,-13109.60 
2025/11/29 13:00,10.10 ,1.680,-26126.78 
2025/11/29 14:00,9.20 ,1.520,-21985.44 
2025/11/29 15:00,7.75 ,1.570,0.00 
2025/11/29 16:00,6.26 ,1.760,-273.96 
2025/11/29 17:00,4.84 ,1.980,0.00 
2025/11/29 18:00,3.61 ,2.170,0.00 
2025/11/29 19:00,2.69 ,2.280,0.00 
2025/11/29 20:00,2.20 ,2.310,0.00 
2025/11/29 21:00,2.19 ,2.230,0.00 
2025/11/29 22:00,2.51 ,2.070,0.00 
2025/11/29 23:00,2.95 ,1.830,0.00 
2025/11/30 0:00,3.29 ,1.560,0.00 
2025/11/30 1:00,3.31 ,1.310,0.00 
2025/11/30 2:00,2.80 ,1.150,0.00 
2025/11/30 3:00,1.65 ,1.130,0.00 
2025/11/30 4:00,0.12 ,1.170,0.00 
2025/11/30 5:00,-1.43 ,1.220,0.00 
2025/11/30 6:00,-2.62 ,1.280,0.00 
2025/11/30 7:00,-3.10 ,1.360,0.00 
2025/11/30 8:00,-2.10 ,1.540,0.00 
2025/11/30 9:00,-0.57 ,1.680,0.00 
2025/11/30 10:00,0.94 ,1.720,0.00 
2025/11/30 11:00,2.37 ,1.630,0.00 
2025/11/30 12:00,3.67 ,1.460,-15947.84 
2025/11/30 13:00,4.77 ,1.290,-9354.08 
2025/11/30 14:00,5.60 ,1.180,0.00 
2025/11/30 15:00,6.00 ,1.210,0.00 
2025/11/30 16:00,5.52 ,1.330,0.00 
2025/11/30 17:00,4.32 ,1.460,0.00 
2025/11/30 18:00,2.74 ,1.560,0.00 
2025/11/30 19:00,1.12 ,1.630,0.00 
2025/11/30 20:00,-0.20 ,1.660,0.00 
2025/11/30 21:00,-0.95 ,1.690,0.00 
2025/11/30 22:00,-1.24 ,1.750,0.00 
2025/11/30 23:00,-1.22 ,1.830,0.00 
2025/12/1 0:00,-1.10 ,1.920,0.00 
2025/12/1 1:00,-1.03 ,2.020,0.00 
2025/12/1 2:00,-1.20 ,2.120,0.00 
2025/12/1 3:00,-1.73 ,2.200,0.00 
2025/12/1 4:00,-2.47 ,2.230,0.00 
2025/12/1 5:00,-3.25 ,2.240,0.00 
2025/12/1 6:00,-3.85 ,2.220,0.00 
2025/12/1 7:00,-4.10 ,2.220,0.00 
2025/12/1 8:00,-4.00 ,2.190,0.00 
2025/12/1 9:00,-3.00 ,2.210,0.00 
2025/12/1 10:00,-1.17 ,2.300,0.00 
2025/12/1 11:00,1.13 ,2.380,0.00 
2025/12/1 12:00,3.53 ,2.370,0.00 
2025/12/1 13:00,5.64 ,2.320,-712.18 
2025/12/1 14:00,7.10 ,2.300,0.00 
2025/12/1 15:00,7.60 ,2.380,0.00 
2025/12/1 16:00,7.12 ,2.520,0.00 
2025/12/1 17:00,5.89 ,2.670,0.00 
2025/12/1 18:00,4.21 ,2.750,0.00 
2025/12/1 19:00,2.38 ,2.770,0.00 
2025/12/1 20:00,0.70 ,2.730,0.00 
2025/12/1 21:00,-0.58 ,2.640,0.00 
2025/12/1 22:00,-1.48 ,2.570,0.00 
2025/12/1 23:00,-2.06 ,2.500,0.00 
2025/12/2 0:00,-2.41 ,2.420,0.00 
2025/12/2 1:00,-2.60 ,2.340,0.00 
2025/12/2 2:00,-2.70 ,2.240,0.00 
2025/12/2 3:00,-2.77 ,2.120,0.00 
2025/12/2 4:00,-2.83 ,1.970,0.00 
2025/12/2 5:00,-2.87 ,1.810,0.00 
2025/12/2 6:00,-2.89 ,1.650,0.00 
2025/12/2 7:00,-2.90 ,1.510,0.00 
2025/12/2 8:00,0.30 ,1.830,0.00 
2025/12/2 9:00,3.68 ,2.190,0.00 
2025/12/2 10:00,5.50 ,2.390,0.00 
2025/12/2 11:00,6.18 ,2.460,0.00 
2025/12/2 12:00,6.14 ,2.460,0.00 
2025/12/2 13:00,5.81 ,2.450,0.00 
2025/12/2 14:00,5.60 ,2.500,-1359.66 
2025/12/2 15:00,5.40 ,2.580,0.00 
2025/12/2 16:00,4.91 ,2.630,0.00 
2025/12/2 17:00,4.29 ,2.650,0.00 
2025/12/2 18:00,3.71 ,2.670,0.00 
2025/12/2 19:00,3.33 ,2.710,0.00 
2025/12/2 20:00,3.30 ,2.790,0.00 
2025/12/2 21:00,3.60 ,2.920,0.00 
2025/12/2 22:00,3.61 ,2.960,0.00 
2025/12/2 23:00,3.30 ,2.920,0.00 
2025/12/3 0:00,2.86 ,2.840,0.00 
2025/12/3 1:00,2.47 ,2.760,0.00 
2025/12/3 2:00,2.30 ,2.740,0.00 
2025/12/3 3:00,2.24 ,2.740,0.00 
2025/12/3 4:00,2.09 ,2.730,0.00 
2025/12/3 5:00,1.90 ,2.720,0.00 
2025/12/3 6:00,1.71 ,2.710,0.00 
2025/12/3 7:00,1.56 ,2.720,0.00 
2025/12/3 8:00,1.50 ,2.750,0.00 
2025/12/3 9:00,1.30 ,2.760,0.00 
2025/12/3 10:00,1.16 ,2.780,0.00 
2025/12/3 11:00,1.19 ,2.830,0.00 
2025/12/3 12:00,1.35 ,2.900,0.00 
2025/12/3 13:00,1.57 ,2.990,0.00 
2025/12/3 14:00,1.80 ,3.070,0.00 
2025/12/3 15:00,2.00 ,3.130,0.00 
2025/12/3 16:00,2.14 ,3.190,0.00 
2025/12/3 17:00,2.22 ,3.240,0.00 
2025/12/3 18:00,2.21 ,3.290,0.00 
2025/12/3 19:00,2.11 ,3.350,0.00 
2025/12/3 20:00,1.90 ,3.440,0.00 
2025/12/3 21:00,1.58 ,3.530,0.00 
2025/12/3 22:00,1.18 ,3.620,0.00 
2025/12/3 23:00,0.74 ,3.680,0.00 
2025/12/4 0:00,0.30 ,3.700,0.00 
2025/12/4 1:00,-0.09 ,3.600,0.00 
2025/12/4 2:00,-0.40 ,3.450,0.00 
2025/12/4 3:00,-0.59 ,3.220,0.00 
2025/12/4 4:00,-0.69 ,2.930,0.00 
2025/12/4 5:00,-0.71 ,2.590,0.00 
2025/12/4 6:00,-0.71 ,2.230,0.00 
2025/12/4 7:00,-0.70 ,1.870,0.00 
2025/12/4 8:00,2.10 ,1.920,0.00 
2025/12/4 9:00,5.01 ,1.930,0.00 
2025/12/4 10:00,6.51 ,1.780,-559.15 
2025/12/4 11:00,7.00 ,1.560,-7497.72 
2025/12/4 12:00,6.89 ,1.370,0.00 
2025/12/4 13:00,6.59 ,1.260,-7362.32 
2025/12/4 14:00,6.50 ,1.240,-27454.98 
2025/12/4 15:00,6.70 ,1.340,-52999.79 
2025/12/4 16:00,6.46 ,1.450,-34972.65 
2025/12/4 17:00,5.83 ,1.550,0.00 
2025/12/4 18:00,4.95 ,1.620,0.00 
2025/12/4 19:00,3.96 ,1.660,0.00 
2025/12/4 20:00,3.00 ,1.670,0.00 
2025/12/4 21:00,2.18 ,1.650,0.00 
2025/12/4 22:00,1.47 ,1.620,0.00 
2025/12/4 23:00,0.80 ,1.590,0.00 
2025/12/5 0:00,0.10 ,1.560,0.00 
2025/12/5 1:00,-0.67 ,1.500,0.00 
2025/12/5 2:00,-1.60 ,1.460,0.00 
2025/12/5 3:00,-2.70 ,1.430,0.00 
2025/12/5 4:00,-3.85 ,1.400,0.00 
2025/12/5 5:00,-4.88 ,1.370,0.00 
2025/12/5 6:00,-5.62 ,1.350,0.00 
2025/12/5 7:00,-5.90 ,1.360,0.00 
2025/12/5 8:00,-4.00 ,1.590,0.00 
2025/12/5 9:00,-1.60 ,1.880,0.00 
2025/12/5 10:00,0.31 ,2.060,0.00 
2025/12/5 11:00,1.84 ,2.080,0.00 
2025/12/5 12:00,3.12 ,2.010,-6077.45 
2025/12/5 13:00,4.26 ,1.890,0.00 
2025/12/5 14:00,5.40 ,1.760,0.00 
2025/12/5 15:00,6.20 ,1.630,0.00 
2025/12/5 16:00,6.01 ,1.450,-3614.00 
2025/12/5 17:00,5.53 ,1.280,0.00 
2025/12/5 18:00,4.89 ,1.150,0.00 
2025/12/5 19:00,4.20 ,1.050,0.00 
2025/12/5 20:00,3.60 ,0.970,0.00 
2025/12/5 21:00,3.17 ,0.910,0.00 
2025/12/5 22:00,2.85 ,0.880,0.00 
2025/12/5 23:00,2.53 ,0.870,0.00 
2025/12/6 0:00,2.12 ,0.900,0.00 
2025/12/6 1:00,1.51 ,0.960,0.00 
2025/12/6 2:00,0.60 ,1.050,0.00 
2025/12/6 3:00,-0.65 ,1.140,0.00 
2025/12/6 4:00,-2.05 ,1.220,0.00 
2025/12/6 5:00,-3.36 ,1.270,0.00 
2025/12/6 6:00,-4.32 ,1.300,0.00 
2025/12/6 7:00,-4.70 ,1.340,0.00 
2025/12/6 8:00,-3.40 ,1.510,0.00 
2025/12/6 9:00,-1.50 ,1.660,0.00 
2025/12/6 10:00,0.32 ,1.720,0.00 
2025/12/6 11:00,2.07 ,1.640,-1405.07 
2025/12/6 12:00,3.71 ,1.490,-15886.92 
2025/12/6 13:00,5.26 ,1.340,-31638.97 
2025/12/6 14:00,6.70 ,1.260,-30371.17 
2025/12/6 15:00,7.60 ,1.330,0.00 
2025/12/6 16:00,7.15 ,1.450,0.00 
2025/12/6 17:00,5.99 ,1.590,0.00 
2025/12/6 18:00,4.44 ,1.690,0.00 
2025/12/6 19:00,2.81 ,1.720,0.00 
2025/12/6 20:00,1.40 ,1.700,0.00 
2025/12/6 21:00,0.44 ,1.640,0.00 
2025/12/6 22:00,-0.13 ,1.560,0.00 
2025/12/6 23:00,-0.46 ,1.490,0.00 
2025/12/7 0:00,-0.71 ,1.460,0.00 
2025/12/7 1:00,-1.00 ,1.450,0.00 
2025/12/7 2:00,-1.50 ,1.480,0.00 
2025/12/7 3:00,-2.29 ,1.540,0.00 
2025/12/7 4:00,-3.23 ,1.620,0.00 
2025/12/7 5:00,-4.14 ,1.680,0.00 
2025/12/7 6:00,-4.83 ,1.720,0.00 
2025/12/7 7:00,-5.10 ,1.760,0.00 
2025/12/7 8:00,-4.40 ,1.860,0.00 
2025/12/7 9:00,-2.65 ,2.000,0.00 
2025/12/7 10:00,-0.26 ,2.120,0.00 
2025/12/7 11:00,2.37 ,2.150,0.00 
2025/12/7 12:00,4.87 ,2.020,0.00 
2025/12/7 13:00,6.84 ,1.810,-4508.37 
2025/12/7 14:00,7.90 ,1.640,0.00 
2025/12/7 15:00,8.00 ,1.660,0.00 
2025/12/7 16:00,7.46 ,1.870,0.00 
2025/12/7 17:00,6.09 ,2.120,0.00 
2025/12/7 18:00,4.22 ,2.310,0.00 
2025/12/7 19:00,2.20 ,2.410,0.00 
2025/12/7 20:00,0.40 ,2.440,0.00 
2025/12/7 21:00,-0.93 ,2.410,0.00 
2025/12/7 22:00,-1.82 ,2.400,0.00 
2025/12/7 23:00,-2.39 ,2.400,0.00 
2025/12/8 0:00,-2.76 ,2.410,0.00 
2025/12/8 1:00,-3.06 ,2.410,0.00 
2025/12/8 2:00,-3.40 ,2.370,0.00 
2025/12/8 3:00,-3.86 ,2.310,0.00 
2025/12/8 4:00,-4.39 ,2.210,0.00 
2025/12/8 5:00,-4.89 ,2.110,0.00 
2025/12/8 6:00,-5.26 ,1.990,0.00 
2025/12/8 7:00,-5.40 ,1.880,0.00 
2025/12/8 8:00,-3.80 ,1.990,0.00 
2025/12/8 9:00,-1.10 ,2.220,0.00 
2025/12/8 10:00,1.80 ,2.380,0.00 
2025/12/8 11:00,4.68 ,2.360,0.00 
2025/12/8 12:00,7.30 ,2.180,0.00 
2025/12/8 13:00,9.42 ,1.840,0.00 
2025/12/8 14:00,10.80 ,1.440,0.00 
2025/12/8 15:00,11.33 ,1.120,0.00 
2025/12/8 16:00,11.40 ,0.950,0.00 
2025/12/8 17:00,11.11 ,0.910,0.00 
2025/12/8 18:00,10.37 ,0.950,0.00 
2025/12/8 19:00,9.43 ,1.020,0.00 
2025/12/8 20:00,8.50 ,1.100,0.00 
2025/12/8 21:00,7.75 ,1.170,0.00 
2025/12/8 22:00,7.13 ,1.230,0.00 
2025/12/8 23:00,6.53 ,1.300,0.00 
2025/12/9 0:00,5.83 ,1.380,0.00 
2025/12/9 1:00,4.92 ,1.460,0.00 
2025/12/9 2:00,3.70 ,1.530,0.00 
2025/12/9 3:00,2.12 ,1.580,0.00 
2025/12/9 4:00,0.39 ,1.600,0.00 
2025/12/9 5:00,-1.19 ,1.560,0.00 
2025/12/9 6:00,-2.35 ,1.520,0.00 
2025/12/9 7:00,-2.80 ,1.520,0.00 
2025/12/9 8:00,-0.20 ,1.850,0.00 
2025/12/9 9:00,3.01 ,2.160,0.00 
2025/12/9 10:00,5.40 ,2.200,-130.92 
2025/12/9 11:00,7.10 ,2.030,0.00 
2025/12/9 12:00,8.21 ,1.750,-11563.32 
2025/12/9 13:00,8.87 ,1.510,-2931.30 
2025/12/9 14:00,9.20 ,1.440,-22435.29 
2025/12/9 15:00,9.30 ,1.660,-43985.56 
2025/12/9 16:00,8.91 ,2.040,-22941.53 
2025/12/9 17:00,7.84 ,2.390,0.00 
2025/12/9 18:00,6.19 ,2.590,0.00 
2025/12/9 19:00,4.11 ,2.570,0.00 
2025/12/9 20:00,1.70 ,2.320,0.00 
2025/12/9 21:00,-0.68 ,1.900,0.00 
2025/12/9 22:00,-1.80 ,1.620,0.00 
2025/12/9 23:00,-0.61 ,1.590,0.00 
2025/12/10 0:00,2.21 ,1.690,0.00 
2025/12/10 1:00,5.55 ,1.790,0.00 
2025/12/10 2:00,8.30 ,1.830,0.00 
2025/12/10 3:00,9.40 ,1.770,0.00 
2025/12/10 4:00,9.13 ,1.660,0.00 
2025/12/10 5:00,8.45 ,1.590,0.00 
2025/12/10 6:00,7.58 ,1.530,0.00 
2025/12/10 7:00,6.73 ,1.450,0.00 
2025/12/10 8:00,6.10 ,1.340,0.00 
2025/12/10 9:00,5.85 ,1.180,0.00 
2025/12/10 10:00,5.92 ,1.000,-416.06 
2025/12/10 11:00,6.17 ,0.810,-10902.36 
2025/12/10 12:00,6.48 ,0.630,-29973.03 
2025/12/10 13:00,6.74 ,0.510,-42431.10 
2025/12/10 14:00,6.80 ,0.490,-46295.31 
2025/12/10 15:00,6.58 ,0.590,-52161.31 
2025/12/10 16:00,6.12 ,0.770,-28792.05 
2025/12/10 17:00,5.49 ,0.980,0.00 
2025/12/10 18:00,4.74 ,1.160,0.00 
2025/12/10 19:00,3.96 ,1.290,0.00 
2025/12/10 20:00,3.20 ,1.330,0.00 
2025/12/10 21:00,2.52 ,1.280,0.00 
2025/12/10 22:00,1.88 ,1.180,0.00 
2025/12/10 23:00,1.24 ,1.060,0.00 
2025/12/11 0:00,0.54 ,0.960,0.00 
2025/12/11 1:00,-0.25 ,0.900,0.00 
2025/12/11 2:00,-1.20 ,0.910,0.00 
2025/12/11 3:00,-2.31 ,0.980,0.00 
2025/12/11 4:00,-3.46 ,1.070,0.00 
2025/12/11 5:00,-4.49 ,1.160,0.00 
2025/12/11 6:00,-5.22 ,1.230,0.00 
2025/12/11 7:00,-5.50 ,1.300,0.00 
2025/12/11 8:00,-4.60 ,1.410,0.00 
2025/12/11 9:00,-2.95 ,1.520,0.00 
2025/12/11 10:00,-1.05 ,1.540,0.00 
2025/12/11 11:00,0.96 ,1.470,0.00 
2025/12/11 12:00,2.90 ,1.260,0.00 
2025/12/11 13:00,4.60 ,1.010,-384.83 
2025/12/11 14:00,5.90 ,0.800,-27046.90 
2025/12/11 15:00,6.50 ,0.730,-46480.65 
2025/12/11 16:00,6.03 ,0.800,-23393.43 
2025/12/11 17:00,4.83 ,0.950,0.00 
2025/12/11 18:00,3.21 ,1.110,0.00 
2025/12/11 19:00,1.49 ,1.250,0.00 
2025/12/11 20:00,0.00 ,1.350,0.00 
2025/12/11 21:00,-1.03 ,1.410,0.00 
2025/12/11 22:00,-1.66 ,1.490,0.00 
2025/12/11 23:00,-2.02 ,1.570,0.00 
2025/12/12 0:00,-2.24 ,1.650,0.00 
2025/12/12 1:00,-2.46 ,1.710,0.00 
2025/12/12 2:00,-2.80 ,1.750,0.00 
2025/12/12 3:00,-3.36 ,1.740,0.00 
2025/12/12 4:00,-4.04 ,1.700,0.00 
2025/12/12 5:00,-4.70 ,1.640,0.00 
2025/12/12 6:00,-5.20 ,1.590,0.00 
2025/12/12 7:00,-5.40 ,1.550,0.00 
2025/12/12 8:00,-3.80 ,1.710,0.00 
2025/12/12 9:00,-1.54 ,1.950,0.00 
2025/12/12 10:00,0.56 ,2.120,0.00 
2025/12/12 11:00,2.51 ,2.180,0.00 
2025/12/12 12:00,4.34 ,2.160,0.00 
2025/12/12 13:00,6.06 ,2.090,0.00 
2025/12/12 14:00,7.70 ,2.010,-418.65 
2025/12/12 15:00,9.15 ,1.940,0.00 
2025/12/12 16:00,9.80 ,1.830,0.00 
2025/12/12 17:00,9.16 ,1.640,0.00 
2025/12/12 18:00,7.79 ,1.460,0.00 
2025/12/12 19:00,6.47 ,1.360,0.00 
2025/12/12 20:00,6.00 ,1.390,0.00 
2025/12/12 21:00,6.72 ,1.580,0.00 
2025/12/12 22:00,7.10 ,1.780,0.00 
2025/12/12 23:00,5.69 ,1.800,0.00 
2025/12/13 0:00,3.17 ,1.690,0.00 
2025/12/13 1:00,0.77 ,1.600,0.00 
2025/12/13 2:00,-0.30 ,1.630,0.00 
2025/12/13 3:00,-0.36 ,1.820,0.00 
2025/12/13 4:00,-0.50 ,1.990,0.00 
2025/12/13 5:00,-0.71 ,2.150,0.00 
2025/12/13 6:00,-0.93 ,2.300,0.00 
2025/12/13 7:00,-1.14 ,2.430,0.00 
2025/12/13 8:00,-1.30 ,2.540,0.00 
2025/12/13 9:00,-1.39 ,2.650,0.00 
2025/12/13 10:00,-1.41 ,2.740,0.00 
2025/12/13 11:00,-1.39 ,2.830,0.00 
2025/12/13 12:00,-1.36 ,2.910,0.00 
2025/12/13 13:00,-1.32 ,2.970,0.00 
2025/12/13 14:00,-1.30 ,3.020,0.00 
2025/12/13 15:00,-1.49 ,3.000,0.00 
2025/12/13 16:00,-1.95 ,2.920,0.00 
2025/12/13 17:00,-2.46 ,2.820,0.00 
2025/12/13 18:00,-2.84 ,2.740,0.00 
2025/12/13 19:00,-2.90 ,2.730,0.00 
2025/12/13 20:00,-2.60 ,2.790,0.00 
2025/12/13 21:00,-2.44 ,2.820,0.00 
2025/12/13 22:00,-2.51 ,2.780,0.00 
2025/12/13 23:00,-2.78 ,2.710,0.00 
2025/12/14 0:00,-3.21 ,2.620,0.00 
2025/12/14 1:00,-3.76 ,2.510,0.00 
2025/12/14 2:00,-4.40 ,2.410,0.00 
2025/12/14 3:00,-5.07 ,2.320,0.00 
2025/12/14 4:00,-5.72 ,2.250,0.00 
2025/12/14 5:00,-6.27 ,2.180,0.00 
2025/12/14 6:00,-6.66 ,2.120,0.00 
2025/12/14 7:00,-6.80 ,2.060,0.00 
2025/12/14 8:00,-4.30 ,2.430,0.00 
2025/12/14 9:00,-1.56 ,2.800,0.00 
2025/12/14 10:00,0.12 ,2.860,0.00 
2025/12/14 11:00,1.10 ,2.620,0.00 
2025/12/14 12:00,1.77 ,2.300,0.00 
2025/12/14 13:00,2.48 ,2.040,0.00 
2025/12/14 14:00,3.60 ,1.960,0.00 
2025/12/14 15:00,4.70 ,2.070,0.00 
2025/12/14 16:00,4.38 ,2.180,0.00 
2025/12/14 17:00,3.52 ,2.330,0.00 
2025/12/14 18:00,2.30 ,2.470,0.00 
2025/12/14 19:00,0.87 ,2.550,0.00 
2025/12/14 20:00,-0.60 ,2.530,0.00 
2025/12/14 21:00,-1.97 ,2.460,0.00 
2025/12/14 22:00,-3.20 ,2.370,0.00 
2025/12/14 23:00,-4.28 ,2.270,0.00 
2025/12/15 0:00,-5.20 ,2.180,0.00 
2025/12/15 1:00,-5.94 ,2.100,0.00 
2025/12/15 2:00,-6.50 ,2.040,0.00 
2025/12/15 3:00,-6.87 ,1.990,0.00 
2025/12/15 4:00,-7.08 ,1.970,0.00 
2025/12/15 5:00,-7.17 ,1.960,0.00 
2025/12/15 6:00,-7.20 ,1.950,0.00 
2025/12/15 7:00,-7.20 ,1.940,0.00 
2025/12/15 8:00,-5.30 ,2.280,0.00 
2025/12/15 9:00,-3.54 ,2.650,0.00 
2025/12/15 10:00,-2.90 ,2.790,0.00 
2025/12/15 11:00,-2.97 ,2.780,0.00 
2025/12/15 12:00,-3.34 ,2.700,0.00 
2025/12/15 13:00,-3.58 ,2.670,0.00 
2025/12/15 14:00,-3.30 ,2.770,0.00 
2025/12/15 15:00,-2.27 ,3.050,0.00 
2025/12/15 16:00,-1.07 ,3.420,0.00 
2025/12/15 17:00,-0.50 ,3.580,0.00 
2025/12/15 18:00,-1.21 ,3.370,0.00 
2025/12/15 19:00,-2.73 ,2.880,0.00 
2025/12/15 20:00,-4.20 ,2.400,0.00 
2025/12/15 21:00,-4.89 ,2.040,0.00 
2025/12/15 22:00,-4.77 ,1.780,0.00 
2025/12/15 23:00,-3.97 ,1.580,0.00 
2025/12/16 0:00,-2.62 ,1.390,0.00 
2025/12/16 1:00,-0.85 ,1.240,0.00 
2025/12/16 2:00,1.20 ,1.140,0.00 
2025/12/16 3:00,3.21 ,1.110,0.00 
2025/12/16 4:00,4.10 ,1.100,0.00 
2025/12/16 5:00,2.99 ,1.040,0.00 
2025/12/16 6:00,0.70 ,0.950,0.00 
2025/12/16 7:00,-1.57 ,0.840,0.00 
2025/12/16 8:00,-2.60 ,0.810,0.00 
2025/12/16 9:00,-2.37 ,0.820,0.00 
2025/12/16 10:00,-1.80 ,0.820,0.00 
2025/12/16 11:00,-1.05 ,0.820,-330.59 
2025/12/16 12:00,-0.30 ,0.810,-981.46 
2025/12/16 13:00,0.27 ,0.830,-1755.35 
2025/12/16 14:00,0.50 ,0.850,0.00 
2025/12/16 15:00,-0.04 ,0.890,0.00 
2025/12/16 16:00,-1.34 ,0.900,-512.39 
2025/12/16 17:00,-2.89 ,0.910,0.00 
2025/12/16 18:00,-4.21 ,0.930,0.00 
2025/12/16 19:00,-4.80 ,0.980,0.00 
2025/12/16 20:00,-4.50 ,1.090,0.00 
2025/12/16 21:00,-4.22 ,1.180,0.00 
2025/12/16 22:00,-4.19 ,1.210,0.00 
2025/12/16 23:00,-4.37 ,1.210,0.00 
2025/12/17 0:00,-4.76 ,1.180,0.00 
2025/12/17 1:00,-5.31 ,1.140,0.00 
2025/12/17 2:00,-6.00 ,1.090,0.00 
2025/12/17 3:00,-6.80 ,1.050,0.00 
2025/12/17 4:00,-7.60 ,1.020,0.00 
2025/12/17 5:00,-8.31 ,0.990,0.00 
2025/12/17 6:00,-8.81 ,0.970,0.00 
2025/12/17 7:00,-9.00 ,0.970,0.00 
2025/12/17 8:00,-5.50 ,1.300,0.00 
2025/12/17 9:00,-1.86 ,1.720,0.00 
2025/12/17 10:00,0.01 ,1.910,0.00 
2025/12/17 11:00,0.61 ,1.840,0.00 
2025/12/17 12:00,0.41 ,1.650,0.00 
2025/12/17 13:00,-0.09 ,1.410,0.00 
2025/12/17 14:00,-0.40 ,1.220,0.00 
2025/12/17 15:00,-0.19 ,1.100,0.00 
2025/12/17 16:00,0.25 ,1.030,0.00 
2025/12/17 17:00,0.50 ,0.960,0.00 
2025/12/17 18:00,0.30 ,0.900,0.00 
2025/12/17 19:00,-0.22 ,0.840,0.00 
2025/12/17 20:00,-0.90 ,0.820,0.00 
2025/12/17 21:00,-1.63 ,0.840,0.00 
2025/12/17 22:00,-2.38 ,0.880,0.00 
2025/12/17 23:00,-3.13 ,0.920,0.00 
2025/12/18 0:00,-3.86 ,0.960,0.00 
2025/12/18 1:00,-4.55 ,0.980,0.00 
2025/12/18 2:00,-5.20 ,0.980,0.00 
2025/12/18 3:00,-5.78 ,0.950,0.00 
2025/12/18 4:00,-6.28 ,0.910,0.00 
2025/12/18 5:00,-6.66 ,0.860,0.00 
2025/12/18 6:00,-6.91 ,0.800,0.00 
2025/12/18 7:00,-7.00 ,0.750,0.00 
2025/12/18 8:00,-6.00 ,0.760,0.00 
2025/12/18 9:00,-5.01 ,0.750,0.00 
2025/12/18 10:00,-4.52 ,0.700,0.00 
2025/12/18 11:00,-4.28 ,0.630,-9.02 
2025/12/18 12:00,-4.08 ,0.570,-1526.56 
2025/12/18 13:00,-3.66 ,0.520,-2907.41 
2025/12/18 14:00,-2.80 ,0.500,-4434.26 
2025/12/18 15:00,-1.51 ,0.510,-3881.78 
2025/12/18 16:00,-0.80 ,0.510,-780.34 
2025/12/18 17:00,-1.28 ,0.490,0.00 
2025/12/18 18:00,-2.47 ,0.460,0.00 
2025/12/18 19:00,-3.97 ,0.430,0.00 
2025/12/18 20:00,-5.40 ,0.420,0.00 
2025/12/18 21:00,-6.46 ,0.430,0.00 
2025/12/18 22:00,-7.17 ,0.450,0.00 
2025/12/18 23:00,-7.67 ,0.480,0.00 
2025/12/19 0:00,-8.06 ,0.500,0.00 
2025/12/19 1:00,-8.46 ,0.520,0.00 
2025/12/19 2:00,-9.00 ,0.510,0.00 
2025/12/19 3:00,-9.75 ,0.480,0.00 
2025/12/19 4:00,-10.59 ,0.440,0.00 
2025/12/19 5:00,-11.38 ,0.390,0.00 
2025/12/19 6:00,-11.97 ,0.350,0.00 
2025/12/19 7:00,-12.20 ,0.310,0.00 
2025/12/19 8:00,-9.40 ,0.360,0.00 
2025/12/19 9:00,-6.50 ,0.410,0.00 
2025/12/19 10:00,-5.02 ,0.410,0.00 
2025/12/19 11:00,-4.55 ,0.360,-254.64 
2025/12/19 12:00,-4.69 ,0.310,-2653.23 
2025/12/19 13:00,-5.04 ,0.270,-6543.21 
2025/12/19 14:00,-5.20 ,0.260,-7105.03 
2025/12/19 15:00,-4.93 ,0.280,-4308.78 
2025/12/19 16:00,-4.70 ,0.320,-479.21 
2025/12/19 17:00,-4.79 ,0.370,0.00 
2025/12/19 18:00,-5.02 ,0.420,0.00 
2025/12/19 19:00,-5.34 ,0.470,0.00 
2025/12/19 20:00,-5.70 ,0.500,0.00 
2025/12/19 21:00,-6.05 ,0.530,0.00 
2025/12/19 22:00,-6.40 ,0.540,0.00 
2025/12/19 23:00,-6.75 ,0.560,0.00 
2025/12/20 0:00,-7.11 ,0.570,0.00 
2025/12/20 1:00,-7.49 ,0.580,0.00 
2025/12/20 2:00,-7.90 ,0.600,0.00 
2025/12/20 3:00,-8.34 ,0.630,0.00 
2025/12/20 4:00,-8.77 ,0.650,0.00 
2025/12/20 5:00,-9.14 ,0.680,0.00 
2025/12/20 6:00,-9.40 ,0.710,0.00 
2025/12/20 7:00,-9.50 ,0.730,0.00 
2025/12/20 8:00,-8.70 ,0.790,0.00 
2025/12/20 9:00,-7.65 ,0.850,0.00 
2025/12/20 10:00,-6.76 ,0.880,0.00 
2025/12/20 11:00,-5.97 ,0.890,0.00 
2025/12/20 12:00,-5.24 ,0.870,-61.63 
2025/12/20 13:00,-4.50 ,0.850,-547.81 
2025/12/20 14:00,-3.70 ,0.840,-102.05 
2025/12/20 15:00,-2.89 ,0.830,0.00 
2025/12/20 16:00,-2.50 ,0.810,0.00 
2025/12/20 17:00,-2.70 ,0.750,0.00 
2025/12/20 18:00,-3.21 ,0.700,0.00 
2025/12/20 19:00,-3.92 ,0.640,0.00 
2025/12/20 20:00,-4.70 ,0.600,0.00 
2025/12/20 21:00,-5.45 ,0.560,0.00 
2025/12/20 22:00,-6.15 ,0.530,0.00 
2025/12/20 23:00,-6.81 ,0.510,0.00 
2025/12/21 0:00,-7.41 ,0.490,0.00 
2025/12/21 1:00,-7.98 ,0.470,0.00 
2025/12/21 2:00,-8.50 ,0.460,0.00 
2025/12/21 3:00,-8.98 ,0.450,0.00 
2025/12/21 4:00,-9.39 ,0.440,0.00 
2025/12/21 5:00,-9.71 ,0.430,0.00 
2025/12/21 6:00,-9.92 ,0.420,0.00 
2025/12/21 7:00,-10.00 ,0.410,0.00 
2025/12/21 8:00,-9.40 ,0.410,0.00 
2025/12/21 9:00,-8.28 ,0.420,0.00 
2025/12/21 10:00,-6.96 ,0.420,0.00 
2025/12/21 11:00,-5.55 ,0.420,0.00 
2025/12/21 12:00,-4.16 ,0.420,-3602.96 
2025/12/21 13:00,-2.90 ,0.420,-10279.30 
2025/12/21 14:00,-1.90 ,0.440,-12991.39 
2025/12/21 15:00,-1.40 ,0.480,-10706.64 
2025/12/21 16:00,-1.58 ,0.520,0.00 
2025/12/21 17:00,-2.04 ,0.560,0.00 
2025/12/21 18:00,-2.64 ,0.600,0.00 
2025/12/21 19:00,-3.24 ,0.630,0.00 
2025/12/21 20:00,-3.70 ,0.650,0.00 
2025/12/21 21:00,-3.93 ,0.650,0.00 
2025/12/21 22:00,-4.00 ,0.650,0.00 
2025/12/21 23:00,-3.99 ,0.630,0.00 
2025/12/22 0:00,-4.02 ,0.620,0.00 
2025/12/22 1:00,-4.19 ,0.590,0.00 
2025/12/22 2:00,-4.60 ,0.550,0.00 
2025/12/22 3:00,-5.30 ,0.520,0.00 
2025/12/22 4:00,-6.17 ,0.480,0.00 
2025/12/22 5:00,-7.01 ,0.450,0.00 
2025/12/22 6:00,-7.65 ,0.430,0.00 
2025/12/22 7:00,-7.90 ,0.410,0.00 
2025/12/22 8:00,-4.80 ,0.520,0.00 
2025/12/22 9:00,-1.53 ,0.640,0.00 
2025/12/22 10:00,0.27 ,0.680,0.00 
2025/12/22 11:00,1.04 ,0.650,0.00 
2025/12/22 12:00,1.27 ,0.600,0.00 
2025/12/22 13:00,1.40 ,0.570,-138.83 
2025/12/22 14:00,1.90 ,0.600,-18086.43 
2025/12/22 15:00,2.60 ,0.700,-32332.28 
2025/12/22 16:00,2.15 ,0.780,-14387.40 
2025/12/22 17:00,1.01 ,0.840,0.00 
2025/12/22 18:00,-0.46 ,0.850,0.00 
2025/12/22 19:00,-1.95 ,0.840,0.00 
2025/12/22 20:00,-3.10 ,0.830,0.00 
2025/12/22 21:00,-3.67 ,0.820,0.00 
2025/12/22 22:00,-3.76 ,0.830,0.00 
2025/12/22 23:00,-3.56 ,0.830,0.00 
2025/12/23 0:00,-3.26 ,0.840,0.00 
2025/12/23 1:00,-3.04 ,0.820,0.00 
2025/12/23 2:00,-3.10 ,0.780,0.00 
2025/12/23 3:00,-3.56 ,0.710,0.00 
2025/12/23 4:00,-4.27 ,0.630,0.00 
2025/12/23 5:00,-5.04 ,0.560,0.00 
2025/12/23 6:00,-5.65 ,0.500,0.00 
2025/12/23 7:00,-5.90 ,0.460,0.00 
2025/12/23 8:00,1.30 ,0.790,0.00 
2025/12/23 9:00,8.36 ,1.210,0.00 
2025/12/23 10:00,11.35 ,1.400,-339.75 
2025/12/23 11:00,11.42 ,1.330,0.00 
2025/12/23 12:00,9.75 ,1.130,-2129.68 
2025/12/23 13:00,7.48 ,0.930,-39120.17 
2025/12/23 14:00,5.80 ,0.800,-24209.51 
2025/12/23 15:00,5.51 ,0.770,0.00 
2025/12/23 16:00,6.02 ,0.800,0.00 
2025/12/23 17:00,6.40 ,0.850,0.00 
2025/12/23 18:00,6.18 ,0.920,0.00 
2025/12/23 19:00,5.58 ,1.000,0.00 
2025/12/23 20:00,4.70 ,1.110,0.00 
2025/12/23 21:00,3.63 ,1.240,0.00 
2025/12/23 22:00,2.44 ,1.370,0.00 
2025/12/23 23:00,1.20 ,1.480,0.00 
2025/12/24 0:00,-0.03 ,1.550,0.00 
2025/12/24 1:00,-1.19 ,1.580,0.00 
2025/12/24 2:00,-2.20 ,1.590,0.00 
2025/12/24 3:00,-3.02 ,1.580,0.00 
2025/12/24 4:00,-3.64 ,1.560,0.00 
2025/12/24 5:00,-4.07 ,1.520,0.00 
2025/12/24 6:00,-4.32 ,1.470,0.00 
2025/12/24 7:00,-4.40 ,1.400,0.00 
2025/12/24 8:00,-3.40 ,1.410,0.00 
2025/12/24 9:00,-1.47 ,1.480,0.00 
2025/12/24 10:00,0.82 ,1.530,0.00 
2025/12/24 11:00,3.18 ,1.500,-478.88 
2025/12/24 12:00,5.34 ,1.430,-6647.56 
2025/12/24 13:00,7.01 ,1.350,-7376.10 
2025/12/24 14:00,7.90 ,1.320,0.00 
2025/12/24 15:00,8.00 ,1.410,0.00 
2025/12/24 16:00,7.44 ,1.590,0.00 
2025/12/24 17:00,6.04 ,1.730,0.00 
2025/12/24 18:00,4.23 ,1.810,0.00 
2025/12/24 19:00,2.44 ,1.820,0.00 
2025/12/24 20:00,1.10 ,1.800,0.00 
2025/12/24 21:00,0.51 ,1.800,0.00 
2025/12/24 22:00,0.51 ,1.800,0.00 
2025/12/24 23:00,0.80 ,1.820,0.00 
2025/12/25 0:00,1.11 ,1.820,0.00 
2025/12/25 1:00,1.14 ,1.830,0.00 
2025/12/25 2:00,0.60 ,1.810,0.00 
2025/12/25 3:00,-0.67 ,1.730,0.00 
2025/12/25 4:00,-2.38 ,1.640,0.00 
2025/12/25 5:00,-4.12 ,1.530,0.00 
2025/12/25 6:00,-5.46 ,1.450,0.00 
2025/12/25 7:00,-6.00 ,1.420,0.00 
2025/12/25 8:00,-4.30 ,1.610,0.00 
2025/12/25 9:00,-2.05 ,1.810,0.00 
2025/12/25 10:00,-0.18 ,1.860,0.00 
2025/12/25 11:00,1.35 ,1.770,-145.94 
2025/12/25 12:00,2.58 ,1.600,-1378.40 
2025/12/25 13:00,3.55 ,1.460,-9550.10 
2025/12/25 14:00,4.30 ,1.430,-7778.96 
2025/12/25 15:00,4.70 ,1.600,0.00 
2025/12/25 16:00,4.18 ,1.850,0.00 
2025/12/25 17:00,2.85 ,2.080,0.00 
2025/12/25 18:00,1.08 ,2.220,0.00 
2025/12/25 19:00,-0.79 ,2.240,0.00 
2025/12/25 20:00,-2.40 ,2.200,0.00 
2025/12/25 21:00,-3.48 ,2.170,0.00 
2025/12/25 22:00,-4.10 ,2.160,0.00 
2025/12/25 23:00,-4.42 ,2.160,0.00 
2025/12/26 0:00,-4.59 ,2.160,0.00 
2025/12/26 1:00,-4.76 ,2.150,0.00 
2025/12/26 2:00,-5.10 ,2.120,0.00 
2025/12/26 3:00,-5.70 ,2.050,0.00 
2025/12/26 4:00,-6.46 ,1.960,0.00 
2025/12/26 5:00,-7.21 ,1.870,0.00 
2025/12/26 6:00,-7.77 ,1.800,0.00 
2025/12/26 7:00,-8.00 ,1.750,0.00 
2025/12/26 8:00,-7.10 ,1.840,0.00 
2025/12/26 9:00,-5.57 ,2.000,0.00 
2025/12/26 10:00,-3.91 ,2.140,0.00 
2025/12/26 11:00,-2.23 ,2.260,0.00 
2025/12/26 12:00,-0.67 ,2.360,0.00 
2025/12/26 13:00,0.65 ,2.440,0.00 
2025/12/26 14:00,1.60 ,2.500,0.00 
2025/12/26 15:00,2.00 ,2.580,0.00 
2025/12/26 16:00,1.70 ,2.630,0.00 
2025/12/26 17:00,0.97 ,2.640,0.00 
2025/12/26 18:00,0.01 ,2.630,0.00 
2025/12/26 19:00,-0.96 ,2.540,0.00 
2025/12/26 20:00,-1.70 ,2.470,0.00 
2025/12/26 21:00,-2.06 ,2.420,0.00 
2025/12/26 22:00,-2.13 ,2.390,0.00 
2025/12/26 23:00,-2.03 ,2.370,0.00 
2025/12/27 0:00,-1.92 ,2.350,0.00 
2025/12/27 1:00,-1.93 ,2.340,0.00 
2025/12/27 2:00,-2.20 ,2.330,0.00 
2025/12/27 3:00,-2.82 ,2.320,0.00 
2025/12/27 4:00,-3.65 ,2.290,0.00 
2025/12/27 5:00,-4.49 ,2.250,0.00 
2025/12/27 6:00,-5.14 ,2.200,0.00 
2025/12/27 7:00,-5.40 ,2.170,0.00 
2025/12/27 8:00,-4.00 ,2.350,0.00 
2025/12/27 9:00,-1.71 ,2.590,0.00 
2025/12/27 10:00,0.69 ,2.710,0.00 
2025/12/27 11:00,3.00 ,2.570,0.00 
2025/12/27 12:00,5.03 ,2.230,0.00 
2025/12/27 13:00,6.59 ,1.750,0.00 
2025/12/27 14:00,7.50 ,1.280,0.00 
2025/12/27 15:00,7.70 ,0.990,0.00 
2025/12/27 16:00,7.50 ,0.910,0.00 
2025/12/27 17:00,6.96 ,0.970,0.00 
2025/12/27 18:00,6.21 ,1.110,0.00 
2025/12/27 19:00,5.35 ,1.260,0.00 
2025/12/27 20:00,4.50 ,1.350,0.00 
2025/12/27 21:00,3.75 ,1.370,0.00 
2025/12/27 22:00,3.10 ,1.340,0.00 
2025/12/27 23:00,2.56 ,1.270,0.00 
2025/12/28 0:00,2.12 ,1.170,0.00 
2025/12/28 1:00,1.77 ,1.070,0.00 
2025/12/28 2:00,1.50 ,0.960,0.00 
2025/12/28 3:00,1.31 ,0.870,0.00 
2025/12/28 4:00,1.22 ,0.790,0.00 
2025/12/28 5:00,1.25 ,0.730,0.00 
2025/12/28 6:00,1.41 ,0.690,0.00 
2025/12/28 7:00,1.72 ,0.680,0.00 
2025/12/28 8:00,2.20 ,0.710,0.00 
2025/12/28 9:00,2.85 ,0.770,0.00 
2025/12/28 10:00,3.59 ,0.870,0.00 
2025/12/28 11:00,4.32 ,1.000,0.00 
2025/12/28 12:00,4.92 ,1.140,0.00 
2025/12/28 13:00,5.30 ,1.270,0.00 
2025/12/28 14:00,5.10 ,1.350,0.00 
2025/12/28 15:00,3.41 ,1.280,0.00 
2025/12/28 16:00,0.83 ,1.120,0.00 
2025/12/28 17:00,-1.59 ,0.960,0.00 
2025/12/28 18:00,-2.80 ,0.910,0.00 
2025/12/28 19:00,-2.21 ,1.020,0.00 
2025/12/28 20:00,-1.00 ,1.200,0.00 
2025/12/28 21:00,-0.49 ,1.350,0.00 
2025/12/28 22:00,-0.78 ,1.430,0.00 
2025/12/28 23:00,-1.64 ,1.440,0.00 
2025/12/29 0:00,-2.85 ,1.430,0.00 
2025/12/29 1:00,-4.21 ,1.380,0.00 
2025/12/29 2:00,-5.50 ,1.330,0.00 
2025/12/29 3:00,-6.53 ,1.300,0.00 
2025/12/29 4:00,-7.30 ,1.280,0.00 
2025/12/29 5:00,-7.81 ,1.280,0.00 
2025/12/29 6:00,-8.11 ,1.270,0.00 
2025/12/29 7:00,-8.20 ,1.260,0.00 
2025/12/29 8:00,-6.20 ,1.450,0.00 
2025/12/29 9:00,-3.76 ,1.670,0.00 
2025/12/29 10:00,-1.95 ,1.760,0.00 
2025/12/29 11:00,-0.60 ,1.740,0.00 
2025/12/29 12:00,0.45 ,1.670,0.00 
2025/12/29 13:00,1.36 ,1.580,0.00 
2025/12/29 14:00,2.30 ,1.570,0.00 
2025/12/29 15:00,3.00 ,1.660,0.00 
2025/12/29 16:00,2.68 ,1.740,0.00 
2025/12/29 17:00,1.82 ,1.820,0.00 
2025/12/29 18:00,0.55 ,1.870,0.00 
2025/12/29 19:00,-1.01 ,1.840,0.00 
2025/12/29 20:00,-2.70 ,1.770,0.00 
2025/12/29 21:00,-4.28 ,1.680,0.00 
2025/12/29 22:00,-5.00 ,1.680,0.00 
2025/12/29 23:00,-4.65 ,1.800,0.00 
2025/12/30 0:00,-3.81 ,1.950,0.00 
2025/12/30 1:00,-2.78 ,2.100,0.00 
2025/12/30 2:00,-1.90 ,2.180,0.00 
2025/12/30 3:00,-1.39 ,2.100,0.00 
2025/12/30 4:00,-1.16 ,1.910,0.00 
2025/12/30 5:00,-1.07 ,1.670,0.00 
2025/12/30 6:00,-0.93 ,1.410,0.00 
2025/12/30 7:00,-0.60 ,1.180,0.00 
2025/12/30 8:00,0.10 ,1.030,0.00 
2025/12/30 9:00,1.25 ,0.930,0.00 
2025/12/30 10:00,2.64 ,0.890,0.00 
2025/12/30 11:00,3.98 ,0.920,-4795.64 
2025/12/30 12:00,5.00 ,0.990,-2456.15 
2025/12/30 13:00,5.40 ,1.090,0.00 
2025/12/30 14:00,4.90 ,1.180,0.00 
2025/12/30 15:00,4.07 ,1.280,0.00 
2025/12/30 16:00,3.15 ,1.390,0.00 
2025/12/30 17:00,2.19 ,1.500,0.00 
2025/12/30 18:00,1.20 ,1.590,0.00 
2025/12/30 19:00,0.23 ,1.670,0.00 
2025/12/30 20:00,-0.70 ,1.700,0.00 
2025/12/30 21:00,-1.56 ,1.720,0.00 
2025/12/30 22:00,-2.36 ,1.720,0.00 
2025/12/30 23:00,-3.11 ,1.710,0.00 
2025/12/31 0:00,-3.84 ,1.670,0.00 
2025/12/31 1:00,-4.57 ,1.620,0.00 
2025/12/31 2:00,-5.30 ,1.550,0.00 
2025/12/31 3:00,-6.05 ,1.460,0.00 
2025/12/31 4:00,-6.75 ,1.370,0.00 
2025/12/31 5:00,-7.34 ,1.270,0.00 
2025/12/31 6:00,-7.75 ,1.180,0.00 
2025/12/31 7:00,-7.90 ,1.110,0.00 
2025/12/31 8:00,-6.10 ,1.200,0.00 
2025/12/31 9:00,-3.91 ,1.310,0.00 
2025/12/31 10:00,-2.30 ,1.330,0.00 
2025/12/31 11:00,-1.15 ,1.280,0.00 
2025/12/31 12:00,-0.31 ,1.200,0.00 
2025/12/31 13:00,0.33 ,1.140,0.00 
2025/12/31 14:00,0.90 ,1.120,-615.97 
2025/12/31 15:00,1.30 ,1.190,0.00 
2025/12/31 16:00,0.94 ,1.270,0.00 
2025/12/31 17:00,0.03 ,1.350,0.00 
2025/12/31 18:00,-1.20 ,1.390,0.00 
2025/12/31 19:00,-2.49 ,1.440,0.00 
2025/12/31 20:00,-3.60 ,1.490,0.00 
2025/12/31 21:00,-4.34 ,1.560,0.00 
2025/12/31 22:00,-4.77 ,1.650,0.00 
2025/12/31 23:00,-4.98 ,1.740,0.00 
